tn,fp,fn,tp,accuracy,precision,recall,f1,fpr,specificity,balanced_accuracy,average_precision,roc_auc,predicted_malicious_fraction,n,source,target,model,seed,operating_point,threshold,fit_seconds,inference_seconds
0,1556,0,1517,0.4936544093719492,0.4936544093719492,1.0,0.6610021786492375,1.0,0.0,0.5,0.4936544093719492,0.5,1.0,3073,iscx,iscx,always_malicious,11,default,0.5000000000000001,2.600019797682762e-06,5.449983291327953e-05
0,1556,0,1517,0.4936544093719492,0.4936544093719492,1.0,0.6610021786492375,1.0,0.0,0.5,0.4936544093719492,0.5,1.0,3073,iscx,iscx,always_malicious,11,validation_f1,1.0,2.600019797682762e-06,5.449983291327953e-05
1556,0,1517,0,0.5063455906280507,0.0,0.0,0.0,0.0,1.0,0.5,0.4936544093719492,0.5,0.0,3073,iscx,iscx,always_malicious,11,validation_fpr_limit,1.0000000000000002,2.600019797682762e-06,5.449983291327953e-05
0,5600,0,6129,0.5225509421093018,0.5225509421093018,1.0,0.6864150520775003,1.0,0.0,0.5,0.5225509421093018,0.5,1.0,11729,iscx,mendeley,always_malicious,11,default,0.5000000000000001,2.600019797682762e-06,5.440018139779568e-05
0,5600,0,6129,0.5225509421093018,0.5225509421093018,1.0,0.6864150520775003,1.0,0.0,0.5,0.5225509421093018,0.5,1.0,11729,iscx,mendeley,always_malicious,11,validation_f1,1.0,2.600019797682762e-06,5.440018139779568e-05
5600,0,6129,0,0.47744905789069825,0.0,0.0,0.0,0.0,1.0,0.5,0.5225509421093018,0.5,0.0,11729,iscx,mendeley,always_malicious,11,validation_fpr_limit,1.0000000000000002,2.600019797682762e-06,5.440018139779568e-05
1385,171,239,1278,0.8665798893589326,0.8819875776397516,0.8424522083058669,0.8617666891436278,0.10989717223650386,0.8901028277634961,0.8662775180346816,0.9130877806459082,0.929588909242806,0.4715261958997722,3073,iscx,iscx,logistic,11,default,5e-324,0.024150599958375096,0.00045779999345541
1385,171,239,1278,0.8665798893589326,0.8819875776397516,0.8424522083058669,0.8617666891436278,0.10989717223650386,0.8901028277634961,0.8662775180346816,0.9130877806459082,0.929588909242806,0.4715261958997722,3073,iscx,iscx,logistic,11,validation_f1,0.011455059051513672,0.024150599958375096,0.00045779999345541
1549,7,1369,148,0.5522290920924179,0.9548387096774194,0.0975609756097561,0.17703349282296652,0.004498714652956298,0.9955012853470437,0.5465311304784,0.9130877806459082,0.929588909242806,0.050439310120403515,3073,iscx,iscx,logistic,11,validation_fpr_limit,4.028162956237793,0.024150599958375096,0.00045779999345541
2007,3593,2189,3940,0.5070338477278541,0.5230319925660427,0.6428454886604666,0.5767823159127506,0.6416071428571428,0.3583928571428571,0.5006191729016619,0.631953225176032,0.5599804646528215,0.6422542416233268,11729,iscx,mendeley,logistic,11,default,5e-324,0.024150599958375096,0.0005852999165654182
2007,3593,2189,3940,0.5070338477278541,0.5230319925660427,0.6428454886604666,0.5767823159127506,0.6416071428571428,0.3583928571428571,0.5006191729016619,0.631953225176032,0.5599804646528215,0.6422542416233268,11729,iscx,mendeley,logistic,11,validation_f1,0.011455059051513672,0.024150599958375096,0.0005852999165654182
5600,0,5961,168,0.49177252962741924,1.0,0.02741067058247675,0.0533587422582182,0.0,1.0,0.5137053352912384,0.631953225176032,0.5599804646528215,0.014323471736720947,11729,iscx,mendeley,logistic,11,validation_fpr_limit,4.028162956237793,0.024150599958375096,0.0005852999165654182
1404,152,227,1290,0.8766677513830133,0.8945908460471568,0.8503625576796309,0.871916187901318,0.09768637532133675,0.9023136246786633,0.8763380911791471,0.9499762629437924,0.9483145600927281,0.46924829157175396,3073,iscx,iscx,random_forest,11,default,0.5000000000000001,0.9337637000717223,0.08881580014713109
1268,288,128,1389,0.864627399934917,0.8282647584973166,0.9156229400131839,0.8697557921102066,0.18508997429305912,0.8149100257069408,0.8652664828600624,0.9499762629437924,0.9483145600927281,0.5457207940123657,3073,iscx,iscx,random_forest,11,validation_f1,0.3249707025681051,0.9337637000717223,0.08881580014713109
1545,11,476,1041,0.8415229417507322,0.9895437262357415,0.6862228081740277,0.8104320747372519,0.007069408740359897,0.9929305912596401,0.8395766997168339,0.9499762629437924,0.9483145600927281,0.3423364790107387,3073,iscx,iscx,random_forest,11,validation_fpr_limit,0.8862338476474502,0.9337637000717223,0.08881580014713109
2959,2641,2078,4051,0.5976639099667491,0.6053496712492529,0.6609561102953173,0.6319319865845098,0.47160714285714284,0.5283928571428571,0.5946744837190872,0.5354547444437536,0.5323734062886045,0.5705516241793844,11729,iscx,mendeley,random_forest,11,default,0.5000000000000001,0.9337637000717223,0.1682017999701202
1771,3829,1552,4577,0.5412226106232415,0.5444920295027361,0.7467776146190244,0.6297901616787066,0.68375,0.31625,0.5315138073095121,0.5354547444437536,0.5323734062886045,0.7166851393980731,11729,iscx,mendeley,random_forest,11,validation_f1,0.3249707025681051,0.9337637000717223,0.1682017999701202
3243,2357,3147,2982,0.5307357831017137,0.5585315602172691,0.4865394028389623,0.5200558074642484,0.4208928571428571,0.5791071428571428,0.5328232728480525,0.5354547444437536,0.5323734062886045,0.4551965214425782,11729,iscx,mendeley,random_forest,11,validation_fpr_limit,0.8862338476474502,0.9337637000717223,0.1682017999701202
1271,285,164,1353,0.8538887081028311,0.826007326007326,0.8918918918918919,0.8576862123613312,0.18316195372750643,0.8168380462724936,0.8543649690821927,0.9452480886957709,0.94160143904642,0.5330296127562643,3073,iscx,iscx,mlp,11,default,5e-324,8.483114400180057,0.1004381999373436
1277,279,166,1351,0.8551903677188415,0.8288343558282208,0.8905735003295979,0.8585954877661265,0.17930591259640102,0.820694087403599,0.8556337938665984,0.9452480886957709,0.94160143904642,0.5304262935242434,3073,iscx,iscx,mlp,11,validation_f1,0.15732547640800476,8.483114400180057,0.1004381999373436
1539,17,627,890,0.7904328018223234,0.9812568908489526,0.5866842452208306,0.7343234323432343,0.010925449871465296,0.9890745501285347,0.7878793976746827,0.9452480886957709,0.94160143904642,0.2951513179303612,3073,iscx,iscx,mlp,11,validation_fpr_limit,2.4403438568115234,8.483114400180057,0.1004381999373436
1788,3812,1936,4193,0.5099326455793333,0.5237976264834479,0.6841246532876489,0.5933210697608603,0.6807142857142857,0.3192857142857143,0.5017051837866816,0.5900878945753407,0.5225149902104749,0.6824963765026857,11729,iscx,mendeley,mlp,11,default,5e-324,8.483114400180057,0.16079650004394352
1790,3810,1982,4147,0.5061812601244778,0.521176322734699,0.6766193506281613,0.588811585971887,0.6803571428571429,0.3196428571428571,0.4981311038855092,0.5900878945753407,0.5225149902104749,0.6784039560064796,11729,iscx,mendeley,mlp,11,validation_f1,0.15732547640800476,8.483114400180057,0.16079650004394352
3650,1950,3930,2199,0.4986784892147668,0.5300072306579898,0.3587860988742046,0.42790426152948047,0.3482142857142857,0.6517857142857143,0.5052859065799594,0.5900878945753407,0.5225149902104749,0.35373859664080487,11729,iscx,mendeley,mlp,11,validation_fpr_limit,2.4403438568115234,8.483114400180057,0.16079650004394352
1105,451,82,1435,0.8265538561666125,0.7608695652173914,0.9459459459459459,0.8433734939759037,0.2898457583547558,0.7101542416452442,0.828050093795595,0.9443973353817056,0.9411197516407874,0.6137325089489098,3073,iscx,iscx,dqn,11,default,5e-324,5.405058899894357,0.00313179986551404
1409,147,244,1273,0.8727627725349821,0.8964788732394366,0.8391562294001318,0.8668709567585972,0.09447300771208227,0.9055269922879178,0.8723416108440247,0.9443973353817056,0.9411197516407874,0.46208916368369674,3073,iscx,iscx,dqn,11,validation_f1,0.7271947860717773,5.405058899894357,0.00313179986551404
1539,17,648,869,0.7835990888382688,0.9808126410835214,0.5728411338167436,0.7232625884311278,0.010925449871465296,0.9890745501285347,0.7809578419726392,0.9443973353817056,0.9411197516407874,0.28831760494630654,3073,iscx,iscx,dqn,11,validation_fpr_limit,1.6321940422058105,5.405058899894357,0.00313179986551404
1680,3920,1483,4646,0.5393469178958138,0.5423768386644875,0.7580355686082558,0.6323239197005784,0.7,0.3,0.5290177843041279,0.5905390487606931,0.5276881861408294,0.730326541052093,11729,iscx,mendeley,dqn,11,default,5e-324,5.405058899894357,0.01112410007044673
1989,3611,2324,3805,0.4939892573961975,0.5130798274002157,0.6208190569424049,0.5618309339239572,0.6448214285714285,0.35517857142857145,0.4879988141854882,0.5905390487606931,0.5276881861408294,0.6322789666638247,11729,iscx,mendeley,dqn,11,validation_f1,0.7271947860717773,5.405058899894357,0.01112410007044673
4337,1263,4049,2080,0.5471054650865377,0.6221956326652707,0.3393702072116169,0.4391891891891892,0.22553571428571428,0.7744642857142857,0.5569172464629513,0.5905390487606931,0.5276881861408294,0.28502003580867935,11729,iscx,mendeley,dqn,11,validation_fpr_limit,1.6321940422058105,5.405058899894357,0.01112410007044673
1116,440,86,1431,0.8288317604946307,0.7648316408337787,0.9433091628213579,0.8447461629279811,0.2827763496143959,0.7172236503856041,0.830266406603481,0.944345183015561,0.9410115096600142,0.6088512853888708,3073,iscx,iscx,ddqn,11,default,5e-324,5.215822300175205,0.003087199991568923
1409,147,246,1271,0.8721119427269769,0.8963328631875882,0.8378378378378378,0.8660988074957411,0.09447300771208227,0.9055269922879178,0.8716824150628778,0.944345183015561,0.9410115096600142,0.4614383338756915,3073,iscx,iscx,ddqn,11,validation_f1,0.6394596099853516,5.215822300175205,0.003087199991568923
1539,17,637,880,0.7871786527822975,0.9810479375696767,0.5800922874093606,0.7290803645401823,0.010925449871465296,0.9890745501285347,0.7845834187689477,0.944345183015561,0.9410115096600142,0.2918971688903352,3073,iscx,iscx,ddqn,11,validation_fpr_limit,1.5079927444458008,5.215822300175205,0.003087199991568923
1711,3889,1562,4567,0.5352544973996078,0.5400898770104068,0.7451460270843531,0.6262598560164553,0.6944642857142858,0.3055357142857143,0.5253408706850337,0.5897561665784473,0.5272333519800481,0.7209480774149544,11729,iscx,mendeley,ddqn,11,default,5e-324,5.215822300175205,0.0067523999605327845
1989,3611,2326,3803,0.4938187398755222,0.5129484758564877,0.6204927394354707,0.5616185483275493,0.6448214285714285,0.35517857142857145,0.48783565543202106,0.5897561665784473,0.5272333519800481,0.6321084491431495,11729,iscx,mendeley,ddqn,11,validation_f1,0.6394596099853516,5.215822300175205,0.0067523999605327845
4337,1263,4036,2093,0.5482138289709267,0.6236591179976162,0.3414912710066895,0.44132841328413286,0.22553571428571428,0.7744642857142857,0.5579777783604876,0.5897561665784473,0.5272333519800481,0.28612839969306847,11729,iscx,mendeley,ddqn,11,validation_fpr_limit,1.5079927444458008,5.215822300175205,0.0067523999605327845
0,1556,0,1517,0.4936544093719492,0.4936544093719492,1.0,0.6610021786492375,1.0,0.0,0.5,0.4936544093719492,0.5,1.0,3073,iscx,iscx,always_malicious,23,default,0.5000000000000001,7.309997454285622e-05,3.2400013878941536e-05
0,1556,0,1517,0.4936544093719492,0.4936544093719492,1.0,0.6610021786492375,1.0,0.0,0.5,0.4936544093719492,0.5,1.0,3073,iscx,iscx,always_malicious,23,validation_f1,1.0,7.309997454285622e-05,3.2400013878941536e-05
1556,0,1517,0,0.5063455906280507,0.0,0.0,0.0,0.0,1.0,0.5,0.4936544093719492,0.5,0.0,3073,iscx,iscx,always_malicious,23,validation_fpr_limit,1.0000000000000002,7.309997454285622e-05,3.2400013878941536e-05
0,5600,0,6129,0.5225509421093018,0.5225509421093018,1.0,0.6864150520775003,1.0,0.0,0.5,0.5225509421093018,0.5,1.0,11729,iscx,mendeley,always_malicious,23,default,0.5000000000000001,7.309997454285622e-05,4.3800100684165955e-05
0,5600,0,6129,0.5225509421093018,0.5225509421093018,1.0,0.6864150520775003,1.0,0.0,0.5,0.5225509421093018,0.5,1.0,11729,iscx,mendeley,always_malicious,23,validation_f1,1.0,7.309997454285622e-05,4.3800100684165955e-05
5600,0,6129,0,0.47744905789069825,0.0,0.0,0.0,0.0,1.0,0.5,0.5225509421093018,0.5,0.0,11729,iscx,mendeley,always_malicious,23,validation_fpr_limit,1.0000000000000002,7.309997454285622e-05,4.3800100684165955e-05
1385,171,239,1278,0.8665798893589326,0.8819875776397516,0.8424522083058669,0.8617666891436278,0.10989717223650386,0.8901028277634961,0.8662775180346816,0.9130877806459082,0.929588909242806,0.4715261958997722,3073,iscx,iscx,logistic,23,default,5e-324,0.013947299914434552,0.00037659984081983566
1385,171,239,1278,0.8665798893589326,0.8819875776397516,0.8424522083058669,0.8617666891436278,0.10989717223650386,0.8901028277634961,0.8662775180346816,0.9130877806459082,0.929588909242806,0.4715261958997722,3073,iscx,iscx,logistic,23,validation_f1,0.011455059051513672,0.013947299914434552,0.00037659984081983566
1549,7,1369,148,0.5522290920924179,0.9548387096774194,0.0975609756097561,0.17703349282296652,0.004498714652956298,0.9955012853470437,0.5465311304784,0.9130877806459082,0.929588909242806,0.050439310120403515,3073,iscx,iscx,logistic,23,validation_fpr_limit,4.028162956237793,0.013947299914434552,0.00037659984081983566
2007,3593,2189,3940,0.5070338477278541,0.5230319925660427,0.6428454886604666,0.5767823159127506,0.6416071428571428,0.3583928571428571,0.5006191729016619,0.631953225176032,0.5599804646528215,0.6422542416233268,11729,iscx,mendeley,logistic,23,default,5e-324,0.013947299914434552,0.0005616999696940184
2007,3593,2189,3940,0.5070338477278541,0.5230319925660427,0.6428454886604666,0.5767823159127506,0.6416071428571428,0.3583928571428571,0.5006191729016619,0.631953225176032,0.5599804646528215,0.6422542416233268,11729,iscx,mendeley,logistic,23,validation_f1,0.011455059051513672,0.013947299914434552,0.0005616999696940184
5600,0,5961,168,0.49177252962741924,1.0,0.02741067058247675,0.0533587422582182,0.0,1.0,0.5137053352912384,0.631953225176032,0.5599804646528215,0.014323471736720947,11729,iscx,mendeley,logistic,23,validation_fpr_limit,4.028162956237793,0.013947299914434552,0.0005616999696940184
1404,152,227,1290,0.8766677513830133,0.8945908460471568,0.8503625576796309,0.871916187901318,0.09768637532133675,0.9023136246786633,0.8763380911791471,0.9497604906440653,0.948013558420167,0.46924829157175396,3073,iscx,iscx,random_forest,23,default,0.5000000000000001,0.7329678998794407,0.12317869998514652
1362,194,198,1319,0.8724373576309795,0.8717779246530073,0.8694792353328938,0.8706270627062707,0.12467866323907455,0.8753213367609255,0.8724002860469097,0.9497604906440653,0.948013558420167,0.49235274975593885,3073,iscx,iscx,random_forest,23,validation_f1,0.49745366524659446,0.7329678998794407,0.12317869998514652
1546,10,474,1043,0.84249918646274,0.9905033238366572,0.6875411997363217,0.8116731517509728,0.006426735218508998,0.993573264781491,0.8405572322589063,0.9497604906440653,0.948013558420167,0.3426618939147413,3073,iscx,iscx,random_forest,23,validation_fpr_limit,0.8937996046382437,0.7329678998794407,0.12317869998514652
2959,2641,2078,4051,0.5976639099667491,0.6053496712492529,0.6609561102953173,0.6319319865845098,0.47160714285714284,0.5283928571428571,0.5946744837190872,0.5367942938985449,0.5336877957252407,0.5705516241793844,11729,iscx,mendeley,random_forest,23,default,0.5000000000000001,0.7329678998794407,0.210783600108698
2936,2664,2006,4123,0.6018415892232927,0.6074848975983498,0.6727035405449502,0.6384329513781356,0.4757142857142857,0.5242857142857142,0.5984946274153322,0.5367942938985449,0.5336877957252407,0.5786512064114587,11729,iscx,mendeley,random_forest,23,validation_f1,0.49745366524659446,0.7329678998794407,0.210783600108698
3240,2360,3127,3002,0.5321851820274534,0.5598657217456173,0.4898025779083048,0.5224958663301714,0.42142857142857143,0.5785714285714286,0.5341870032398667,0.5367942938985449,0.5336877957252407,0.4571574729303436,11729,iscx,mendeley,random_forest,23,validation_fpr_limit,0.8937996046382437,0.7329678998794407,0.210783600108698
1270,286,167,1350,0.8525870484868207,0.8251833740831296,0.8899143045484509,0.8563273073263559,0.18380462724935734,0.8161953727506427,0.8530548386495468,0.9451232938335357,0.9414196941941629,0.532378782948259,3073,iscx,iscx,mlp,23,default,5e-324,3.7997139000799507,0.005671099992468953
1269,287,162,1355,0.8538887081028311,0.8252131546894031,0.8932102834541858,0.857866413421969,0.18444730077120822,0.8155526992287918,0.8543814913414889,0.9451232938335357,0.9414196941941629,0.5343312723722746,3073,iscx,iscx,mlp,23,validation_f1,-0.23098278045654297,3.7997139000799507,0.005671099992468953
1539,17,624,893,0.7914090465343313,0.9813186813186813,0.5886618325642716,0.7358879274824887,0.010925449871465296,0.9890745501285347,0.7888681913464032,0.9451232938335357,0.9414196941941629,0.296127562642369,3073,iscx,iscx,mlp,23,validation_fpr_limit,2.2620649337768555,3.7997139000799507,0.005671099992468953
1790,3810,2009,4120,0.5038792735953619,0.519546027742749,0.6722140642845489,0.5861014296891671,0.6803571428571429,0.3196428571428571,0.495928460713703,0.5937432681395872,0.5287808399179544,0.6761019694773638,11729,iscx,mendeley,mlp,23,default,5e-324,3.7997139000799507,0.009360999800264835
1768,3832,1935,4194,0.5083127291329184,0.5225517069524047,0.684287812041116,0.5925821264570823,0.6842857142857143,0.3157142857142857,0.5000010488777009,0.5937432681395872,0.5287808399179544,0.6842868104697758,11729,iscx,mendeley,mlp,23,validation_f1,-0.23098278045654297,3.7997139000799507,0.009360999800264835
4337,1263,3999,2130,0.5513684031034188,0.627763041556145,0.3475281448849731,0.4473850031505986,0.22553571428571428,0.7744642857142857,0.5609962152996294,0.5937432681395872,0.5287808399179544,0.28928297382556056,11729,iscx,mendeley,mlp,23,validation_fpr_limit,2.2620649337768555,3.7997139000799507,0.009360999800264835
1168,388,95,1422,0.8428246013667426,0.7856353591160221,0.9373764007910349,0.8548241659152389,0.2493573264781491,0.7506426735218509,0.8440095371564429,0.9436076794718624,0.9401733227364929,0.589000976244712,3073,iscx,iscx,dqn,23,default,5e-324,5.420614899834618,0.0021309000439941883
1266,290,165,1352,0.8519362186788155,0.8233861144945189,0.8912326961107448,0.8559670781893004,0.18637532133676094,0.8136246786632391,0.852428687386992,0.9436076794718624,0.9401733227364929,0.5343312723722746,3073,iscx,iscx,dqn,23,validation_f1,0.2486586570739746,5.420614899834618,0.0021309000439941883
1539,17,632,885,0.7888057273023105,0.9811529933481153,0.5833882663150955,0.7317073170731707,0.010925449871465296,0.9890745501285347,0.7862314082218151,0.9436076794718624,0.9401733227364929,0.2935242434103482,3073,iscx,iscx,dqn,23,validation_fpr_limit,1.411149501800537,5.420614899834618,0.0021309000439941883
1732,3868,1760,4369,0.5201636968198482,0.5304115576059245,0.7128405938978626,0.6082416817485731,0.6907142857142857,0.3092857142857143,0.5110631540917885,0.5859527851313266,0.5242999761088968,0.7022764089010146,11729,iscx,mendeley,dqn,23,default,5e-324,5.420614899834618,0.015903200022876263
1768,3832,1952,4177,0.5068633302071788,0.5215382694468723,0.6815141132321749,0.5908898005375584,0.6842857142857143,0.3157142857142857,0.4986141994732303,0.5859527851313266,0.5242999761088968,0.6828374115440361,11729,iscx,mendeley,dqn,23,validation_f1,0.2486586570739746,5.420614899834618,0.015903200022876263
4330,1270,4026,2103,0.5484696052519397,0.6234805810850874,0.34312285854136076,0.44264365396758576,0.22678571428571428,0.7732142857142857,0.5581685721278232,0.5859527851313266,0.5242999761088968,0.28757779861880806,11729,iscx,mendeley,dqn,23,validation_fpr_limit,1.411149501800537,5.420614899834618,0.015903200022876263
1168,388,95,1422,0.8428246013667426,0.7856353591160221,0.9373764007910349,0.8548241659152389,0.2493573264781491,0.7506426735218509,0.8440095371564429,0.9436094734765699,0.9402222540428697,0.589000976244712,3073,iscx,iscx,ddqn,23,default,5e-324,5.49721539998427,0.0033227000385522842
1263,293,164,1353,0.8512853888708103,0.8219927095990279,0.8918918918918919,0.8555169143218464,0.18830334190231363,0.8116966580976864,0.8517942749947891,0.9436094734765699,0.9402222540428697,0.5356329319882851,3073,iscx,iscx,ddqn,23,validation_f1,0.16943120956420898,5.49721539998427,0.0033227000385522842
1539,17,630,887,0.7894565571103157,0.9811946902654868,0.5847066578773896,0.7327550598926064,0.010925449871465296,0.9890745501285347,0.7868906040029622,0.9436094734765699,0.9402222540428697,0.2941750732183534,3073,iscx,iscx,ddqn,23,validation_fpr_limit,1.3627796173095703,5.49721539998427,0.0033227000385522842
1733,3867,1765,4364,0.5198226617784978,0.530190742315636,0.712024800130527,0.6077994428969359,0.6905357142857143,0.3094642857142857,0.5107445429224063,0.588194670060241,0.5253508641586835,0.7017648563389889,11729,iscx,mendeley,ddqn,23,default,5e-324,5.49721539998427,0.014667400158941746
1768,3832,1948,4181,0.5072043652485293,0.5217771121926869,0.6821667482460434,0.5912883609107623,0.6842857142857143,0.3157142857142857,0.49894051698016456,0.588194670060241,0.5253508641586835,0.6831784465853866,11729,iscx,mendeley,ddqn,23,validation_f1,0.16943120956420898,5.49721539998427,0.014667400158941746
4330,1270,4010,2119,0.5498337454173416,0.6252581882561228,0.3457333985968347,0.4452616095818449,0.22678571428571428,0.7732142857142857,0.5594738421555603,0.588194670060241,0.5253508641586835,0.2889419387842101,11729,iscx,mendeley,ddqn,23,validation_fpr_limit,1.3627796173095703,5.49721539998427,0.014667400158941746
0,1556,0,1517,0.4936544093719492,0.4936544093719492,1.0,0.6610021786492375,1.0,0.0,0.5,0.4936544093719492,0.5,1.0,3073,iscx,iscx,always_malicious,37,default,0.5000000000000001,8.890009485185146e-05,5.5999960750341415e-05
0,1556,0,1517,0.4936544093719492,0.4936544093719492,1.0,0.6610021786492375,1.0,0.0,0.5,0.4936544093719492,0.5,1.0,3073,iscx,iscx,always_malicious,37,validation_f1,1.0,8.890009485185146e-05,5.5999960750341415e-05
1556,0,1517,0,0.5063455906280507,0.0,0.0,0.0,0.0,1.0,0.5,0.4936544093719492,0.5,0.0,3073,iscx,iscx,always_malicious,37,validation_fpr_limit,1.0000000000000002,8.890009485185146e-05,5.5999960750341415e-05
0,5600,0,6129,0.5225509421093018,0.5225509421093018,1.0,0.6864150520775003,1.0,0.0,0.5,0.5225509421093018,0.5,1.0,11729,iscx,mendeley,always_malicious,37,default,0.5000000000000001,8.890009485185146e-05,7.609999738633633e-05
0,5600,0,6129,0.5225509421093018,0.5225509421093018,1.0,0.6864150520775003,1.0,0.0,0.5,0.5225509421093018,0.5,1.0,11729,iscx,mendeley,always_malicious,37,validation_f1,1.0,8.890009485185146e-05,7.609999738633633e-05
5600,0,6129,0,0.47744905789069825,0.0,0.0,0.0,0.0,1.0,0.5,0.5225509421093018,0.5,0.0,11729,iscx,mendeley,always_malicious,37,validation_fpr_limit,1.0000000000000002,8.890009485185146e-05,7.609999738633633e-05
1385,171,239,1278,0.8665798893589326,0.8819875776397516,0.8424522083058669,0.8617666891436278,0.10989717223650386,0.8901028277634961,0.8662775180346816,0.9130877806459082,0.929588909242806,0.4715261958997722,3073,iscx,iscx,logistic,37,default,5e-324,0.019177100155502558,0.00048210006207227707
1385,171,239,1278,0.8665798893589326,0.8819875776397516,0.8424522083058669,0.8617666891436278,0.10989717223650386,0.8901028277634961,0.8662775180346816,0.9130877806459082,0.929588909242806,0.4715261958997722,3073,iscx,iscx,logistic,37,validation_f1,0.011455059051513672,0.019177100155502558,0.00048210006207227707
1549,7,1369,148,0.5522290920924179,0.9548387096774194,0.0975609756097561,0.17703349282296652,0.004498714652956298,0.9955012853470437,0.5465311304784,0.9130877806459082,0.929588909242806,0.050439310120403515,3073,iscx,iscx,logistic,37,validation_fpr_limit,4.028162956237793,0.019177100155502558,0.00048210006207227707
2007,3593,2189,3940,0.5070338477278541,0.5230319925660427,0.6428454886604666,0.5767823159127506,0.6416071428571428,0.3583928571428571,0.5006191729016619,0.631953225176032,0.5599804646528215,0.6422542416233268,11729,iscx,mendeley,logistic,37,default,5e-324,0.019177100155502558,0.0008469999302178621
2007,3593,2189,3940,0.5070338477278541,0.5230319925660427,0.6428454886604666,0.5767823159127506,0.6416071428571428,0.3583928571428571,0.5006191729016619,0.631953225176032,0.5599804646528215,0.6422542416233268,11729,iscx,mendeley,logistic,37,validation_f1,0.011455059051513672,0.019177100155502558,0.0008469999302178621
5600,0,5961,168,0.49177252962741924,1.0,0.02741067058247675,0.0533587422582182,0.0,1.0,0.5137053352912384,0.631953225176032,0.5599804646528215,0.014323471736720947,11729,iscx,mendeley,logistic,37,validation_fpr_limit,4.028162956237793,0.019177100155502558,0.0008469999302178621
1362,194,198,1319,0.8724373576309795,0.8717779246530073,0.8694792353328938,0.8706270627062707,0.12467866323907455,0.8753213367609255,0.8724002860469097,0.9497117169307476,0.9479936469794767,0.49235274975593885,3073,iscx,iscx,random_forest,37,default,0.5000000000000001,1.0250452999025583,0.10042400006204844
1362,194,198,1319,0.8724373576309795,0.8717779246530073,0.8694792353328938,0.8706270627062707,0.12467866323907455,0.8753213367609255,0.8724002860469097,0.9497117169307476,0.9479936469794767,0.49235274975593885,3073,iscx,iscx,random_forest,37,validation_f1,0.5005458425380465,1.0250452999025583,0.10042400006204844
1545,11,476,1041,0.8415229417507322,0.9895437262357415,0.6862228081740277,0.8104320747372519,0.007069408740359897,0.9929305912596401,0.8395766997168339,0.9497117169307476,0.9479936469794767,0.3423364790107387,3073,iscx,iscx,random_forest,37,validation_fpr_limit,0.8941481365856369,1.0250452999025583,0.10042400006204844
2936,2664,2004,4125,0.602012106743968,0.6076005302695537,0.6730298580518845,0.6386437529029262,0.4757142857142857,0.5242857142857142,0.5986577861687994,0.5368144570978507,0.5337117450994102,0.578821723932134,11729,iscx,mendeley,random_forest,37,default,0.5000000000000001,1.0250452999025583,0.1753491999115795
2936,2664,2004,4125,0.602012106743968,0.6076005302695537,0.6730298580518845,0.6386437529029262,0.4757142857142857,0.5242857142857142,0.5986577861687994,0.5368144570978507,0.5337117450994102,0.578821723932134,11729,iscx,mendeley,random_forest,37,validation_f1,0.5005458425380465,1.0250452999025583,0.1753491999115795
3243,2357,3149,2980,0.5305652655810384,0.5583661232902379,0.48621308533202806,0.5197976626548055,0.4208928571428571,0.5791071428571428,0.5326601140945855,0.5368144570978507,0.5337117450994102,0.45502600392190296,11729,iscx,mendeley,random_forest,37,validation_fpr_limit,0.8941481365856369,1.0250452999025583,0.1753491999115795
1180,376,97,1420,0.8460787504067686,0.7906458797327395,0.9360580092287409,0.8572290974947178,0.2416452442159383,0.7583547557840618,0.8472063825064013,0.9455511581561415,0.9419100663771177,0.5844451675886756,3073,iscx,iscx,mlp,37,default,5e-324,3.9540973999537528,0.004629499977454543
1270,286,162,1355,0.8542141230068337,0.825716026812919,0.8932102834541858,0.8581380620645979,0.18380462724935734,0.8161953727506427,0.8547028281024143,0.9455511581561415,0.9419100663771177,0.534005857468272,3073,iscx,iscx,mlp,37,validation_f1,0.09314652532339096,3.9540973999537528,0.004629499977454543
1539,17,626,891,0.7907582167263261,0.9812775330396476,0.5873434410019776,0.7348453608247423,0.010925449871465296,0.9890745501285347,0.7882089955652561,0.9455511581561415,0.9419100663771177,0.2954767328343638,3073,iscx,iscx,mlp,37,validation_fpr_limit,2.420907974243164,3.9540973999537528,0.004629499977454543
1736,3864,1748,4381,0.5215278369852502,0.5313523347483323,0.7147984989394681,0.6095728398497287,0.69,0.31,0.512399249469734,0.592796718038341,0.5271924603174603,0.7029584789837156,11729,iscx,mendeley,mlp,37,default,5e-324,3.9540973999537528,0.015470199985429645
1768,3832,1932,4197,0.5085685054139313,0.5227301033752647,0.6847772883015174,0.5928803503319678,0.6842857142857143,0.3157142857142857,0.5002457870079016,0.592796718038341,0.5271924603174603,0.6845425867507886,11729,iscx,mendeley,mlp,37,validation_f1,0.09314652532339096,3.9540973999537528,0.015470199985429645
4337,1263,4002,2127,0.551112626822406,0.6274336283185841,0.3470386686245717,0.4468956823195714,0.22553571428571428,0.7744642857142857,0.5607514771694287,0.592796718038341,0.5271924603174603,0.2890271975445477,11729,iscx,mendeley,mlp,37,validation_fpr_limit,2.420907974243164,3.9540973999537528,0.015470199985429645
1116,440,86,1431,0.8288317604946307,0.7648316408337787,0.9433091628213579,0.8447461629279811,0.2827763496143959,0.7172236503856041,0.830266406603481,0.9437715781251604,0.9403658706044437,0.6088512853888708,3073,iscx,iscx,dqn,37,default,5e-324,10.898773399880156,0.003519000019878149
1409,147,246,1271,0.8721119427269769,0.8963328631875882,0.8378378378378378,0.8660988074957411,0.09447300771208227,0.9055269922879178,0.8716824150628778,0.9437715781251604,0.9403658706044437,0.4614383338756915,3073,iscx,iscx,dqn,37,validation_f1,0.6944785118103027,10.898773399880156,0.003519000019878149
1541,15,643,874,0.785876993166287,0.983127109111361,0.5761371127224786,0.7265170407315046,0.009640102827763496,0.9903598971722365,0.7832485049473575,0.9437715781251604,0.9403658706044437,0.28929384965831434,3073,iscx,iscx,dqn,37,validation_fpr_limit,1.607365608215332,10.898773399880156,0.003519000019878149
1711,3889,1562,4567,0.5352544973996078,0.5400898770104068,0.7451460270843531,0.6262598560164553,0.6944642857142858,0.3055357142857143,0.5253408706850337,0.589024556196217,0.5286637735123418,0.7209480774149544,11729,iscx,mendeley,dqn,37,default,5e-324,10.898773399880156,0.055294400081038475
1995,3605,2357,3772,0.4916872708670816,0.5113189643486512,0.6154348180779898,0.5585665630090331,0.64375,0.35625,0.4858424090389949,0.589024556196217,0.5286637735123418,0.6289538750106574,11729,iscx,mendeley,dqn,37,validation_f1,0.6944785118103027,10.898773399880156,0.055294400081038475
4334,1266,4058,2071,0.5460823599624861,0.6206173209469583,0.3379017784304128,0.43756602577646314,0.22607142857142856,0.7739285714285714,0.5559151749294922,0.589024556196217,0.5286637735123418,0.2845084832466536,11729,iscx,mendeley,dqn,37,validation_fpr_limit,1.607365608215332,10.898773399880156,0.055294400081038475
1116,440,86,1431,0.8288317604946307,0.7648316408337787,0.9433091628213579,0.8447461629279811,0.2827763496143959,0.7172236503856041,0.830266406603481,0.9432302493401528,0.9399547205365753,0.6088512853888708,3073,iscx,iscx,ddqn,37,default,5e-324,8.579140100162476,0.005107000004500151
1252,304,160,1357,0.8490074845427921,0.8169777242624925,0.8945286750164799,0.8539962240402769,0.1953727506426735,0.8046272493573264,0.8495779621869032,0.9432302493401528,0.9399547205365753,0.5405141555483242,3073,iscx,iscx,ddqn,37,validation_f1,0.19674396514892578,8.579140100162476,0.005107000004500151
1541,15,682,835,0.7731858119101855,0.9823529411764705,0.5504284772577456,0.7055344317701732,0.009640102827763496,0.9903598971722365,0.7703941872149911,0.9432302493401528,0.9399547205365753,0.2766026684022128,3073,iscx,iscx,ddqn,37,validation_fpr_limit,1.7176356315612793,8.579140100162476,0.005107000004500151
1711,3889,1559,4570,0.5355102736806207,0.5402529849864051,0.7456355033447545,0.6265423635865095,0.6944642857142858,0.3055357142857143,0.5255856088152344,0.5942328697601824,0.5343403870358716,0.7212038536959673,11729,iscx,mendeley,ddqn,37,default,5e-324,8.579140100162476,0.01632040017284453
1762,3838,1894,4235,0.5112967857447352,0.5245881332837855,0.690977320933268,0.5963948739614139,0.6853571428571429,0.31464285714285717,0.5028100890380626,0.5942328697601824,0.5343403870358716,0.6882939722056441,11729,iscx,mendeley,ddqn,37,validation_f1,0.19674396514892578,8.579140100162476,0.01632040017284453
4517,1083,4188,1941,0.5506010742603803,0.6418650793650794,0.3166911404796867,0.4241232382825303,0.19339285714285714,0.8066071428571429,0.5616491416684148,0.5942328697601824,0.5343403870358716,0.25782249126097706,11729,iscx,mendeley,ddqn,37,validation_fpr_limit,1.7176356315612793,8.579140100162476,0.01632040017284453
0,1556,0,1517,0.4936544093719492,0.4936544093719492,1.0,0.6610021786492375,1.0,0.0,0.5,0.4936544093719492,0.5,1.0,3073,iscx,iscx,always_malicious,51,default,0.5000000000000001,8.650007657706738e-05,4.519987851381302e-05
0,1556,0,1517,0.4936544093719492,0.4936544093719492,1.0,0.6610021786492375,1.0,0.0,0.5,0.4936544093719492,0.5,1.0,3073,iscx,iscx,always_malicious,51,validation_f1,1.0,8.650007657706738e-05,4.519987851381302e-05
1556,0,1517,0,0.5063455906280507,0.0,0.0,0.0,0.0,1.0,0.5,0.4936544093719492,0.5,0.0,3073,iscx,iscx,always_malicious,51,validation_fpr_limit,1.0000000000000002,8.650007657706738e-05,4.519987851381302e-05
0,5600,0,6129,0.5225509421093018,0.5225509421093018,1.0,0.6864150520775003,1.0,0.0,0.5,0.5225509421093018,0.5,1.0,11729,iscx,mendeley,always_malicious,51,default,0.5000000000000001,8.650007657706738e-05,6.320001557469368e-05
0,5600,0,6129,0.5225509421093018,0.5225509421093018,1.0,0.6864150520775003,1.0,0.0,0.5,0.5225509421093018,0.5,1.0,11729,iscx,mendeley,always_malicious,51,validation_f1,1.0,8.650007657706738e-05,6.320001557469368e-05
5600,0,6129,0,0.47744905789069825,0.0,0.0,0.0,0.0,1.0,0.5,0.5225509421093018,0.5,0.0,11729,iscx,mendeley,always_malicious,51,validation_fpr_limit,1.0000000000000002,8.650007657706738e-05,6.320001557469368e-05
1385,171,239,1278,0.8665798893589326,0.8819875776397516,0.8424522083058669,0.8617666891436278,0.10989717223650386,0.8901028277634961,0.8662775180346816,0.9130877806459082,0.929588909242806,0.4715261958997722,3073,iscx,iscx,logistic,51,default,5e-324,0.02105209999717772,0.0006985999643802643
1385,171,239,1278,0.8665798893589326,0.8819875776397516,0.8424522083058669,0.8617666891436278,0.10989717223650386,0.8901028277634961,0.8662775180346816,0.9130877806459082,0.929588909242806,0.4715261958997722,3073,iscx,iscx,logistic,51,validation_f1,0.011455059051513672,0.02105209999717772,0.0006985999643802643
1549,7,1369,148,0.5522290920924179,0.9548387096774194,0.0975609756097561,0.17703349282296652,0.004498714652956298,0.9955012853470437,0.5465311304784,0.9130877806459082,0.929588909242806,0.050439310120403515,3073,iscx,iscx,logistic,51,validation_fpr_limit,4.028162956237793,0.02105209999717772,0.0006985999643802643
2007,3593,2189,3940,0.5070338477278541,0.5230319925660427,0.6428454886604666,0.5767823159127506,0.6416071428571428,0.3583928571428571,0.5006191729016619,0.631953225176032,0.5599804646528215,0.6422542416233268,11729,iscx,mendeley,logistic,51,default,5e-324,0.02105209999717772,0.0008370999712496996
2007,3593,2189,3940,0.5070338477278541,0.5230319925660427,0.6428454886604666,0.5767823159127506,0.6416071428571428,0.3583928571428571,0.5006191729016619,0.631953225176032,0.5599804646528215,0.6422542416233268,11729,iscx,mendeley,logistic,51,validation_f1,0.011455059051513672,0.02105209999717772,0.0008370999712496996
5600,0,5961,168,0.49177252962741924,1.0,0.02741067058247675,0.0533587422582182,0.0,1.0,0.5137053352912384,0.631953225176032,0.5599804646528215,0.014323471736720947,11729,iscx,mendeley,logistic,51,validation_fpr_limit,4.028162956237793,0.02105209999717772,0.0008370999712496996
1404,152,227,1290,0.8766677513830133,0.8945908460471568,0.8503625576796309,0.871916187901318,0.09768637532133675,0.9023136246786633,0.8763380911791471,0.9500387808712424,0.9482308896770618,0.46924829157175396,3073,iscx,iscx,random_forest,51,default,0.5000000000000001,1.1375339000951499,0.12190139992162585
1362,194,198,1319,0.8724373576309795,0.8717779246530073,0.8694792353328938,0.8706270627062707,0.12467866323907455,0.8753213367609255,0.8724002860469097,0.9500387808712424,0.9482308896770618,0.49235274975593885,3073,iscx,iscx,random_forest,51,validation_f1,0.4959530255427282,1.1375339000951499,0.12190139992162585
1545,11,476,1041,0.8415229417507322,0.9895437262357415,0.6862228081740277,0.8104320747372519,0.007069408740359897,0.9929305912596401,0.8395766997168339,0.9500387808712424,0.9482308896770618,0.3423364790107387,3073,iscx,iscx,random_forest,51,validation_fpr_limit,0.8920186688311692,1.1375339000951499,0.12190139992162585
2959,2641,2078,4051,0.5976639099667491,0.6053496712492529,0.6609561102953173,0.6319319865845098,0.47160714285714284,0.5283928571428571,0.5946744837190872,0.538276324377976,0.5359856245483997,0.5705516241793844,11729,iscx,mendeley,random_forest,51,default,0.5000000000000001,1.1375339000951499,0.14395150006748736
2936,2664,2006,4123,0.6018415892232927,0.6074848975983498,0.6727035405449502,0.6384329513781356,0.4757142857142857,0.5242857142857142,0.5984946274153322,0.538276324377976,0.5359856245483997,0.5786512064114587,11729,iscx,mendeley,random_forest,51,validation_f1,0.4959530255427282,1.1375339000951499,0.14395150006748736
3243,2357,3147,2982,0.5307357831017137,0.5585315602172691,0.4865394028389623,0.5200558074642484,0.4208928571428571,0.5791071428571428,0.5328232728480525,0.538276324377976,0.5359856245483997,0.4551965214425782,11729,iscx,mendeley,random_forest,51,validation_fpr_limit,0.8920186688311692,1.1375339000951499,0.14395150006748736
1264,292,160,1357,0.8529124633908233,0.8229229836264402,0.8945286750164799,0.8572331017056223,0.18766066838046272,0.8123393316195373,0.8534340033180086,0.9455263891665312,0.9417785237742603,0.5366091767002928,3073,iscx,iscx,mlp,51,default,5e-324,3.352094699861482,0.0034489999525249004
1270,286,163,1354,0.8538887081028311,0.8256097560975609,0.8925510876730389,0.8577763699714919,0.18380462724935734,0.8161953727506427,0.8543732302118408,0.9455263891665312,0.9417785237742603,0.5336804425642695,3073,iscx,iscx,mlp,51,validation_f1,0.11593069136142731,3.352094699861482,0.0034489999525249004
1539,17,629,888,0.7897819720143182,0.9812154696132597,0.5853658536585366,0.7332782824112304,0.010925449871465296,0.9890745501285347,0.7872202018935357,0.9455263891665312,0.9417785237742603,0.294500488122356,3073,iscx,iscx,mlp,51,validation_fpr_limit,2.559410572052002,3.352094699861482,0.0034489999525249004
1766,3834,1888,4241,0.5121493733481115,0.5252012383900929,0.6919562734540708,0.5971557307800619,0.6846428571428571,0.31535714285714284,0.5036567081556068,0.5888278295536833,0.5209752523133581,0.6884644897263194,11729,iscx,mendeley,mlp,51,default,5e-324,3.352094699861482,0.008509099949151278
1768,3832,1934,4195,0.5083979878932561,0.5226111872430547,0.6844509707945832,0.592681548460017,0.6842857142857143,0.3157142857142857,0.5000826282544344,0.5888278295536833,0.5209752523133581,0.6843720692301134,11729,iscx,mendeley,mlp,51,validation_f1,0.11593069136142731,3.352094699861482,0.008509099949151278
3650,1950,3934,2195,0.4983374541734163,0.5295536791314838,0.3581334638603361,0.42729219388748296,0.3482142857142857,0.6517857142857143,0.5049595890730252,0.5888278295536833,0.5209752523133581,0.35339756159945435,11729,iscx,mendeley,mlp,51,validation_fpr_limit,2.559410572052002,3.352094699861482,0.008509099949151278
1158,398,95,1422,0.8395704523267166,0.7813186813186813,0.9373764007910349,0.8522625112376386,0.25578406169665807,0.7442159383033419,0.8407961695471884,0.9435048964946828,0.9404063289573353,0.592255125284738,3073,iscx,iscx,dqn,51,default,5e-324,9.635904100025073,0.003849100088700652
1252,304,160,1357,0.8490074845427921,0.8169777242624925,0.8945286750164799,0.8539962240402769,0.1953727506426735,0.8046272493573264,0.8495779621869032,0.9435048964946828,0.9404063289573353,0.5405141555483242,3073,iscx,iscx,dqn,51,validation_f1,0.21549749374389648,9.635904100025073,0.003849100088700652
1549,7,712,805,0.7660266840221283,0.9913793103448276,0.5306526038233356,0.691283812795191,0.004498714652956298,0.9955012853470437,0.7630769445851897,0.9435048964946828,0.9404063289573353,0.2642369020501139,3073,iscx,iscx,dqn,51,validation_fpr_limit,1.678373098373413,9.635904100025073,0.003849100088700652
1729,3871,1681,4448,0.5266433626055077,0.5346796489962736,0.7257301354217653,0.6157253599114064,0.69125,0.30875,0.5172400677108827,0.5949123238023208,0.5344636301657226,0.7092676272486999,11729,iscx,mendeley,dqn,51,default,5e-324,9.635904100025073,0.014886100078001618
1762,3838,1873,4256,0.5130872197118254,0.5258215962441315,0.6944036547560777,0.5984672713210997,0.6853571428571429,0.31464285714285717,0.5045232559494675,0.5949123238023208,0.5344636301657226,0.6900844061727343,11729,iscx,mendeley,dqn,51,validation_f1,0.21549749374389648,9.635904100025073,0.014886100078001618
4353,1247,4135,1994,0.5411373518629039,0.615242209194693,0.3253385544134443,0.4256136606189968,0.22267857142857142,0.7773214285714286,0.5513299914924364,0.5949123238023208,0.5344636301657226,0.2763236422542416,11729,iscx,mendeley,dqn,51,validation_fpr_limit,1.678373098373413,9.635904100025073,0.014886100078001618
1244,312,159,1358,0.8467295802147738,0.8131736526946107,0.8951878707976269,0.8522121117037966,0.20051413881748073,0.7994858611825193,0.8473368659900731,0.9419466664145715,0.9390788289700448,0.5434428896843475,3073,iscx,iscx,ddqn,51,default,5e-324,7.404852000065148,0.00439579994417727
1244,312,159,1358,0.8467295802147738,0.8131736526946107,0.8951878707976269,0.8522121117037966,0.20051413881748073,0.7994858611825193,0.8473368659900731,0.9419466664145715,0.9390788289700448,0.5434428896843475,3073,iscx,iscx,ddqn,51,validation_f1,0.005948066711425781,7.404852000065148,0.00439579994417727
1549,7,788,729,0.7412951513179303,0.9904891304347826,0.48055372445616346,0.6471371504660453,0.004498714652956298,0.9955012853470437,0.7380275049016036,0.9419466664145715,0.9390788289700448,0.23950536934591604,3073,iscx,iscx,ddqn,51,validation_fpr_limit,1.6391470432281494,7.404852000065148,0.00439579994417727
1759,3841,1823,4306,0.5170943814476937,0.5285381121885356,0.7025615924294338,0.6032502101428971,0.6858928571428572,0.31410714285714286,0.5083343676432883,0.5923705315512862,0.5339527975899121,0.6946031204706283,11729,iscx,mendeley,ddqn,51,default,5e-324,7.404852000065148,0.012679799925535917
1759,3841,1823,4306,0.5170943814476937,0.5285381121885356,0.7025615924294338,0.6032502101428971,0.6858928571428572,0.31410714285714286,0.5083343676432883,0.5923705315512862,0.5339527975899121,0.6946031204706283,11729,iscx,mendeley,ddqn,51,validation_f1,0.005948066711425781,7.404852000065148,0.012679799925535917
4727,873,4410,1719,0.5495779691363287,0.6631944444444444,0.28046989720998533,0.3942208462332301,0.15589285714285714,0.8441071428571428,0.5622885200335641,0.5923705315512862,0.5339527975899121,0.2209907067951232,11729,iscx,mendeley,ddqn,51,validation_fpr_limit,1.6391470432281494,7.404852000065148,0.012679799925535917
0,1556,0,1517,0.4936544093719492,0.4936544093719492,1.0,0.6610021786492375,1.0,0.0,0.5,0.4936544093719492,0.5,1.0,3073,iscx,iscx,always_malicious,71,default,0.5000000000000001,7.469998672604561e-05,4.139984957873821e-05
0,1556,0,1517,0.4936544093719492,0.4936544093719492,1.0,0.6610021786492375,1.0,0.0,0.5,0.4936544093719492,0.5,1.0,3073,iscx,iscx,always_malicious,71,validation_f1,1.0,7.469998672604561e-05,4.139984957873821e-05
1556,0,1517,0,0.5063455906280507,0.0,0.0,0.0,0.0,1.0,0.5,0.4936544093719492,0.5,0.0,3073,iscx,iscx,always_malicious,71,validation_fpr_limit,1.0000000000000002,7.469998672604561e-05,4.139984957873821e-05
0,5600,0,6129,0.5225509421093018,0.5225509421093018,1.0,0.6864150520775003,1.0,0.0,0.5,0.5225509421093018,0.5,1.0,11729,iscx,mendeley,always_malicious,71,default,0.5000000000000001,7.469998672604561e-05,5.45999500900507e-05
0,5600,0,6129,0.5225509421093018,0.5225509421093018,1.0,0.6864150520775003,1.0,0.0,0.5,0.5225509421093018,0.5,1.0,11729,iscx,mendeley,always_malicious,71,validation_f1,1.0,7.469998672604561e-05,5.45999500900507e-05
5600,0,6129,0,0.47744905789069825,0.0,0.0,0.0,0.0,1.0,0.5,0.5225509421093018,0.5,0.0,11729,iscx,mendeley,always_malicious,71,validation_fpr_limit,1.0000000000000002,7.469998672604561e-05,5.45999500900507e-05
1385,171,239,1278,0.8665798893589326,0.8819875776397516,0.8424522083058669,0.8617666891436278,0.10989717223650386,0.8901028277634961,0.8662775180346816,0.9130877806459082,0.929588909242806,0.4715261958997722,3073,iscx,iscx,logistic,71,default,5e-324,0.012907899916172028,0.00037899985909461975
1385,171,239,1278,0.8665798893589326,0.8819875776397516,0.8424522083058669,0.8617666891436278,0.10989717223650386,0.8901028277634961,0.8662775180346816,0.9130877806459082,0.929588909242806,0.4715261958997722,3073,iscx,iscx,logistic,71,validation_f1,0.011455059051513672,0.012907899916172028,0.00037899985909461975
1549,7,1369,148,0.5522290920924179,0.9548387096774194,0.0975609756097561,0.17703349282296652,0.004498714652956298,0.9955012853470437,0.5465311304784,0.9130877806459082,0.929588909242806,0.050439310120403515,3073,iscx,iscx,logistic,71,validation_fpr_limit,4.028162956237793,0.012907899916172028,0.00037899985909461975
2007,3593,2189,3940,0.5070338477278541,0.5230319925660427,0.6428454886604666,0.5767823159127506,0.6416071428571428,0.3583928571428571,0.5006191729016619,0.631953225176032,0.5599804646528215,0.6422542416233268,11729,iscx,mendeley,logistic,71,default,5e-324,0.012907899916172028,0.000546799972653389
2007,3593,2189,3940,0.5070338477278541,0.5230319925660427,0.6428454886604666,0.5767823159127506,0.6416071428571428,0.3583928571428571,0.5006191729016619,0.631953225176032,0.5599804646528215,0.6422542416233268,11729,iscx,mendeley,logistic,71,validation_f1,0.011455059051513672,0.012907899916172028,0.000546799972653389
5600,0,5961,168,0.49177252962741924,1.0,0.02741067058247675,0.0533587422582182,0.0,1.0,0.5137053352912384,0.631953225176032,0.5599804646528215,0.014323471736720947,11729,iscx,mendeley,logistic,71,validation_fpr_limit,4.028162956237793,0.012907899916172028,0.000546799972653389
1404,152,227,1290,0.8766677513830133,0.8945908460471568,0.8503625576796309,0.871916187901318,0.09768637532133675,0.9023136246786633,0.8763380911791471,0.9499987047337858,0.9483007915433147,0.46924829157175396,3073,iscx,iscx,random_forest,71,default,0.5000000000000001,0.7983834000770003,0.08885099994949996
1268,288,128,1389,0.864627399934917,0.8282647584973166,0.9156229400131839,0.8697557921102066,0.18508997429305912,0.8149100257069408,0.8652664828600624,0.9499987047337858,0.9483007915433147,0.5457207940123657,3073,iscx,iscx,random_forest,71,validation_f1,0.3255932700636259,0.7983834000770003,0.08885099994949996
1545,11,476,1041,0.8415229417507322,0.9895437262357415,0.6862228081740277,0.8104320747372519,0.007069408740359897,0.9929305912596401,0.8395766997168339,0.9499987047337858,0.9483007915433147,0.3423364790107387,3073,iscx,iscx,random_forest,71,validation_fpr_limit,0.8928622695006116,0.7983834000770003,0.08885099994949996
2959,2641,2078,4051,0.5976639099667491,0.6053496712492529,0.6609561102953173,0.6319319865845098,0.47160714285714284,0.5283928571428571,0.5946744837190872,0.5365978309390693,0.5333506398153973,0.5705516241793844,11729,iscx,mendeley,random_forest,71,default,0.5000000000000001,0.7983834000770003,0.14207409997470677
1771,3829,1552,4577,0.5412226106232415,0.5444920295027361,0.7467776146190244,0.6297901616787066,0.68375,0.31625,0.5315138073095121,0.5365978309390693,0.5333506398153973,0.7166851393980731,11729,iscx,mendeley,random_forest,71,validation_f1,0.3255932700636259,0.7983834000770003,0.14207409997470677
3244,2356,3153,2976,0.5303094893000255,0.5581395348837209,0.4855604503181596,0.5193264113079138,0.4207142857142857,0.5792857142857143,0.5324230823019369,0.5365978309390693,0.5333506398153973,0.45459971012021483,11729,iscx,mendeley,random_forest,71,validation_fpr_limit,0.8928622695006116,0.7983834000770003,0.14207409997470677
1264,292,160,1357,0.8529124633908233,0.8229229836264402,0.8945286750164799,0.8572331017056223,0.18766066838046272,0.8123393316195373,0.8534340033180086,0.9457430315656663,0.9422962212322048,0.5366091767002928,3073,iscx,iscx,mlp,71,default,5e-324,2.9428693000227213,0.0027050001081079245
1271,285,160,1357,0.8551903677188415,0.8264311814859927,0.8945286750164799,0.8591326369104146,0.18316195372750643,0.8168380462724936,0.8556833606444867,0.9457430315656663,0.9422962212322048,0.5343312723722746,3073,iscx,iscx,mlp,71,validation_f1,0.07037781178951263,2.9428693000227213,0.0027050001081079245
1539,17,627,890,0.7904328018223234,0.9812568908489526,0.5866842452208306,0.7343234323432343,0.010925449871465296,0.9890745501285347,0.7878793976746827,0.9457430315656663,0.9422962212322048,0.2951513179303612,3073,iscx,iscx,mlp,71,validation_fpr_limit,2.254490613937378,2.9428693000227213,0.0027050001081079245
1766,3834,1889,4240,0.5120641145877739,0.5251424324993808,0.6917931147006037,0.597056959797226,0.6846428571428571,0.31535714285714284,0.5035751287788732,0.5938158719823254,0.529145732815887,0.6883792309659817,11729,iscx,mendeley,mlp,71,default,5e-324,2.9428693000227213,0.011581399943679571
1766,3834,1889,4240,0.5120641145877739,0.5251424324993808,0.6917931147006037,0.597056959797226,0.6846428571428571,0.31535714285714284,0.5035751287788732,0.5938158719823254,0.529145732815887,0.6883792309659817,11729,iscx,mendeley,mlp,71,validation_f1,0.07037781178951263,2.9428693000227213,0.011581399943679571
4321,1279,4006,2123,0.5494074516156535,0.6240446796002351,0.3463860336107032,0.44549365229251914,0.22839285714285715,0.7716071428571428,0.558996588233923,0.5938158719823254,0.529145732815887,0.2900503026685992,11729,iscx,mendeley,mlp,71,validation_fpr_limit,2.254490613937378,2.9428693000227213,0.011581399943679571
1296,260,185,1332,0.8551903677188415,0.8366834170854272,0.8780487804878049,0.8568671598584754,0.16709511568123395,0.8329048843187661,0.8554768324032855,0.9426720961191168,0.9396473641489004,0.5180605271721445,3073,iscx,iscx,dqn,71,default,5e-324,6.248771500075236,0.004435000009834766
1406,150,247,1270,0.8708102831109665,0.8943661971830986,0.8371786420566908,0.8648280558392918,0.09640102827763496,0.903598971722365,0.8703888068895279,0.9426720961191168,0.9396473641489004,0.46208916368369674,3073,iscx,iscx,dqn,71,validation_f1,0.4397125244140625,6.248771500075236,0.004435000009834766
1541,15,667,850,0.7780670354702245,0.9826589595375722,0.5603164139749506,0.7136859781696053,0.009640102827763496,0.9903598971722365,0.7753381555735935,0.9426720961191168,0.9396473641489004,0.2814838919622519,3073,iscx,iscx,dqn,71,validation_fpr_limit,1.5620017051696777,6.248771500075236,0.004435000009834766
1859,3741,2055,4074,0.5058402250831273,0.5213051823416507,0.6647087616250612,0.5843373493975904,0.6680357142857143,0.3319642857142857,0.49833652366967346,0.5917415523221443,0.5327969197958184,0.666297212038537,11729,iscx,mendeley,dqn,71,default,5e-324,6.248771500075236,0.012142800027504563
1988,3612,2323,3806,0.4939892573961975,0.5130763008897277,0.6209822156958721,0.5618956226470805,0.645,0.355,0.48799110784793603,0.5917415523221443,0.5327969197958184,0.6324494841845,11729,iscx,mendeley,dqn,71,validation_f1,0.4397125244140625,6.248771500075236,0.012142800027504563
4334,1266,4085,2044,0.5437803734333703,0.6175226586102719,0.33349649208680043,0.4330967263481301,0.22607142857142856,0.7739285714285714,0.5537125317576859,0.5917415523221443,0.5327969197958184,0.2822064967175377,11729,iscx,mendeley,dqn,71,validation_fpr_limit,1.5620017051696777,6.248771500075236,0.012142800027504563
1296,260,185,1332,0.8551903677188415,0.8366834170854272,0.8780487804878049,0.8568671598584754,0.16709511568123395,0.8329048843187661,0.8554768324032855,0.9427157651724656,0.9397776358087349,0.5180605271721445,3073,iscx,iscx,ddqn,71,default,5e-324,6.089049900183454,0.0031522999051958323
1406,150,247,1270,0.8708102831109665,0.8943661971830986,0.8371786420566908,0.8648280558392918,0.09640102827763496,0.903598971722365,0.8703888068895279,0.9427157651724656,0.9397776358087349,0.46208916368369674,3073,iscx,iscx,ddqn,71,validation_f1,0.32485008239746094,6.089049900183454,0.0031522999051958323
1541,15,669,848,0.7774162056622194,0.9826187717265353,0.5589980224126566,0.7126050420168067,0.009640102827763496,0.9903598971722365,0.7746789597924466,0.9427157651724656,0.9397776358087349,0.28083306215424664,3073,iscx,iscx,ddqn,71,validation_fpr_limit,1.443676471710205,6.089049900183454,0.0031522999051958323
1859,3741,2056,4073,0.5057549663227897,0.5212439211671359,0.664545602871594,0.5842358172559707,0.6680357142857143,0.3319642857142857,0.49825494429293987,0.591322067779901,0.5316373272265342,0.6662119532781994,11729,iscx,mendeley,ddqn,71,default,5e-324,6.089049900183454,0.008366599911823869
1988,3612,2323,3806,0.4939892573961975,0.5130763008897277,0.6209822156958721,0.5618956226470805,0.645,0.355,0.48799110784793603,0.591322067779901,0.5316373272265342,0.6324494841845,11729,iscx,mendeley,ddqn,71,validation_f1,0.32485008239746094,6.089049900183454,0.008366599911823869
4334,1266,4084,2045,0.5438656321937079,0.6176381757777106,0.3336596508402676,0.4332627118644068,0.22607142857142856,0.7739285714285714,0.5537941111344196,0.591322067779901,0.5316373272265342,0.28229175547787533,11729,iscx,mendeley,ddqn,71,validation_fpr_limit,1.443676471710205,6.089049900183454,0.008366599911823869
0,1556,0,1517,0.4936544093719492,0.4936544093719492,1.0,0.6610021786492375,1.0,0.0,0.5,0.4936544093719492,0.5,1.0,3073,mendeley,iscx,always_malicious,11,default,0.5000000000000001,0.00011220015585422516,6.269989535212517e-05
0,1556,0,1517,0.4936544093719492,0.4936544093719492,1.0,0.6610021786492375,1.0,0.0,0.5,0.4936544093719492,0.5,1.0,3073,mendeley,iscx,always_malicious,11,validation_f1,1.0,0.00011220015585422516,6.269989535212517e-05
1556,0,1517,0,0.5063455906280507,0.0,0.0,0.0,0.0,1.0,0.5,0.4936544093719492,0.5,0.0,3073,mendeley,iscx,always_malicious,11,validation_fpr_limit,1.0000000000000002,0.00011220015585422516,6.269989535212517e-05
0,5600,0,6129,0.5225509421093018,0.5225509421093018,1.0,0.6864150520775003,1.0,0.0,0.5,0.5225509421093018,0.5,1.0,11729,mendeley,mendeley,always_malicious,11,default,0.5000000000000001,0.00011220015585422516,6.180000491440296e-05
0,5600,0,6129,0.5225509421093018,0.5225509421093018,1.0,0.6864150520775003,1.0,0.0,0.5,0.5225509421093018,0.5,1.0,11729,mendeley,mendeley,always_malicious,11,validation_f1,1.0,0.00011220015585422516,6.180000491440296e-05
5600,0,6129,0,0.47744905789069825,0.0,0.0,0.0,0.0,1.0,0.5,0.5225509421093018,0.5,0.0,11729,mendeley,mendeley,always_malicious,11,validation_fpr_limit,1.0000000000000002,0.00011220015585422516,6.180000491440296e-05
1380,176,240,1277,0.864627399934917,0.8788713007570543,0.8417930125247198,0.8599326599326599,0.11311053984575835,0.8868894601542416,0.8643412363394807,0.8892748694759209,0.9205902089938707,0.4728278555157826,3073,mendeley,iscx,logistic,11,default,5e-324,0.06172990007326007,0.001285499893128872
0,1556,0,1517,0.4936544093719492,0.4936544093719492,1.0,0.6610021786492375,1.0,0.0,0.5,0.8892748694759209,0.9205902089938707,1.0,3073,mendeley,iscx,logistic,11,validation_f1,-0.38897860050201416,0.06172990007326007,0.001285499893128872
1531,25,1241,276,0.5880247315327042,0.9169435215946844,0.18193803559657218,0.30363036303630364,0.016066838046272493,0.9839331619537275,0.5829355987751499,0.8892748694759209,0.9205902089938707,0.0979498861047836,3073,mendeley,iscx,logistic,11,validation_fpr_limit,0.6016767024993896,0.06172990007326007,0.001285499893128872
1996,3604,2210,3919,0.50430556739705,0.5209357968895387,0.639419154837657,0.5741283328450044,0.6435714285714286,0.35642857142857143,0.4979238631331142,0.6394095559730726,0.5625472723352679,0.6414016540199505,11729,mendeley,mendeley,logistic,11,default,5e-324,0.06172990007326007,0.0005365998949855566
0,5600,0,6129,0.5225509421093018,0.5225509421093018,1.0,0.6864150520775003,1.0,0.0,0.5,0.6394095559730726,0.5625472723352679,1.0,11729,mendeley,mendeley,logistic,11,validation_f1,-0.38897860050201416,0.06172990007326007,0.0005365998949855566
5542,58,5725,404,0.5069485889675164,0.8744588744588745,0.0659161364007179,0.12259141253224093,0.010357142857142856,0.9896428571428572,0.5277794967717875,0.6394095559730726,0.5625472723352679,0.03938954727598261,11729,mendeley,mendeley,logistic,11,validation_fpr_limit,0.6016767024993896,0.06172990007326007,0.0005365998949855566
909,647,567,950,0.6049463065408396,0.5948653725735754,0.6262359920896506,0.6101477199743096,0.4158097686375321,0.5841902313624678,0.6052131117260593,0.6407131012826752,0.6145797499800886,0.5196876016921576,3073,mendeley,iscx,random_forest,11,default,0.5000000000000001,2.0727220000699162,0.09204300004057586
0,1556,0,1517,0.4936544093719492,0.4936544093719492,1.0,0.6610021786492375,1.0,0.0,0.5,0.6407131012826752,0.6145797499800886,1.0,3073,mendeley,iscx,random_forest,11,validation_f1,0.035,2.0727220000699162,0.09204300004057586
1524,32,1274,243,0.5750081353726001,0.8836363636363637,0.16018457481872117,0.27120535714285715,0.02056555269922879,0.9794344473007712,0.5698095110597462,0.6407131012826752,0.6145797499800886,0.08948909860071591,3073,mendeley,iscx,random_forest,11,validation_fpr_limit,0.9844035817731441,2.0727220000699162,0.09204300004057586
2376,3224,2819,3310,0.484781311279734,0.5065809611264157,0.5400554739761788,0.5227829108426123,0.5757142857142857,0.42428571428571427,0.48217059413094654,0.5621203132178841,0.4763514206465749,0.5570807400460397,11729,mendeley,mendeley,random_forest,11,default,0.5000000000000001,2.0727220000699162,0.18761399993672967
0,5600,0,6129,0.5225509421093018,0.5225509421093018,1.0,0.6864150520775003,1.0,0.0,0.5,0.5621203132178841,0.4763514206465749,1.0,11729,mendeley,mendeley,random_forest,11,validation_f1,0.035,2.0727220000699162,0.18761399993672967
5571,29,5702,427,0.5113820445050729,0.9364035087719298,0.06966878773046174,0.12968868640850417,0.005178571428571428,0.9948214285714285,0.5322451081509452,0.5621203132178841,0.4763514206465749,0.03887799471395686,11729,mendeley,mendeley,random_forest,11,validation_fpr_limit,0.9844035817731441,2.0727220000699162,0.18761399993672967
1443,113,762,755,0.715261958997722,0.869815668202765,0.4976928147659855,0.6331236897274634,0.07262210796915167,0.9273778920308483,0.7125353533984169,0.7872471200481868,0.8017153070683072,0.2824601366742597,3073,mendeley,iscx,mlp,11,default,5e-324,3.61892669997178,0.003338299924507737
0,1556,0,1517,0.4936544093719492,0.4936544093719492,1.0,0.6610021786492375,1.0,0.0,0.5,0.7872471200481868,0.8017153070683072,1.0,3073,mendeley,iscx,mlp,11,validation_f1,-0.30559802055358887,3.61892669997178,0.003338299924507737
1516,40,1174,343,0.6049463065408396,0.8955613577023499,0.22610415293342123,0.36105263157894735,0.02570694087403599,0.974293059125964,0.6001986060296927,0.7872471200481868,0.8017153070683072,0.12463390823299707,3073,mendeley,iscx,mlp,11,validation_fpr_limit,0.5723009705543518,3.61892669997178,0.003338299924507737
4681,919,3820,2309,0.5959587347599966,0.7153035935563816,0.3767335617555882,0.4935342524313348,0.16410714285714287,0.8358928571428571,0.6063132094492226,0.6822239104337187,0.6197953231708737,0.2752152783698525,11729,mendeley,mendeley,mlp,11,default,5e-324,3.61892669997178,0.01137720001861453
0,5600,0,6129,0.5225509421093018,0.5225509421093018,1.0,0.6864150520775003,1.0,0.0,0.5,0.6822239104337187,0.6197953231708737,1.0,11729,mendeley,mendeley,mlp,11,validation_f1,-0.30559802055358887,3.61892669997178,0.01137720001861453
5550,50,5491,638,0.5275812089692216,0.9273255813953488,0.1040952847120248,0.18717911104591461,0.008928571428571428,0.9910714285714286,0.5475833566417267,0.6822239104337187,0.6197953231708737,0.058658027112285786,11729,mendeley,mendeley,mlp,11,validation_fpr_limit,0.5723009705543518,3.61892669997178,0.01137720001861453
1422,134,511,1006,0.7901073869183208,0.8824561403508772,0.6631509558338826,0.7572450131727512,0.08611825192802057,0.9138817480719794,0.788516351952931,0.8225858127722964,0.8435388645903412,0.3709729905629678,3073,mendeley,iscx,dqn,11,default,5e-324,6.516587299993262,0.003982099937275052
0,1556,0,1517,0.4936544093719492,0.4936544093719492,1.0,0.6610021786492375,1.0,0.0,0.5,0.8225858127722964,0.8435388645903412,1.0,3073,mendeley,iscx,dqn,11,validation_f1,-0.16816234588623047,6.516587299993262,0.003982099937275052
1516,40,1171,346,0.6059225512528473,0.8963730569948186,0.22808174027686223,0.36363636363636365,0.02570694087403599,0.974293059125964,0.6011873997014131,0.8225858127722964,0.8435388645903412,0.12561015294500488,3073,mendeley,iscx,dqn,11,validation_fpr_limit,0.3319781422615051,6.516587299993262,0.003982099937275052
4572,1028,3323,2806,0.629039133770995,0.7318727177882107,0.4578234622287486,0.5632841513600321,0.18357142857142858,0.8164285714285714,0.63712601682866,0.6779434482312006,0.6078501212036455,0.32688208713445305,11729,mendeley,mendeley,dqn,11,default,5e-324,6.516587299993262,0.0087075000628829
0,5600,0,6129,0.5225509421093018,0.5225509421093018,1.0,0.6864150520775003,1.0,0.0,0.5,0.6779434482312006,0.6078501212036455,1.0,11729,mendeley,mendeley,dqn,11,validation_f1,-0.16816234588623047,6.516587299993262,0.0087075000628829
5526,74,5549,580,0.5205899906215363,0.8868501529051988,0.09463207701093164,0.171015774730945,0.013214285714285715,0.9867857142857143,0.5407088956483229,0.6779434482312006,0.6078501212036455,0.05575922926080655,11729,mendeley,mendeley,dqn,11,validation_fpr_limit,0.3319781422615051,6.516587299993262,0.0087075000628829
1426,130,698,819,0.7305564594858445,0.863013698630137,0.5398813447593935,0.6642335766423357,0.08354755784061697,0.916452442159383,0.7281668934593883,0.7951379314821823,0.8056355308220629,0.3088187438984705,3073,mendeley,iscx,ddqn,11,default,5e-324,6.87168120010756,0.003115300089120865
327,1229,153,1364,0.5502766026684022,0.5260316236020054,0.8991430454845089,0.6637469586374696,0.7898457583547558,0.2101542416452442,0.5546486435648765,0.7951379314821823,0.8056355308220629,0.8438008460787504,3073,mendeley,iscx,ddqn,11,validation_f1,-0.18717128038406372,6.87168120010756,0.003115300089120865
1516,40,1173,344,0.6052717214448422,0.8958333333333334,0.2267633487145682,0.36191478169384533,0.02570694087403599,0.974293059125964,0.6005282039202661,0.7951379314821823,0.8056355308220629,0.12495932313699967,3073,mendeley,iscx,ddqn,11,validation_fpr_limit,0.33324140310287476,6.87168120010756,0.003115300089120865
4501,1099,3601,2528,0.5992838264131639,0.6969947615108906,0.41246532876488823,0.5182451824518245,0.19625,0.80375,0.6081076643824441,0.6836795172791174,0.6165496876675288,0.30923352374456475,11729,mendeley,mendeley,ddqn,11,default,5e-324,6.87168120010756,0.010005600051954389
588,5012,648,5481,0.5174354164890442,0.5223482321547699,0.8942731277533039,0.6594874263024907,0.895,0.105,0.49963656387665195,0.6836795172791174,0.6165496876675288,0.8946201722226959,11729,mendeley,mendeley,ddqn,11,validation_f1,-0.18717128038406372,6.87168120010756,0.010005600051954389
5525,75,5512,617,0.5236593059936908,0.8916184971098265,0.10066895088921521,0.18091188975223574,0.013392857142857142,0.9866071428571429,0.5436380468731791,0.6836795172791174,0.6165496876675288,0.05899906215363629,11729,mendeley,mendeley,ddqn,11,validation_fpr_limit,0.33324140310287476,6.87168120010756,0.010005600051954389
0,1556,0,1517,0.4936544093719492,0.4936544093719492,1.0,0.6610021786492375,1.0,0.0,0.5,0.4936544093719492,0.5,1.0,3073,mendeley,iscx,always_malicious,23,default,0.5000000000000001,6.960006430745125e-05,4.739989526569843e-05
0,1556,0,1517,0.4936544093719492,0.4936544093719492,1.0,0.6610021786492375,1.0,0.0,0.5,0.4936544093719492,0.5,1.0,3073,mendeley,iscx,always_malicious,23,validation_f1,1.0,6.960006430745125e-05,4.739989526569843e-05
1556,0,1517,0,0.5063455906280507,0.0,0.0,0.0,0.0,1.0,0.5,0.4936544093719492,0.5,0.0,3073,mendeley,iscx,always_malicious,23,validation_fpr_limit,1.0000000000000002,6.960006430745125e-05,4.739989526569843e-05
0,5600,0,6129,0.5225509421093018,0.5225509421093018,1.0,0.6864150520775003,1.0,0.0,0.5,0.5225509421093018,0.5,1.0,11729,mendeley,mendeley,always_malicious,23,default,0.5000000000000001,6.960006430745125e-05,6.939982995390892e-05
0,5600,0,6129,0.5225509421093018,0.5225509421093018,1.0,0.6864150520775003,1.0,0.0,0.5,0.5225509421093018,0.5,1.0,11729,mendeley,mendeley,always_malicious,23,validation_f1,1.0,6.960006430745125e-05,6.939982995390892e-05
5600,0,6129,0,0.47744905789069825,0.0,0.0,0.0,0.0,1.0,0.5,0.5225509421093018,0.5,0.0,11729,mendeley,mendeley,always_malicious,23,validation_fpr_limit,1.0000000000000002,6.960006430745125e-05,6.939982995390892e-05
1380,176,240,1277,0.864627399934917,0.8788713007570543,0.8417930125247198,0.8599326599326599,0.11311053984575835,0.8868894601542416,0.8643412363394807,0.8892748694759209,0.9205902089938707,0.4728278555157826,3073,mendeley,iscx,logistic,23,default,5e-324,0.08188690012320876,0.000649699941277504
0,1556,0,1517,0.4936544093719492,0.4936544093719492,1.0,0.6610021786492375,1.0,0.0,0.5,0.8892748694759209,0.9205902089938707,1.0,3073,mendeley,iscx,logistic,23,validation_f1,-0.38897860050201416,0.08188690012320876,0.000649699941277504
1531,25,1241,276,0.5880247315327042,0.9169435215946844,0.18193803559657218,0.30363036303630364,0.016066838046272493,0.9839331619537275,0.5829355987751499,0.8892748694759209,0.9205902089938707,0.0979498861047836,3073,mendeley,iscx,logistic,23,validation_fpr_limit,0.6016767024993896,0.08188690012320876,0.000649699941277504
1996,3604,2210,3919,0.50430556739705,0.5209357968895387,0.639419154837657,0.5741283328450044,0.6435714285714286,0.35642857142857143,0.4979238631331142,0.6394095559730726,0.5625472723352679,0.6414016540199505,11729,mendeley,mendeley,logistic,23,default,5e-324,0.08188690012320876,0.0005373000167310238
0,5600,0,6129,0.5225509421093018,0.5225509421093018,1.0,0.6864150520775003,1.0,0.0,0.5,0.6394095559730726,0.5625472723352679,1.0,11729,mendeley,mendeley,logistic,23,validation_f1,-0.38897860050201416,0.08188690012320876,0.0005373000167310238
5542,58,5725,404,0.5069485889675164,0.8744588744588745,0.0659161364007179,0.12259141253224093,0.010357142857142856,0.9896428571428572,0.5277794967717875,0.6394095559730726,0.5625472723352679,0.03938954727598261,11729,mendeley,mendeley,logistic,23,validation_fpr_limit,0.6016767024993896,0.08188690012320876,0.0005373000167310238
857,699,565,952,0.5886755613407094,0.5766202301635373,0.6275543836519446,0.601010101010101,0.44922879177377895,0.550771208226221,0.5891627959390828,0.6433753868483818,0.6167333629321841,0.5372600065082981,3073,mendeley,iscx,random_forest,23,default,0.5000000000000001,2.342679899884388,0.10180589999072254
0,1556,0,1517,0.4936544093719492,0.4936544093719492,1.0,0.6610021786492375,1.0,0.0,0.5,0.6433753868483818,0.6167333629321841,1.0,3073,mendeley,iscx,random_forest,23,validation_f1,0.04,2.342679899884388,0.10180589999072254
1526,30,1277,240,0.5746827204685975,0.8888888888888888,0.15820698747528017,0.2686066032456631,0.019280205655526992,0.980719794344473,0.5694633909098765,0.6433753868483818,0.6167333629321841,0.0878620240807029,3073,mendeley,iscx,random_forest,23,validation_fpr_limit,0.985,2.342679899884388,0.10180589999072254
2372,3228,2704,3425,0.49424503367721034,0.5148053509694874,0.5588187306248981,0.5359098732592709,0.5764285714285714,0.4235714285714286,0.49119507959816333,0.5631897349332663,0.4773439066032678,0.567226532526217,11729,mendeley,mendeley,random_forest,23,default,0.5000000000000001,2.342679899884388,0.19537019985727966
0,5600,0,6129,0.5225509421093018,0.5225509421093018,1.0,0.6864150520775003,1.0,0.0,0.5,0.5631897349332663,0.4773439066032678,1.0,11729,mendeley,mendeley,random_forest,23,validation_f1,0.04,2.342679899884388,0.19537019985727966
5571,29,5725,404,0.5094210930173075,0.9330254041570438,0.0659161364007179,0.1231331911002743,0.005178571428571428,0.9948214285714285,0.5303687824860732,0.5631897349332663,0.4773439066032678,0.03691704322619149,11729,mendeley,mendeley,random_forest,23,validation_fpr_limit,0.985,2.342679899884388,0.19537019985727966
1443,113,780,737,0.7094044907256752,0.8670588235294118,0.4858272907053395,0.6227291930713984,0.07262210796915167,0.9273778920308483,0.7066025913680939,0.7516607846931196,0.758098448941135,0.2766026684022128,3073,mendeley,iscx,mlp,23,default,5e-324,3.7124001998454332,0.002050899900496006
502,1054,167,1350,0.6026684022128214,0.5615640599001663,0.8899143045484509,0.6885998469778117,0.6773778920308483,0.3226221079691517,0.6062682062588013,0.7516607846931196,0.758098448941135,0.7822974292222584,3073,mendeley,iscx,mlp,23,validation_f1,-0.31765180826187134,3.7124001998454332,0.002050899900496006
1516,40,1179,338,0.6033192320208266,0.8941798941798942,0.2228081740276862,0.3567282321899736,0.02570694087403599,0.974293059125964,0.5985506165768251,0.7516607846931196,0.758098448941135,0.12300683371298406,3073,mendeley,iscx,mlp,23,validation_fpr_limit,0.5716474056243896,3.7124001998454332,0.002050899900496006
4725,875,3877,2252,0.5948503708756074,0.7201790853853534,0.36743351280796216,0.48660328435609335,0.15625,0.84375,0.6055917564039811,0.6777968455164622,0.6101928041162622,0.2666041435757524,11729,mendeley,mendeley,mlp,23,default,5e-324,3.7124001998454332,0.031528300140053034
882,4718,732,5397,0.5353397561599454,0.5335640138408304,0.8805677924620656,0.6644915045555282,0.8425,0.1575,0.5190338962310328,0.6777968455164622,0.6101928041162622,0.8623923608150738,11729,mendeley,mendeley,mlp,23,validation_f1,-0.31765180826187134,3.7124001998454332,0.031528300140053034
5566,34,5506,623,0.5276664677295592,0.9482496194824962,0.10164790341001795,0.18361332154435603,0.006071428571428571,0.9939285714285714,0.5477882374192946,0.6777968455164622,0.6101928041162622,0.05601500554181942,11729,mendeley,mendeley,mlp,23,validation_fpr_limit,0.5716474056243896,3.7124001998454332,0.031528300140053034
1372,184,373,1144,0.81874389847055,0.8614457831325302,0.7541199736321688,0.8042179261862917,0.11825192802056556,0.8817480719794345,0.8179340228058016,0.8217761272208921,0.846702029950196,0.4321509925154572,3073,mendeley,iscx,dqn,23,default,5e-324,18.734012299915776,0.006546800024807453
0,1556,0,1517,0.4936544093719492,0.4936544093719492,1.0,0.6610021786492375,1.0,0.0,0.5,0.8217761272208921,0.846702029950196,1.0,3073,mendeley,iscx,dqn,23,validation_f1,-0.23226749897003174,18.734012299915776,0.006546800024807453
1516,40,1172,345,0.6055971363488448,0.8961038961038961,0.22742254449571522,0.3627760252365931,0.02570694087403599,0.974293059125964,0.6008578018108396,0.8217761272208921,0.846702029950196,0.1252847380410023,3073,mendeley,iscx,dqn,23,validation_fpr_limit,0.3812865614891052,18.734012299915776,0.006546800024807453
3878,1722,2870,3259,0.6084917725296274,0.6542862878939972,0.5317343775493555,0.5866786678667867,0.3075,0.6925,0.6121171887746777,0.682225025273916,0.6175843909516816,0.42467388524170857,11729,mendeley,mendeley,dqn,23,default,5e-324,18.734012299915776,0.024314099922776222
0,5600,0,6129,0.5225509421093018,0.5225509421093018,1.0,0.6864150520775003,1.0,0.0,0.5,0.682225025273916,0.6175843909516816,1.0,11729,mendeley,mendeley,dqn,23,validation_f1,-0.23226749897003174,18.734012299915776,0.024314099922776222
5524,76,5499,630,0.5246824111177424,0.8923512747875354,0.1027900146842878,0.18434528163862474,0.013571428571428571,0.9864285714285714,0.5446092930564296,0.682225025273916,0.6175843909516816,0.06019268479836303,11729,mendeley,mendeley,dqn,23,validation_fpr_limit,0.3812865614891052,18.734012299915776,0.024314099922776222
1370,186,350,1167,0.8255776114546046,0.8625277161862528,0.7692814765985497,0.8132404181184669,0.11953727506426735,0.8804627249357326,0.8248721007671411,0.8241120148538115,0.8472714124244001,0.44028636511552227,3073,mendeley,iscx,ddqn,23,default,5e-324,11.203558000037447,0.004695399897173047
0,1556,0,1517,0.4936544093719492,0.4936544093719492,1.0,0.6610021786492375,1.0,0.0,0.5,0.8241120148538115,0.8472714124244001,1.0,3073,mendeley,iscx,ddqn,23,validation_f1,-0.22577917575836182,11.203558000037447,0.004695399897173047
1516,40,1168,349,0.6068987959648552,0.897172236503856,0.23005932762030323,0.36621196222455404,0.02570694087403599,0.974293059125964,0.6021761933731336,0.8241120148538115,0.8472714124244001,0.12658639765701268,3073,mendeley,iscx,ddqn,23,validation_fpr_limit,0.44177335500717163,11.203558000037447,0.004695399897173047
3874,1726,2819,3310,0.6124989342654957,0.6572676727561557,0.5400554739761788,0.5929243170622481,0.3082142857142857,0.6917857142857143,0.6159205941309466,0.6813948117987586,0.6177090617206256,0.42936311706027797,11729,mendeley,mendeley,ddqn,23,default,5e-324,11.203558000037447,0.016610000049695373
0,5600,0,6129,0.5225509421093018,0.5225509421093018,1.0,0.6864150520775003,1.0,0.0,0.5,0.6813948117987586,0.6177090617206256,1.0,11729,mendeley,mendeley,ddqn,23,validation_f1,-0.22577917575836182,11.203558000037447,0.016610000049695373
5523,77,5498,631,0.5246824111177424,0.8912429378531074,0.10295317343775494,0.1845838818195115,0.01375,0.98625,0.5446015867188775,0.6813948117987586,0.6177090617206256,0.06036320231903828,11729,mendeley,mendeley,ddqn,23,validation_fpr_limit,0.44177335500717163,11.203558000037447,0.016610000049695373
0,1556,0,1517,0.4936544093719492,0.4936544093719492,1.0,0.6610021786492375,1.0,0.0,0.5,0.4936544093719492,0.5,1.0,3073,mendeley,iscx,always_malicious,37,default,0.5000000000000001,7.830001413822174e-05,5.050003528594971e-05
0,1556,0,1517,0.4936544093719492,0.4936544093719492,1.0,0.6610021786492375,1.0,0.0,0.5,0.4936544093719492,0.5,1.0,3073,mendeley,iscx,always_malicious,37,validation_f1,1.0,7.830001413822174e-05,5.050003528594971e-05
1556,0,1517,0,0.5063455906280507,0.0,0.0,0.0,0.0,1.0,0.5,0.4936544093719492,0.5,0.0,3073,mendeley,iscx,always_malicious,37,validation_fpr_limit,1.0000000000000002,7.830001413822174e-05,5.050003528594971e-05
0,5600,0,6129,0.5225509421093018,0.5225509421093018,1.0,0.6864150520775003,1.0,0.0,0.5,0.5225509421093018,0.5,1.0,11729,mendeley,mendeley,always_malicious,37,default,0.5000000000000001,7.830001413822174e-05,6.200000643730164e-05
0,5600,0,6129,0.5225509421093018,0.5225509421093018,1.0,0.6864150520775003,1.0,0.0,0.5,0.5225509421093018,0.5,1.0,11729,mendeley,mendeley,always_malicious,37,validation_f1,1.0,7.830001413822174e-05,6.200000643730164e-05
5600,0,6129,0,0.47744905789069825,0.0,0.0,0.0,0.0,1.0,0.5,0.5225509421093018,0.5,0.0,11729,mendeley,mendeley,always_malicious,37,validation_fpr_limit,1.0000000000000002,7.830001413822174e-05,6.200000643730164e-05
1380,176,240,1277,0.864627399934917,0.8788713007570543,0.8417930125247198,0.8599326599326599,0.11311053984575835,0.8868894601542416,0.8643412363394807,0.8892748694759209,0.9205902089938707,0.4728278555157826,3073,mendeley,iscx,logistic,37,default,5e-324,0.08637920022010803,0.0006726998835802078
0,1556,0,1517,0.4936544093719492,0.4936544093719492,1.0,0.6610021786492375,1.0,0.0,0.5,0.8892748694759209,0.9205902089938707,1.0,3073,mendeley,iscx,logistic,37,validation_f1,-0.38897860050201416,0.08637920022010803,0.0006726998835802078
1531,25,1241,276,0.5880247315327042,0.9169435215946844,0.18193803559657218,0.30363036303630364,0.016066838046272493,0.9839331619537275,0.5829355987751499,0.8892748694759209,0.9205902089938707,0.0979498861047836,3073,mendeley,iscx,logistic,37,validation_fpr_limit,0.6016767024993896,0.08637920022010803,0.0006726998835802078
1996,3604,2210,3919,0.50430556739705,0.5209357968895387,0.639419154837657,0.5741283328450044,0.6435714285714286,0.35642857142857143,0.4979238631331142,0.6394095559730726,0.5625472723352679,0.6414016540199505,11729,mendeley,mendeley,logistic,37,default,5e-324,0.08637920022010803,0.0018170999828726053
0,5600,0,6129,0.5225509421093018,0.5225509421093018,1.0,0.6864150520775003,1.0,0.0,0.5,0.6394095559730726,0.5625472723352679,1.0,11729,mendeley,mendeley,logistic,37,validation_f1,-0.38897860050201416,0.08637920022010803,0.0018170999828726053
5542,58,5725,404,0.5069485889675164,0.8744588744588745,0.0659161364007179,0.12259141253224093,0.010357142857142856,0.9896428571428572,0.5277794967717875,0.6394095559730726,0.5625472723352679,0.03938954727598261,11729,mendeley,mendeley,logistic,37,validation_fpr_limit,0.6016767024993896,0.08637920022010803,0.0018170999828726053
857,699,564,953,0.589000976244712,0.5768765133171913,0.6282135794330916,0.6014515620069423,0.44922879177377895,0.550771208226221,0.5894923938296563,0.6420298946114532,0.6138824259082584,0.5375854214123007,3073,mendeley,iscx,random_forest,37,default,0.5000000000000001,4.304656200110912,0.17591400002129376
0,1556,0,1517,0.4936544093719492,0.4936544093719492,1.0,0.6610021786492375,1.0,0.0,0.5,0.6420298946114532,0.6138824259082584,1.0,3073,mendeley,iscx,random_forest,37,validation_f1,0.04,4.304656200110912,0.17591400002129376
1526,30,1271,246,0.5766352098926131,0.8913043478260869,0.16216216216216217,0.2744004461795873,0.019280205655526992,0.980719794344473,0.5714409782533176,0.6420298946114532,0.6138824259082584,0.08981451350471852,3073,mendeley,iscx,random_forest,37,validation_fpr_limit,0.9847603701157351,4.304656200110912,0.17591400002129376
2371,3229,2702,3427,0.49433029243754795,0.5148737980769231,0.5591450481318323,0.5360969886585842,0.5766071428571429,0.4233928571428571,0.4912689526373447,0.5643230634037533,0.48127827599468564,0.5674823088072299,11729,mendeley,mendeley,random_forest,37,default,0.5000000000000001,4.304656200110912,0.33600380015559494
0,5600,0,6129,0.5225509421093018,0.5225509421093018,1.0,0.6864150520775003,1.0,0.0,0.5,0.5643230634037533,0.48127827599468564,1.0,11729,mendeley,mendeley,random_forest,37,validation_f1,0.04,4.304656200110912,0.33600380015559494
5571,29,5702,427,0.5113820445050729,0.9364035087719298,0.06966878773046174,0.12968868640850417,0.005178571428571428,0.9948214285714285,0.5322451081509452,0.5643230634037533,0.48127827599468564,0.03887799471395686,11729,mendeley,mendeley,random_forest,37,validation_fpr_limit,0.9847603701157351,4.304656200110912,0.33600380015559494
705,851,215,1302,0.6531077123332248,0.6047375754760799,0.8582729070533949,0.7095367847411445,0.5469151670951157,0.4530848329048843,0.6556788699791396,0.7960484191734495,0.8088150066173768,0.700618288317605,3073,mendeley,iscx,mlp,37,default,5e-324,8.662018100032583,0.013814299833029509
588,968,175,1342,0.6280507647250244,0.580952380952381,0.8846407382992749,0.701332636529919,0.622107969151671,0.37789203084832906,0.631266384573802,0.7960484191734495,0.8088150066173768,0.7517084282460137,3073,mendeley,iscx,mlp,37,validation_f1,-0.040212761610746384,8.662018100032583,0.013814299833029509
1519,37,1183,334,0.602993817116824,0.9002695417789758,0.22017139090309823,0.3538135593220339,0.02377892030848329,0.9762210796915167,0.5981962352973075,0.7960484191734495,0.8088150066173768,0.12072892938496584,3073,mendeley,iscx,mlp,37,validation_fpr_limit,0.7723375558853149,8.662018100032583,0.013814299833029509
1178,4422,1434,4695,0.5007246994628698,0.5149720302731161,0.7660303475281449,0.6158992522628887,0.7896428571428571,0.21035714285714285,0.4881937451926439,0.6806152528664189,0.6223532153928629,0.7773041179981243,11729,mendeley,mendeley,mlp,37,default,5e-324,8.662018100032583,0.029266600031405687
890,4710,900,5229,0.5216983545059255,0.5261092665258075,0.8531571218795888,0.6508588498879762,0.8410714285714286,0.15892857142857142,0.5060428466540801,0.6806152528664189,0.6223532153928629,0.8473868189956518,11729,mendeley,mendeley,mlp,37,validation_f1,-0.040212761610746384,8.662018100032583,0.029266600031405687
5532,68,5561,568,0.5200784380595106,0.8930817610062893,0.09267417196932616,0.16792313377679233,0.012142857142857143,0.9878571428571429,0.5402656574132345,0.6806152528664189,0.6223532153928629,0.054224571574729305,11729,mendeley,mendeley,mlp,37,validation_fpr_limit,0.7723375558853149,8.662018100032583,0.029266600031405687
1412,144,349,1168,0.8395704523267166,0.8902439024390244,0.7699406723796968,0.8257334747260516,0.09254498714652956,0.9074550128534704,0.8386978426165836,0.8521309999274767,0.8798850813318805,0.42694435405141556,3073,mendeley,iscx,dqn,37,default,5e-324,11.07332589989528,0.002116299932822585
0,1556,0,1517,0.4936544093719492,0.4936544093719492,1.0,0.6610021786492375,1.0,0.0,0.5,0.8521309999274767,0.8798850813318805,1.0,3073,mendeley,iscx,dqn,37,validation_f1,-0.12515157461166382,11.07332589989528,0.002116299932822585
1519,37,1190,327,0.6007159127888058,0.8983516483516484,0.21555702043506922,0.34768740031897927,0.02377892030848329,0.9762210796915167,0.595889050063293,0.8521309999274767,0.8798850813318805,0.11845102505694761,3073,mendeley,iscx,dqn,37,validation_fpr_limit,0.5256651639938354,11.07332589989528,0.002116299932822585
3370,2230,2823,3306,0.5691874840139824,0.5971820809248555,0.5394028389623103,0.5668238319759966,0.3982142857142857,0.6017857142857143,0.5705942766240123,0.6591665025289919,0.5948920821387782,0.4719924972290903,11729,mendeley,mendeley,dqn,37,default,5e-324,11.07332589989528,0.022238300181925297
0,5600,0,6129,0.5225509421093018,0.5225509421093018,1.0,0.6864150520775003,1.0,0.0,0.5,0.6591665025289919,0.5948920821387782,1.0,11729,mendeley,mendeley,dqn,37,validation_f1,-0.12515157461166382,11.07332589989528,0.022238300181925297
5542,58,5648,481,0.5135135135135135,0.8923933209647495,0.07847936041768641,0.14427114577084582,0.010357142857142856,0.9896428571428572,0.5340611087802718,0.6591665025289919,0.5948920821387782,0.04595447182197971,11729,mendeley,mendeley,dqn,37,validation_fpr_limit,0.5256651639938354,11.07332589989528,0.022238300181925297
1370,186,292,1225,0.8444516758867556,0.8681785967399008,0.8075148319050758,0.8367486338797814,0.11953727506426735,0.8804627249357326,0.8439887784204042,0.8495869382800677,0.8763925299052892,0.4591604295476733,3073,mendeley,iscx,ddqn,37,default,5e-324,8.905501199886203,0.1439101998694241
0,1556,0,1517,0.4936544093719492,0.4936544093719492,1.0,0.6610021786492375,1.0,0.0,0.5,0.8495869382800677,0.8763925299052892,1.0,3073,mendeley,iscx,ddqn,37,validation_f1,-0.10516142845153809,8.905501199886203,0.1439101998694241
1519,37,1190,327,0.6007159127888058,0.8983516483516484,0.21555702043506922,0.34768740031897927,0.02377892030848329,0.9762210796915167,0.595889050063293,0.8495869382800677,0.8763925299052892,0.11845102505694761,3073,mendeley,iscx,ddqn,37,validation_fpr_limit,0.5606012940406799,8.905501199886203,0.1439101998694241
2901,2699,2482,3647,0.5582743626907665,0.5746927198235109,0.5950399738945994,0.584689378757515,0.48196428571428573,0.5180357142857143,0.5565378440901568,0.6602550369709141,0.596774351443955,0.5410520931025663,11729,mendeley,mendeley,ddqn,37,default,5e-324,8.905501199886203,0.12746099987998605
0,5600,0,6129,0.5225509421093018,0.5225509421093018,1.0,0.6864150520775003,1.0,0.0,0.5,0.6602550369709141,0.596774351443955,1.0,11729,mendeley,mendeley,ddqn,37,validation_f1,-0.10516142845153809,8.905501199886203,0.12746099987998605
5542,58,5648,481,0.5135135135135135,0.8923933209647495,0.07847936041768641,0.14427114577084582,0.010357142857142856,0.9896428571428572,0.5340611087802718,0.6602550369709141,0.596774351443955,0.04595447182197971,11729,mendeley,mendeley,ddqn,37,validation_fpr_limit,0.5606012940406799,8.905501199886203,0.12746099987998605
0,1556,0,1517,0.4936544093719492,0.4936544093719492,1.0,0.6610021786492375,1.0,0.0,0.5,0.4936544093719492,0.5,1.0,3073,mendeley,iscx,always_malicious,51,default,0.5000000000000001,8.610007353127003e-05,6.610015407204628e-05
0,1556,0,1517,0.4936544093719492,0.4936544093719492,1.0,0.6610021786492375,1.0,0.0,0.5,0.4936544093719492,0.5,1.0,3073,mendeley,iscx,always_malicious,51,validation_f1,1.0,8.610007353127003e-05,6.610015407204628e-05
1556,0,1517,0,0.5063455906280507,0.0,0.0,0.0,0.0,1.0,0.5,0.4936544093719492,0.5,0.0,3073,mendeley,iscx,always_malicious,51,validation_fpr_limit,1.0000000000000002,8.610007353127003e-05,6.610015407204628e-05
0,5600,0,6129,0.5225509421093018,0.5225509421093018,1.0,0.6864150520775003,1.0,0.0,0.5,0.5225509421093018,0.5,1.0,11729,mendeley,mendeley,always_malicious,51,default,0.5000000000000001,8.610007353127003e-05,7.919990457594395e-05
0,5600,0,6129,0.5225509421093018,0.5225509421093018,1.0,0.6864150520775003,1.0,0.0,0.5,0.5225509421093018,0.5,1.0,11729,mendeley,mendeley,always_malicious,51,validation_f1,1.0,8.610007353127003e-05,7.919990457594395e-05
5600,0,6129,0,0.47744905789069825,0.0,0.0,0.0,0.0,1.0,0.5,0.5225509421093018,0.5,0.0,11729,mendeley,mendeley,always_malicious,51,validation_fpr_limit,1.0000000000000002,8.610007353127003e-05,7.919990457594395e-05
1380,176,240,1277,0.864627399934917,0.8788713007570543,0.8417930125247198,0.8599326599326599,0.11311053984575835,0.8868894601542416,0.8643412363394807,0.8892748694759209,0.9205902089938707,0.4728278555157826,3073,mendeley,iscx,logistic,51,default,5e-324,0.15968120004981756,0.0006095999851822853
0,1556,0,1517,0.4936544093719492,0.4936544093719492,1.0,0.6610021786492375,1.0,0.0,0.5,0.8892748694759209,0.9205902089938707,1.0,3073,mendeley,iscx,logistic,51,validation_f1,-0.38897860050201416,0.15968120004981756,0.0006095999851822853
1531,25,1241,276,0.5880247315327042,0.9169435215946844,0.18193803559657218,0.30363036303630364,0.016066838046272493,0.9839331619537275,0.5829355987751499,0.8892748694759209,0.9205902089938707,0.0979498861047836,3073,mendeley,iscx,logistic,51,validation_fpr_limit,0.6016767024993896,0.15968120004981756,0.0006095999851822853
1996,3604,2210,3919,0.50430556739705,0.5209357968895387,0.639419154837657,0.5741283328450044,0.6435714285714286,0.35642857142857143,0.4979238631331142,0.6394095559730726,0.5625472723352679,0.6414016540199505,11729,mendeley,mendeley,logistic,51,default,5e-324,0.15968120004981756,0.0005558999255299568
0,5600,0,6129,0.5225509421093018,0.5225509421093018,1.0,0.6864150520775003,1.0,0.0,0.5,0.6394095559730726,0.5625472723352679,1.0,11729,mendeley,mendeley,logistic,51,validation_f1,-0.38897860050201416,0.15968120004981756,0.0005558999255299568
5542,58,5725,404,0.5069485889675164,0.8744588744588745,0.0659161364007179,0.12259141253224093,0.010357142857142856,0.9896428571428572,0.5277794967717875,0.6394095559730726,0.5625472723352679,0.03938954727598261,11729,mendeley,mendeley,logistic,51,validation_fpr_limit,0.6016767024993896,0.15968120004981756,0.0005558999255299568
857,699,564,953,0.589000976244712,0.5768765133171913,0.6282135794330916,0.6014515620069423,0.44922879177377895,0.550771208226221,0.5894923938296563,0.6420816609028044,0.6156687363267713,0.5375854214123007,3073,mendeley,iscx,random_forest,51,default,0.5000000000000001,4.677499199984595,0.2169296001084149
0,1556,0,1517,0.4936544093719492,0.4936544093719492,1.0,0.6610021786492375,1.0,0.0,0.5,0.6420816609028044,0.6156687363267713,1.0,3073,mendeley,iscx,random_forest,51,validation_f1,0.05,4.677499199984595,0.2169296001084149
1526,30,1269,248,0.5772860397006183,0.8920863309352518,0.16348055372445616,0.2763231197771588,0.019280205655526992,0.980719794344473,0.5721001740344646,0.6420816609028044,0.6156687363267713,0.09046534331272373,3073,mendeley,iscx,random_forest,51,validation_fpr_limit,0.9846004864089122,4.677499199984595,0.2169296001084149
2371,3229,2702,3427,0.49433029243754795,0.5148737980769231,0.5591450481318323,0.5360969886585842,0.5766071428571429,0.4233928571428571,0.4912689526373447,0.5621792838582649,0.4764928880264783,0.5674823088072299,11729,mendeley,mendeley,random_forest,51,default,0.5000000000000001,4.677499199984595,0.42023329995572567
0,5600,0,6129,0.5225509421093018,0.5225509421093018,1.0,0.6864150520775003,1.0,0.0,0.5,0.5621792838582649,0.4764928880264783,1.0,11729,mendeley,mendeley,random_forest,51,validation_f1,0.05,4.677499199984595,0.42023329995572567
5571,29,5702,427,0.5113820445050729,0.9364035087719298,0.06966878773046174,0.12968868640850417,0.005178571428571428,0.9948214285714285,0.5322451081509452,0.5621792838582649,0.4764928880264783,0.03887799471395686,11729,mendeley,mendeley,random_forest,51,validation_fpr_limit,0.9846004864089122,4.677499199984595,0.42023329995572567
1175,381,375,1142,0.7539863325740319,0.7498358502954695,0.7528015820698748,0.7513157894736842,0.2448586118251928,0.7551413881748072,0.753971485122341,0.7940956122704558,0.8005248571036394,0.49560689879596487,3073,mendeley,iscx,mlp,51,default,5e-324,9.32270639995113,0.004451500019058585
566,990,174,1343,0.6212170517409698,0.5756536648092585,0.8852999340804218,0.6976623376623377,0.6362467866323908,0.36375321336760924,0.6245265737240155,0.7940956122704558,0.8005248571036394,0.7591929710380736,3073,mendeley,iscx,mlp,51,validation_f1,-0.16040539741516113,9.32270639995113,0.004451500019058585
1519,37,1176,341,0.6052717214448422,0.9021164021164021,0.2247857613711272,0.35989445910290235,0.02377892030848329,0.9762210796915167,0.600503420531322,0.7940956122704558,0.8005248571036394,0.12300683371298406,3073,mendeley,iscx,mlp,51,validation_fpr_limit,0.6150529384613037,9.32270639995113,0.004451500019058585
3385,2215,2549,3580,0.593827265751556,0.6177739430543572,0.5841083374123022,0.600469641060047,0.39553571428571427,0.6044642857142857,0.5942863115632939,0.6784898856828567,0.6187215200568724,0.4940745161565351,11729,mendeley,mendeley,mlp,51,default,5e-324,9.32270639995113,0.011501000029966235
886,4714,855,5274,0.5251939636797681,0.5280336403684421,0.8604992657856094,0.6544642303158156,0.8417857142857142,0.15821428571428572,0.5093567757499475,0.6784898856828567,0.6187215200568724,0.8515644982521954,11729,mendeley,mendeley,mlp,51,validation_f1,-0.16040539741516113,9.32270639995113,0.011501000029966235
5526,74,5549,580,0.5205899906215363,0.8868501529051988,0.09463207701093164,0.171015774730945,0.013214285714285715,0.9867857142857143,0.5407088956483229,0.6784898856828567,0.6187215200568724,0.05575922926080655,11729,mendeley,mendeley,mlp,51,validation_fpr_limit,0.6150529384613037,9.32270639995113,0.011501000029966235
1503,53,633,884,0.7767653758542141,0.9434364994663821,0.5827290705339486,0.7204563977180114,0.03406169665809768,0.9659383033419023,0.7743336869379255,0.8586358733480131,0.8858896516429905,0.3049137650504393,3073,mendeley,iscx,dqn,51,default,5e-324,13.304113700054586,0.005385399796068668
47,1509,5,1512,0.5073218353400586,0.5004965243296922,0.996704021094265,0.6663728514764213,0.9697943444730077,0.030205655526992288,0.5134548383106287,0.8586358733480131,0.8858896516429905,0.9830784249918646,3073,mendeley,iscx,dqn,51,validation_f1,-0.17876476049423218,13.304113700054586,0.005385399796068668
1519,37,1208,309,0.5948584445167588,0.8930635838150289,0.20369149637442321,0.33172302737520126,0.02377892030848329,0.9762210796915167,0.58995628803297,0.8586358733480131,0.8858896516429905,0.11259355678490075,3073,mendeley,iscx,dqn,51,validation_fpr_limit,0.3849369287490845,13.304113700054586,0.005385399796068668
4746,854,4278,1851,0.5624520419473101,0.6842883548983364,0.3020068526676456,0.41906271224813224,0.1525,0.8475,0.5747534263338228,0.6580621427250433,0.5973687591776798,0.2306249467132748,11729,mendeley,mendeley,dqn,51,default,5e-324,13.304113700054586,0.01570370001718402
0,5600,14,6115,0.521357319464575,0.5219803670507895,0.9977157774514602,0.6853844429500112,1.0,0.0,0.4988578887257301,0.6580621427250433,0.5973687591776798,0.9988063773552732,11729,mendeley,mendeley,dqn,51,validation_f1,-0.17876476049423218,13.304113700054586,0.01570370001718402
5542,58,5663,466,0.5122346321084491,0.8893129770992366,0.07603197911567956,0.14008717871636855,0.010357142857142856,0.9896428571428572,0.5328374181292683,0.6580621427250433,0.5973687591776798,0.04467559041691534,11729,mendeley,mendeley,dqn,51,validation_fpr_limit,0.3849369287490845,13.304113700054586,0.01570370001718402
1461,95,599,918,0.7741620566221933,0.9062191510365252,0.6051417270929466,0.7256916996047431,0.061053984575835475,0.9389460154241646,0.7720438712585556,0.8567259592665244,0.8858265281395259,0.3296452977546372,3073,mendeley,iscx,ddqn,51,default,5e-324,9.36157409986481,0.006995900068432093
47,1509,5,1512,0.5073218353400586,0.5004965243296922,0.996704021094265,0.6663728514764213,0.9697943444730077,0.030205655526992288,0.5134548383106287,0.8567259592665244,0.8858265281395259,0.9830784249918646,3073,mendeley,iscx,ddqn,51,validation_f1,-0.13744664192199707,9.36157409986481,0.006995900068432093
1519,37,1208,309,0.5948584445167588,0.8930635838150289,0.20369149637442321,0.33172302737520126,0.02377892030848329,0.9762210796915167,0.58995628803297,0.8567259592665244,0.8858265281395259,0.11259355678490075,3073,mendeley,iscx,ddqn,51,validation_fpr_limit,0.35020583868026733,9.36157409986481,0.006995900068432093
4629,971,4182,1947,0.56066160798022,0.6672378341329678,0.3176700930004895,0.4304189234000221,0.17339285714285715,0.8266071428571429,0.5721386179288162,0.6580525451149739,0.597825676526117,0.24878506266518885,11729,mendeley,mendeley,ddqn,51,default,5e-324,9.36157409986481,0.021033500088378787
0,5600,14,6115,0.521357319464575,0.5219803670507895,0.9977157774514602,0.6853844429500112,1.0,0.0,0.4988578887257301,0.6580525451149739,0.597825676526117,0.9988063773552732,11729,mendeley,mendeley,ddqn,51,validation_f1,-0.13744664192199707,9.36157409986481,0.021033500088378787
5542,58,5663,466,0.5122346321084491,0.8893129770992366,0.07603197911567956,0.14008717871636855,0.010357142857142856,0.9896428571428572,0.5328374181292683,0.6580525451149739,0.597825676526117,0.04467559041691534,11729,mendeley,mendeley,ddqn,51,validation_fpr_limit,0.35020583868026733,9.36157409986481,0.021033500088378787
0,1556,0,1517,0.4936544093719492,0.4936544093719492,1.0,0.6610021786492375,1.0,0.0,0.5,0.4936544093719492,0.5,1.0,3073,mendeley,iscx,always_malicious,71,default,0.5000000000000001,7.349997758865356e-05,8.610007353127003e-05
0,1556,0,1517,0.4936544093719492,0.4936544093719492,1.0,0.6610021786492375,1.0,0.0,0.5,0.4936544093719492,0.5,1.0,3073,mendeley,iscx,always_malicious,71,validation_f1,1.0,7.349997758865356e-05,8.610007353127003e-05
1556,0,1517,0,0.5063455906280507,0.0,0.0,0.0,0.0,1.0,0.5,0.4936544093719492,0.5,0.0,3073,mendeley,iscx,always_malicious,71,validation_fpr_limit,1.0000000000000002,7.349997758865356e-05,8.610007353127003e-05
0,5600,0,6129,0.5225509421093018,0.5225509421093018,1.0,0.6864150520775003,1.0,0.0,0.5,0.5225509421093018,0.5,1.0,11729,mendeley,mendeley,always_malicious,71,default,0.5000000000000001,7.349997758865356e-05,7.850001566112041e-05
0,5600,0,6129,0.5225509421093018,0.5225509421093018,1.0,0.6864150520775003,1.0,0.0,0.5,0.5225509421093018,0.5,1.0,11729,mendeley,mendeley,always_malicious,71,validation_f1,1.0,7.349997758865356e-05,7.850001566112041e-05
5600,0,6129,0,0.47744905789069825,0.0,0.0,0.0,0.0,1.0,0.5,0.5225509421093018,0.5,0.0,11729,mendeley,mendeley,always_malicious,71,validation_fpr_limit,1.0000000000000002,7.349997758865356e-05,7.850001566112041e-05
1380,176,240,1277,0.864627399934917,0.8788713007570543,0.8417930125247198,0.8599326599326599,0.11311053984575835,0.8868894601542416,0.8643412363394807,0.8892748694759209,0.9205902089938707,0.4728278555157826,3073,mendeley,iscx,logistic,71,default,5e-324,0.06887750001624227,0.0004406999796628952
0,1556,0,1517,0.4936544093719492,0.4936544093719492,1.0,0.6610021786492375,1.0,0.0,0.5,0.8892748694759209,0.9205902089938707,1.0,3073,mendeley,iscx,logistic,71,validation_f1,-0.38897860050201416,0.06887750001624227,0.0004406999796628952
1531,25,1241,276,0.5880247315327042,0.9169435215946844,0.18193803559657218,0.30363036303630364,0.016066838046272493,0.9839331619537275,0.5829355987751499,0.8892748694759209,0.9205902089938707,0.0979498861047836,3073,mendeley,iscx,logistic,71,validation_fpr_limit,0.6016767024993896,0.06887750001624227,0.0004406999796628952
1996,3604,2210,3919,0.50430556739705,0.5209357968895387,0.639419154837657,0.5741283328450044,0.6435714285714286,0.35642857142857143,0.4979238631331142,0.6394095559730726,0.5625472723352679,0.6414016540199505,11729,mendeley,mendeley,logistic,71,default,5e-324,0.06887750001624227,0.003504800144582987
0,5600,0,6129,0.5225509421093018,0.5225509421093018,1.0,0.6864150520775003,1.0,0.0,0.5,0.6394095559730726,0.5625472723352679,1.0,11729,mendeley,mendeley,logistic,71,validation_f1,-0.38897860050201416,0.06887750001624227,0.003504800144582987
5542,58,5725,404,0.5069485889675164,0.8744588744588745,0.0659161364007179,0.12259141253224093,0.010357142857142856,0.9896428571428572,0.5277794967717875,0.6394095559730726,0.5625472723352679,0.03938954727598261,11729,mendeley,mendeley,logistic,71,validation_fpr_limit,0.6016767024993896,0.06887750001624227,0.003504800144582987
857,699,565,952,0.5886755613407094,0.5766202301635373,0.6275543836519446,0.601010101010101,0.44922879177377895,0.550771208226221,0.5891627959390828,0.6430527014519913,0.6163842772485948,0.5372600065082981,3073,mendeley,iscx,random_forest,71,default,0.5000000000000001,3.0252894998993725,0.2048949000891298
0,1556,0,1517,0.4936544093719492,0.4936544093719492,1.0,0.6610021786492375,1.0,0.0,0.5,0.6430527014519913,0.6163842772485948,1.0,3073,mendeley,iscx,random_forest,71,validation_f1,0.045,3.0252894998993725,0.2048949000891298
1526,30,1271,246,0.5766352098926131,0.8913043478260869,0.16216216216216217,0.2744004461795873,0.019280205655526992,0.980719794344473,0.5714409782533176,0.6430527014519913,0.6163842772485948,0.08981451350471852,3073,mendeley,iscx,random_forest,71,validation_fpr_limit,0.9833333333333334,3.0252894998993725,0.2048949000891298
2372,3228,2704,3425,0.49424503367721034,0.5148053509694874,0.5588187306248981,0.5359098732592709,0.5764285714285714,0.4235714285714286,0.49119507959816333,0.5632379372909802,0.4775621023005384,0.567226532526217,11729,mendeley,mendeley,random_forest,71,default,0.5000000000000001,3.0252894998993725,0.2978999998886138
0,5600,0,6129,0.5225509421093018,0.5225509421093018,1.0,0.6864150520775003,1.0,0.0,0.5,0.5632379372909802,0.4775621023005384,1.0,11729,mendeley,mendeley,random_forest,71,validation_f1,0.045,3.0252894998993725,0.2978999998886138
5571,29,5702,427,0.5113820445050729,0.9364035087719298,0.06966878773046174,0.12968868640850417,0.005178571428571428,0.9948214285714285,0.5322451081509452,0.5632379372909802,0.4775621023005384,0.03887799471395686,11729,mendeley,mendeley,random_forest,71,validation_fpr_limit,0.9833333333333334,3.0252894998993725,0.2978999998886138
933,623,328,1189,0.6905304262935242,0.6561810154525386,0.7837837837837838,0.71432862721538,0.4003856041131105,0.5996143958868895,0.6916990898353366,0.7820993894544679,0.8006481385768488,0.5896518060527172,3073,mendeley,iscx,mlp,71,default,5e-324,7.309132800204679,0.020045400131493807
0,1556,0,1517,0.4936544093719492,0.4936544093719492,1.0,0.6610021786492375,1.0,0.0,0.5,0.7820993894544679,0.8006481385768488,1.0,3073,mendeley,iscx,mlp,71,validation_f1,-0.2156999260187149,7.309132800204679,0.020045400131493807
1519,37,1183,334,0.602993817116824,0.9002695417789758,0.22017139090309823,0.3538135593220339,0.02377892030848329,0.9762210796915167,0.5981962352973075,0.7820993894544679,0.8006481385768488,0.12072892938496584,3073,mendeley,iscx,mlp,71,validation_fpr_limit,0.5930707454681396,7.309132800204679,0.020045400131493807
2642,2958,2180,3949,0.5619404893852843,0.5717388156942232,0.6443139174416708,0.6058606934642529,0.5282142857142857,0.4717857142857143,0.5580498158636925,0.6792083290865449,0.6162216365988392,0.5888822576519738,11729,mendeley,mendeley,mlp,71,default,5e-324,7.309132800204679,0.0309107000939548
0,5600,0,6129,0.5225509421093018,0.5225509421093018,1.0,0.6864150520775003,1.0,0.0,0.5,0.6792083290865449,0.6162216365988392,1.0,11729,mendeley,mendeley,mlp,71,validation_f1,-0.2156999260187149,7.309132800204679,0.0309107000939548
5553,47,5539,590,0.5237445647540285,0.9262166405023547,0.09626366454560287,0.17440141885900087,0.008392857142857143,0.9916071428571429,0.5439354037013728,0.6792083290865449,0.6162216365988392,0.05430983033506693,11729,mendeley,mendeley,mlp,71,validation_fpr_limit,0.5930707454681396,7.309132800204679,0.0309107000939548
1418,138,354,1163,0.8398958672307192,0.8939277478862413,0.7666446934739618,0.8254080908445706,0.08868894601542417,0.9113110539845758,0.8389778737292688,0.8606161432913026,0.8928709416671046,0.4233647901073869,3073,mendeley,iscx,dqn,71,default,5e-324,10.792761399876326,0.0022944998927414417
0,1556,0,1517,0.4936544093719492,0.4936544093719492,1.0,0.6610021786492375,1.0,0.0,0.5,0.8606161432913026,0.8928709416671046,1.0,3073,mendeley,iscx,dqn,71,validation_f1,-0.17021077871322632,10.792761399876326,0.0022944998927414417
1519,37,1190,327,0.6007159127888058,0.8983516483516484,0.21555702043506922,0.34768740031897927,0.02377892030848329,0.9762210796915167,0.595889050063293,0.8606161432913026,0.8928709416671046,0.11845102505694761,3073,mendeley,iscx,dqn,71,validation_fpr_limit,0.6055182814598083,10.792761399876326,0.0022944998927414417
3377,2223,2890,3239,0.5640719583937249,0.593006224826071,0.528471202480013,0.5588818911224226,0.3969642857142857,0.6030357142857142,0.5657534583828636,0.659765050292949,0.5958839853856375,0.46568334896410607,11729,mendeley,mendeley,dqn,71,default,5e-324,10.792761399876326,0.007416199892759323
0,5600,0,6129,0.5225509421093018,0.5225509421093018,1.0,0.6864150520775003,1.0,0.0,0.5,0.659765050292949,0.5958839853856375,1.0,11729,mendeley,mendeley,dqn,71,validation_f1,-0.17021077871322632,10.792761399876326,0.007416199892759323
5542,58,5646,483,0.5136840310341888,0.8927911275415896,0.07880567792462066,0.14482758620689656,0.010357142857142856,0.9896428571428572,0.5342242675337389,0.659765050292949,0.5958839853856375,0.04612498934265496,11729,mendeley,mendeley,dqn,71,validation_fpr_limit,0.6055182814598083,10.792761399876326,0.007416199892759323
1396,160,347,1170,0.8350146436706801,0.8796992481203008,0.7712590639419907,0.821917808219178,0.10282776349614396,0.897172236503856,0.8342156502229234,0.8524157007163448,0.8796247498360482,0.4328018223234624,3073,mendeley,iscx,ddqn,71,default,5e-324,5.820483600022271,0.002931100083515048
0,1556,0,1517,0.4936544093719492,0.4936544093719492,1.0,0.6610021786492375,1.0,0.0,0.5,0.8524157007163448,0.8796247498360482,1.0,3073,mendeley,iscx,ddqn,71,validation_f1,-0.19101101160049438,5.820483600022271,0.002931100083515048
1519,37,1188,329,0.6013667425968109,0.8989071038251366,0.2168754119973632,0.34944237918215615,0.02377892030848329,0.9762210796915167,0.59654824584444,0.8524157007163448,0.8796247498360482,0.11910185486495281,3073,mendeley,iscx,ddqn,71,validation_fpr_limit,0.5573238730430603,5.820483600022271,0.002931100083515048
3369,2231,2769,3360,0.5737061983118765,0.6009658379538544,0.548213411649535,0.5733788395904437,0.39839285714285716,0.6016071428571429,0.574910277253339,0.6619132306149937,0.596905213504883,0.47668172904765965,11729,mendeley,mendeley,ddqn,71,default,5e-324,5.820483600022271,0.009499500039964914
0,5600,0,6129,0.5225509421093018,0.5225509421093018,1.0,0.6864150520775003,1.0,0.0,0.5,0.6619132306149937,0.596905213504883,1.0,11729,mendeley,mendeley,ddqn,71,validation_f1,-0.19101101160049438,5.820483600022271,0.009499500039964914
5535,65,5619,510,0.5153892062409413,0.8869565217391304,0.08321096426823299,0.15214797136038186,0.011607142857142858,0.9883928571428572,0.5358019107055451,0.6619132306149937,0.596905213504883,0.049023787194134194,11729,mendeley,mendeley,ddqn,71,validation_fpr_limit,0.5573238730430603,5.820483600022271,0.009499500039964914
