tn,fp,fn,tp,accuracy,precision,recall,f1,fpr,specificity,balanced_accuracy,average_precision,roc_auc,predicted_malicious_fraction,n,source,target,model,seed,operating_point,threshold,fit_seconds,inference_seconds
0,1556,0,1517,0.4936544093719492,0.4936544093719492,1.0,0.6610021786492375,1.0,0.0,0.5,0.4936544093719492,0.5,1.0,3073,iscx,iscx,always_malicious,11,default,0.5000000000000001,2.100132405757904e-06,3.709993325173855e-05
0,1556,0,1517,0.4936544093719492,0.4936544093719492,1.0,0.6610021786492375,1.0,0.0,0.5,0.4936544093719492,0.5,1.0,3073,iscx,iscx,always_malicious,11,validation_f1,1.0,2.100132405757904e-06,3.709993325173855e-05
1556,0,1517,0,0.5063455906280507,0.0,0.0,0.0,0.0,1.0,0.5,0.4936544093719492,0.5,0.0,3073,iscx,iscx,always_malicious,11,validation_fpr_limit,1.0000000000000002,2.100132405757904e-06,3.709993325173855e-05
0,5600,0,6129,0.5225509421093018,0.5225509421093018,1.0,0.6864150520775003,1.0,0.0,0.5,0.5225509421093018,0.5,1.0,11729,iscx,mendeley,always_malicious,11,default,0.5000000000000001,2.100132405757904e-06,0.0005493001081049442
0,5600,0,6129,0.5225509421093018,0.5225509421093018,1.0,0.6864150520775003,1.0,0.0,0.5,0.5225509421093018,0.5,1.0,11729,iscx,mendeley,always_malicious,11,validation_f1,1.0,2.100132405757904e-06,0.0005493001081049442
5600,0,6129,0,0.47744905789069825,0.0,0.0,0.0,0.0,1.0,0.5,0.5225509421093018,0.5,0.0,11729,iscx,mendeley,always_malicious,11,validation_fpr_limit,1.0000000000000002,2.100132405757904e-06,0.0005493001081049442
1364,192,288,1229,0.8438008460787504,0.8648838845883181,0.8101516150296638,0.8366235534377128,0.12339331619537275,0.8766066838046273,0.8433791494171455,0.9406952918396636,0.9345532126897731,0.4624145785876993,3073,iscx,iscx,logistic,11,default,5e-324,0.033440399914979935,0.00041089998558163643
1347,209,278,1239,0.8415229417507322,0.8556629834254144,0.8167435728411339,0.8357504215851602,0.13431876606683804,0.865681233933162,0.841212403387148,0.9406952918396636,0.9345532126897731,0.4712007809957696,3073,iscx,iscx,logistic,11,validation_f1,-0.1349935531616211,0.033440399914979935,0.00041089998558163643
1544,12,726,791,0.7598438008460787,0.9850560398505604,0.5214238628872775,0.6818965517241379,0.007712082262210797,0.9922879177377892,0.7568558903125333,0.9406952918396636,0.9345532126897731,0.26130816791409045,3073,iscx,iscx,logistic,11,validation_fpr_limit,2.9301509857177734,0.033440399914979935,0.00041089998558163643
155,5445,930,5199,0.4564754028476426,0.4884441939120631,0.8482623592755751,0.6199248792702557,0.9723214285714286,0.027678571428571427,0.4379704653520733,0.3535363665992691,0.12712840593897862,0.9074942450336773,11729,iscx,mendeley,logistic,11,default,5e-324,0.033440399914979935,0.0004458001349121332
146,5454,868,5261,0.46099411714553673,0.4909939337377508,0.8583782019905368,0.6246734742341487,0.9739285714285715,0.026071428571428572,0.4422248152809827,0.3535363665992691,0.12712840593897862,0.9135476170176485,11729,iscx,mendeley,logistic,11,validation_f1,-0.1349935531616211,0.033440399914979935,0.0004458001349121332
317,5283,2105,4024,0.3701082786256288,0.43236273772429357,0.656550823951705,0.5213785954910599,0.9433928571428571,0.056607142857142856,0.35657898340442395,0.3535363665992691,0.12712840593897862,0.793503282462273,11729,iscx,mendeley,logistic,11,validation_fpr_limit,2.9301509857177734,0.033440399914979935,0.0004458001349121332
1476,80,172,1345,0.9179954441913439,0.9438596491228071,0.8866183256427159,0.9143439836845684,0.05141388174807198,0.9485861182519281,0.917602221947322,0.976416981582803,0.9704539639018289,0.4637162382037097,3073,iscx,iscx,random_forest,11,default,0.5000000000000001,1.0534711999353021,0.09941390017047524
1301,255,86,1431,0.8890335177351123,0.8487544483985765,0.9433091628213579,0.8935373087730253,0.16388174807197944,0.8361182519280206,0.8897137073746892,0.976416981582803,0.9704539639018289,0.5486495281483892,3073,iscx,iscx,random_forest,11,validation_f1,0.24811376316117578,1.0534711999353021,0.09941390017047524
1540,16,281,1236,0.9033517735112269,0.987220447284345,0.8147659854976929,0.8927410617551462,0.010282776349614395,0.9897172236503856,0.9022416045740392,0.976416981582803,0.9704539639018289,0.4074194598112594,3073,iscx,iscx,random_forest,11,validation_fpr_limit,0.7121225107079452,1.0534711999353021,0.09941390017047524
115,5485,578,5551,0.4830761360729815,0.5029902138455963,0.9056942404960026,0.6467812408971745,0.9794642857142857,0.020535714285714286,0.46311497739085844,0.42529666551249246,0.3108464588723399,0.9409156790860261,11729,iscx,mendeley,random_forest,11,default,0.5000000000000001,1.0534711999353021,0.10946909990161657
85,5515,391,5738,0.4964617614459886,0.5099084688527504,0.9362049273943547,0.6602232194223909,0.9848214285714286,0.015178571428571428,0.475691749411463,0.42529666551249246,0.3108464588723399,0.9594168300792907,11729,iscx,mendeley,random_forest,11,validation_f1,0.24811376316117578,1.0534711999353021,0.10946909990161657
172,5428,1001,5128,0.45187142978941086,0.48579007199696855,0.8366780877794093,0.6146838477674558,0.9692857142857143,0.030714285714285715,0.4336961867468475,0.42529666551249246,0.3108464588723399,0.8999914741239662,11729,iscx,mendeley,random_forest,11,validation_fpr_limit,0.7121225107079452,1.0534711999353021,0.10946909990161657
1490,66,203,1314,0.9124633908232997,0.9521739130434783,0.8661832564271589,0.90714532274767,0.042416452442159386,0.9575835475578406,0.9118834019924997,0.9728042377112783,0.9668436384217938,0.4490725675235926,3073,iscx,iscx,mlp,11,default,5e-324,25.825581500073895,0.002781999995931983
1426,130,142,1375,0.9114871461112919,0.9136212624584718,0.9063941990771259,0.9099933818663137,0.08354755784061697,0.916452442159383,0.9114233206182545,0.9728042377112783,0.9668436384217938,0.489749430523918,3073,iscx,iscx,mlp,11,validation_f1,-0.7685058116912842,25.825581500073895,0.002781999995931983
1546,10,403,1114,0.8656036446469249,0.9911032028469751,0.7343441001977588,0.8436198409693298,0.006426735218508998,0.993573264781491,0.8639586824896248,0.9728042377112783,0.9668436384217938,0.3657663520989261,3073,iscx,iscx,mlp,11,validation_fpr_limit,1.8789303302764893,25.825581500073895,0.002781999995931983
151,5449,768,5361,0.4699462869809873,0.4959296947271045,0.8746940773372491,0.6329771533148356,0.9730357142857143,0.026964285714285715,0.4508291815257674,0.3434692862171296,0.11562170768943897,0.9216471992497229,11729,iscx,mendeley,mlp,11,default,5e-324,25.825581500073895,0.01505009992979467
115,5485,611,5518,0.4802625969818399,0.5014995910206307,0.9003100016315876,0.6441746439411628,0.9794642857142857,0.020535714285714286,0.46042285795865096,0.3434692862171296,0.11562170768943897,0.9381021399948845,11729,iscx,mendeley,mlp,11,validation_f1,-0.7685058116912842,25.825581500073895,0.01505009992979467
198,5402,1223,4906,0.4351607127632364,0.4759410166860691,0.800456844509708,0.5969459147046298,0.9646428571428571,0.03535714285714286,0.41790699368342543,0.3434692862171296,0.11562170768943897,0.8788473015602353,11729,iscx,mendeley,mlp,11,validation_fpr_limit,1.8789303302764893,25.825581500073895,0.01505009992979467
1429,127,153,1364,0.908883826879271,0.914822266934943,0.8991430454845089,0.9069148936170213,0.08161953727506427,0.9183804627249358,0.9087617541047224,0.9710462039680589,0.9634637772765556,0.48519362186788156,3073,iscx,iscx,dqn,11,default,5e-324,72.14116270001978,0.0021087999921292067
1295,261,89,1428,0.8861047835990888,0.8454706927175843,0.9413315754779169,0.8908296943231441,0.16773778920308482,0.8322622107969152,0.886796893137416,0.9710462039680589,0.9634637772765556,0.549625772860397,3073,iscx,iscx,dqn,11,validation_f1,-0.6829039454460144,72.14116270001978,0.0021087999921292067
1542,14,410,1107,0.8620240807028962,0.9875111507582516,0.7297297297297297,0.8392721758908264,0.008997429305912597,0.9910025706940874,0.8603661502119085,0.9710462039680589,0.9634637772765556,0.3647901073869183,3073,iscx,iscx,dqn,11,validation_fpr_limit,1.3200066089630127,72.14116270001978,0.0021087999921292067
123,5477,641,5488,0.47838690425441216,0.5005015959872321,0.8954152390275738,0.6420966420966421,0.9780357142857142,0.021964285714285714,0.45868976237092973,0.34862274678318905,0.12269954898258864,0.9348623071020548,11729,iscx,mendeley,dqn,11,default,5e-324,72.14116270001978,0.017026799963787198
77,5523,447,5682,0.4910052007843806,0.507095046854083,0.9270680372001958,0.6555901696088612,0.98625,0.01375,0.47040901860009793,0.34862274678318905,0.12269954898258864,0.9553244095830846,11729,iscx,mendeley,dqn,11,validation_f1,-0.6829039454460144,72.14116270001978,0.017026799963787198
209,5391,1398,4731,0.42117827606786595,0.46739774748073504,0.7719040626529613,0.5822410928558243,0.9626785714285714,0.037321428571428575,0.40461274561219496,0.34862274678318905,0.12269954898258864,0.8629891721374371,11729,iscx,mendeley,dqn,11,validation_fpr_limit,1.3200066089630127,72.14116270001978,0.017026799963787198
1429,127,153,1364,0.908883826879271,0.914822266934943,0.8991430454845089,0.9069148936170213,0.08161953727506427,0.9183804627249358,0.9087617541047224,0.9710462039680589,0.9634637772765556,0.48519362186788156,3073,iscx,iscx,ddqn,11,default,5e-324,57.73013040004298,0.002036500023677945
1295,261,89,1428,0.8861047835990888,0.8454706927175843,0.9413315754779169,0.8908296943231441,0.16773778920308482,0.8322622107969152,0.886796893137416,0.9710462039680589,0.9634637772765556,0.549625772860397,3073,iscx,iscx,ddqn,11,validation_f1,-0.6829039454460144,57.73013040004298,0.002036500023677945
1542,14,410,1107,0.8620240807028962,0.9875111507582516,0.7297297297297297,0.8392721758908264,0.008997429305912597,0.9910025706940874,0.8603661502119085,0.9710462039680589,0.9634637772765556,0.3647901073869183,3073,iscx,iscx,ddqn,11,validation_fpr_limit,1.3200066089630127,57.73013040004298,0.002036500023677945
123,5477,641,5488,0.47838690425441216,0.5005015959872321,0.8954152390275738,0.6420966420966421,0.9780357142857142,0.021964285714285714,0.45868976237092973,0.34862274678318905,0.12269954898258864,0.9348623071020548,11729,iscx,mendeley,ddqn,11,default,5e-324,57.73013040004298,0.009505099849775434
77,5523,447,5682,0.4910052007843806,0.507095046854083,0.9270680372001958,0.6555901696088612,0.98625,0.01375,0.47040901860009793,0.34862274678318905,0.12269954898258864,0.9553244095830846,11729,iscx,mendeley,ddqn,11,validation_f1,-0.6829039454460144,57.73013040004298,0.009505099849775434
209,5391,1398,4731,0.42117827606786595,0.46739774748073504,0.7719040626529613,0.5822410928558243,0.9626785714285714,0.037321428571428575,0.40461274561219496,0.34862274678318905,0.12269954898258864,0.8629891721374371,11729,iscx,mendeley,ddqn,11,validation_fpr_limit,1.3200066089630127,57.73013040004298,0.009505099849775434
0,1556,0,1517,0.4936544093719492,0.4936544093719492,1.0,0.6610021786492375,1.0,0.0,0.5,0.4936544093719492,0.5,1.0,3073,iscx,iscx,always_malicious,23,default,0.5000000000000001,8.739996701478958e-05,4.000007174909115e-05
0,1556,0,1517,0.4936544093719492,0.4936544093719492,1.0,0.6610021786492375,1.0,0.0,0.5,0.4936544093719492,0.5,1.0,3073,iscx,iscx,always_malicious,23,validation_f1,1.0,8.739996701478958e-05,4.000007174909115e-05
1556,0,1517,0,0.5063455906280507,0.0,0.0,0.0,0.0,1.0,0.5,0.4936544093719492,0.5,0.0,3073,iscx,iscx,always_malicious,23,validation_fpr_limit,1.0000000000000002,8.739996701478958e-05,4.000007174909115e-05
0,5600,0,6129,0.5225509421093018,0.5225509421093018,1.0,0.6864150520775003,1.0,0.0,0.5,0.5225509421093018,0.5,1.0,11729,iscx,mendeley,always_malicious,23,default,0.5000000000000001,8.739996701478958e-05,6.320001557469368e-05
0,5600,0,6129,0.5225509421093018,0.5225509421093018,1.0,0.6864150520775003,1.0,0.0,0.5,0.5225509421093018,0.5,1.0,11729,iscx,mendeley,always_malicious,23,validation_f1,1.0,8.739996701478958e-05,6.320001557469368e-05
5600,0,6129,0,0.47744905789069825,0.0,0.0,0.0,0.0,1.0,0.5,0.5225509421093018,0.5,0.0,11729,iscx,mendeley,always_malicious,23,validation_fpr_limit,1.0000000000000002,8.739996701478958e-05,6.320001557469368e-05
1364,192,288,1229,0.8438008460787504,0.8648838845883181,0.8101516150296638,0.8366235534377128,0.12339331619537275,0.8766066838046273,0.8433791494171455,0.9406952918396636,0.9345532126897731,0.4624145785876993,3073,iscx,iscx,logistic,23,default,5e-324,0.02313260012306273,0.000390299828723073
1347,209,278,1239,0.8415229417507322,0.8556629834254144,0.8167435728411339,0.8357504215851602,0.13431876606683804,0.865681233933162,0.841212403387148,0.9406952918396636,0.9345532126897731,0.4712007809957696,3073,iscx,iscx,logistic,23,validation_f1,-0.1349935531616211,0.02313260012306273,0.000390299828723073
1544,12,726,791,0.7598438008460787,0.9850560398505604,0.5214238628872775,0.6818965517241379,0.007712082262210797,0.9922879177377892,0.7568558903125333,0.9406952918396636,0.9345532126897731,0.26130816791409045,3073,iscx,iscx,logistic,23,validation_fpr_limit,2.9301509857177734,0.02313260012306273,0.000390299828723073
155,5445,930,5199,0.4564754028476426,0.4884441939120631,0.8482623592755751,0.6199248792702557,0.9723214285714286,0.027678571428571427,0.4379704653520733,0.3535363665992691,0.12712840593897862,0.9074942450336773,11729,iscx,mendeley,logistic,23,default,5e-324,0.02313260012306273,0.0013512000441551208
146,5454,868,5261,0.46099411714553673,0.4909939337377508,0.8583782019905368,0.6246734742341487,0.9739285714285715,0.026071428571428572,0.4422248152809827,0.3535363665992691,0.12712840593897862,0.9135476170176485,11729,iscx,mendeley,logistic,23,validation_f1,-0.1349935531616211,0.02313260012306273,0.0013512000441551208
317,5283,2105,4024,0.3701082786256288,0.43236273772429357,0.656550823951705,0.5213785954910599,0.9433928571428571,0.056607142857142856,0.35657898340442395,0.3535363665992691,0.12712840593897862,0.793503282462273,11729,iscx,mendeley,logistic,23,validation_fpr_limit,2.9301509857177734,0.02313260012306273,0.0013512000441551208
1469,87,170,1347,0.916368369671331,0.9393305439330544,0.8879367172050099,0.9129108776685869,0.055912596401028275,0.9440874035989717,0.9160120604019908,0.9756045462140535,0.9694162389237315,0.4666449723397332,3073,iscx,iscx,random_forest,23,default,0.5000000000000001,0.8955112998373806,0.07904159999452531
1306,250,89,1428,0.8896843475431174,0.8510131108462455,0.9413315754779169,0.8938967136150234,0.16066838046272494,0.8393316195372751,0.890331597507596,0.9756045462140535,0.9694162389237315,0.5460462089163683,3073,iscx,iscx,random_forest,23,validation_f1,0.2537935331173369,0.8955112998373806,0.07904159999452531
1539,17,283,1234,0.902375528799219,0.9864108713029577,0.8134475939353988,0.8916184971098265,0.010925449871465296,0.9890745501285347,0.9012610720319667,0.9756045462140535,0.9694162389237315,0.40709404490725676,3073,iscx,iscx,random_forest,23,validation_fpr_limit,0.7087772017461235,0.8955112998373806,0.07904159999452531
116,5484,575,5554,0.483417171114332,0.5031708642870085,0.906183716756404,0.6470553969825829,0.9792857142857143,0.020714285714285713,0.4634490012353448,0.4147942860258699,0.291807493065753,0.9410861966067013,11729,iscx,mendeley,random_forest,23,default,0.5000000000000001,0.8955112998373806,0.10977970017120242
85,5515,393,5736,0.4962912439253133,0.5098213492134033,0.9358786098874204,0.6600690448791715,0.9848214285714286,0.015178571428571428,0.4755285906579959,0.4147942860258699,0.291807493065753,0.9592463125586154,11729,iscx,mendeley,random_forest,23,validation_f1,0.2537935331173369,0.8955112998373806,0.10977970017120242
170,5430,999,5130,0.45187142978941086,0.48579545454545453,0.8370044052863436,0.6147761998921445,0.9696428571428571,0.030357142857142857,0.4336807740717432,0.4147942860258699,0.291807493065753,0.9003325091653167,11729,iscx,mendeley,random_forest,23,validation_fpr_limit,0.7087772017461235,0.8955112998373806,0.10977970017120242
1456,100,170,1347,0.9121379759192971,0.9308914996544575,0.8879367172050099,0.9089068825910931,0.06426735218508997,0.9357326478149101,0.9118346825099599,0.9724347309990643,0.9664886216707648,0.470875366091767,3073,iscx,iscx,mlp,23,default,5e-324,25.068677800009027,0.0030485999304801226
1305,251,86,1431,0.8903351773511227,0.8507728894173603,0.9433091628213579,0.8946545795561113,0.16131105398457585,0.8386889460154242,0.890999054418391,0.9724347309990643,0.9664886216707648,0.5473478685323788,3073,iscx,iscx,mlp,23,validation_f1,-1.3094737529754639,25.068677800009027,0.0030485999304801226
1545,11,414,1103,0.8616986657988935,0.9901256732495511,0.7270929466051417,0.8384644621816799,0.007069408740359897,0.9929305912596401,0.860011768932391,0.9724347309990643,0.9664886216707648,0.3625122030589001,3073,iscx,iscx,mlp,23,validation_fpr_limit,1.8691457509994507,25.068677800009027,0.0030485999304801226
153,5447,706,5423,0.47540284764259527,0.4988960441582337,0.8848099200522108,0.638037531619507,0.9726785714285714,0.027321428571428573,0.4560656743118197,0.3445657861592427,0.11325307962147169,0.9267627248699803,11729,iscx,mendeley,mlp,23,default,5e-324,25.068677800009027,0.015880299964919686
77,5523,469,5660,0.4891295080569529,0.5061253688634535,0.9234785446239191,0.6538817005545287,0.98625,0.01375,0.46861427231195957,0.3445657861592427,0.11325307962147169,0.9534487168556569,11729,iscx,mendeley,mlp,23,validation_f1,-1.3094737529754639,25.068677800009027,0.015880299964919686
198,5402,1208,4921,0.4364395941683008,0.4767025089605735,0.8029042258117148,0.5982251398006322,0.9646428571428571,0.03535714285714286,0.41913068433442885,0.3445657861592427,0.11325307962147169,0.8801261829652997,11729,iscx,mendeley,mlp,23,validation_fpr_limit,1.8691457509994507,25.068677800009027,0.015880299964919686
1446,110,162,1355,0.9114871461112919,0.9249146757679181,0.8932102834541858,0.9087860496311201,0.07069408740359898,0.929305912596401,0.9112580980252935,0.9704572086703184,0.9640331597507596,0.47673283436381386,3073,iscx,iscx,dqn,23,default,5e-324,65.97727410006337,0.007354999892413616
1421,135,149,1368,0.9075821672632607,0.9101796407185628,0.9017798286090969,0.9059602649006623,0.08676092544987146,0.9132390745501285,0.9075094515796127,0.9704572086703184,0.9640331597507596,0.48909860071591277,3073,iscx,iscx,dqn,23,validation_f1,-0.20067048072814941,65.97727410006337,0.007354999892413616
1546,10,461,1056,0.8467295802147738,0.9906191369606003,0.6961107448912327,0.8176538908246226,0.006426735218508998,0.993573264781491,0.8448420048363618,0.9704572086703184,0.9640331597507596,0.34689228766677516,3073,iscx,iscx,dqn,23,validation_fpr_limit,1.6335781812667847,65.97727410006337,0.007354999892413616
132,5468,661,5468,0.47744905789069825,0.5,0.8921520639582313,0.6408438324055084,0.9764285714285714,0.023571428571428573,0.45786174626482995,0.43081814246102895,0.23227105330629555,0.9323898030522636,11729,iscx,mendeley,dqn,23,default,5e-324,65.97727410006337,0.013989099999889731
120,5480,608,5521,0.48094466706454087,0.5018634669575494,0.9007994778919889,0.6446001167542323,0.9785714285714285,0.02142857142857143,0.4611140246602802,0.43081814246102895,0.23227105330629555,0.9379316224742092,11729,iscx,mendeley,dqn,23,validation_f1,-0.20067048072814941,65.97727410006337,0.013989099999889731
209,5391,1372,4757,0.4233950038366442,0.4687623176980686,0.7761461902431065,0.5845057443017755,0.9626785714285714,0.037321428571428575,0.40673380940726755,0.43081814246102895,0.23227105330629555,0.8652058999062153,11729,iscx,mendeley,dqn,23,validation_fpr_limit,1.6335781812667847,65.97727410006337,0.013989099999889731
1446,110,162,1355,0.9114871461112919,0.9249146757679181,0.8932102834541858,0.9087860496311201,0.07069408740359898,0.929305912596401,0.9112580980252935,0.9704572086703184,0.9640331597507596,0.47673283436381386,3073,iscx,iscx,ddqn,23,default,5e-324,68.60385549999774,0.0030835000798106194
1421,135,149,1368,0.9075821672632607,0.9101796407185628,0.9017798286090969,0.9059602649006623,0.08676092544987146,0.9132390745501285,0.9075094515796127,0.9704572086703184,0.9640331597507596,0.48909860071591277,3073,iscx,iscx,ddqn,23,validation_f1,-0.20067048072814941,68.60385549999774,0.0030835000798106194
1546,10,461,1056,0.8467295802147738,0.9906191369606003,0.6961107448912327,0.8176538908246226,0.006426735218508998,0.993573264781491,0.8448420048363618,0.9704572086703184,0.9640331597507596,0.34689228766677516,3073,iscx,iscx,ddqn,23,validation_fpr_limit,1.6335781812667847,68.60385549999774,0.0030835000798106194
132,5468,661,5468,0.47744905789069825,0.5,0.8921520639582313,0.6408438324055084,0.9764285714285714,0.023571428571428573,0.45786174626482995,0.43081814246102895,0.23227105330629555,0.9323898030522636,11729,iscx,mendeley,ddqn,23,default,5e-324,68.60385549999774,0.014173700008541346
120,5480,608,5521,0.48094466706454087,0.5018634669575494,0.9007994778919889,0.6446001167542323,0.9785714285714285,0.02142857142857143,0.4611140246602802,0.43081814246102895,0.23227105330629555,0.9379316224742092,11729,iscx,mendeley,ddqn,23,validation_f1,-0.20067048072814941,68.60385549999774,0.014173700008541346
209,5391,1372,4757,0.4233950038366442,0.4687623176980686,0.7761461902431065,0.5845057443017755,0.9626785714285714,0.037321428571428575,0.40673380940726755,0.43081814246102895,0.23227105330629555,0.8652058999062153,11729,iscx,mendeley,ddqn,23,validation_fpr_limit,1.6335781812667847,68.60385549999774,0.014173700008541346
0,1556,0,1517,0.4936544093719492,0.4936544093719492,1.0,0.6610021786492375,1.0,0.0,0.5,0.4936544093719492,0.5,1.0,3073,iscx,iscx,always_malicious,37,default,0.5000000000000001,0.00018179998733103275,5.410006269812584e-05
0,1556,0,1517,0.4936544093719492,0.4936544093719492,1.0,0.6610021786492375,1.0,0.0,0.5,0.4936544093719492,0.5,1.0,3073,iscx,iscx,always_malicious,37,validation_f1,1.0,0.00018179998733103275,5.410006269812584e-05
1556,0,1517,0,0.5063455906280507,0.0,0.0,0.0,0.0,1.0,0.5,0.4936544093719492,0.5,0.0,3073,iscx,iscx,always_malicious,37,validation_fpr_limit,1.0000000000000002,0.00018179998733103275,5.410006269812584e-05
0,5600,0,6129,0.5225509421093018,0.5225509421093018,1.0,0.6864150520775003,1.0,0.0,0.5,0.5225509421093018,0.5,1.0,11729,iscx,mendeley,always_malicious,37,default,0.5000000000000001,0.00018179998733103275,6.870017386972904e-05
0,5600,0,6129,0.5225509421093018,0.5225509421093018,1.0,0.6864150520775003,1.0,0.0,0.5,0.5225509421093018,0.5,1.0,11729,iscx,mendeley,always_malicious,37,validation_f1,1.0,0.00018179998733103275,6.870017386972904e-05
5600,0,6129,0,0.47744905789069825,0.0,0.0,0.0,0.0,1.0,0.5,0.5225509421093018,0.5,0.0,11729,iscx,mendeley,always_malicious,37,validation_fpr_limit,1.0000000000000002,0.00018179998733103275,6.870017386972904e-05
1364,192,288,1229,0.8438008460787504,0.8648838845883181,0.8101516150296638,0.8366235534377128,0.12339331619537275,0.8766066838046273,0.8433791494171455,0.9406952918396636,0.9345532126897731,0.4624145785876993,3073,iscx,iscx,logistic,37,default,5e-324,0.031508499989286065,0.0006170000415295362
1347,209,278,1239,0.8415229417507322,0.8556629834254144,0.8167435728411339,0.8357504215851602,0.13431876606683804,0.865681233933162,0.841212403387148,0.9406952918396636,0.9345532126897731,0.4712007809957696,3073,iscx,iscx,logistic,37,validation_f1,-0.1349935531616211,0.031508499989286065,0.0006170000415295362
1544,12,726,791,0.7598438008460787,0.9850560398505604,0.5214238628872775,0.6818965517241379,0.007712082262210797,0.9922879177377892,0.7568558903125333,0.9406952918396636,0.9345532126897731,0.26130816791409045,3073,iscx,iscx,logistic,37,validation_fpr_limit,2.9301509857177734,0.031508499989286065,0.0006170000415295362
155,5445,930,5199,0.4564754028476426,0.4884441939120631,0.8482623592755751,0.6199248792702557,0.9723214285714286,0.027678571428571427,0.4379704653520733,0.3535363665992691,0.12712840593897862,0.9074942450336773,11729,iscx,mendeley,logistic,37,default,5e-324,0.031508499989286065,0.0007170001044869423
146,5454,868,5261,0.46099411714553673,0.4909939337377508,0.8583782019905368,0.6246734742341487,0.9739285714285715,0.026071428571428572,0.4422248152809827,0.3535363665992691,0.12712840593897862,0.9135476170176485,11729,iscx,mendeley,logistic,37,validation_f1,-0.1349935531616211,0.031508499989286065,0.0007170001044869423
317,5283,2105,4024,0.3701082786256288,0.43236273772429357,0.656550823951705,0.5213785954910599,0.9433928571428571,0.056607142857142856,0.35657898340442395,0.3535363665992691,0.12712840593897862,0.793503282462273,11729,iscx,mendeley,logistic,37,validation_fpr_limit,2.9301509857177734,0.031508499989286065,0.0007170001044869423
1501,55,168,1349,0.9274324764074194,0.9608262108262108,0.8892551087673038,0.9236562820951729,0.03534704370179949,0.9646529562982005,0.9269540325327521,0.9762328722818668,0.9701788047373978,0.45688252521965506,3073,iscx,iscx,random_forest,37,default,0.5000000000000001,1.2664166998583823,0.08937299996614456
1302,254,88,1429,0.8887081028311097,0.8490790255496138,0.9419907712590639,0.893125,0.16323907455012854,0.8367609254498715,0.8893758483544677,0.9762328722818668,0.9701788047373978,0.5476732834363814,3073,iscx,iscx,random_forest,37,validation_f1,0.24720489305035437,1.2664166998583823,0.08937299996614456
1541,15,287,1230,0.9017246989912138,0.9879518072289156,0.8108108108108109,0.8906589427950761,0.009640102827763496,0.9903598971722365,0.9005853539915236,0.9762328722818668,0.9701788047373978,0.40514155548324116,3073,iscx,iscx,random_forest,37,validation_fpr_limit,0.7161513419448043,1.2664166998583823,0.08937299996614456
115,5485,565,5564,0.4841844999573706,0.5035749841614626,0.9078153042910753,0.6478053324019094,0.9794642857142857,0.020535714285714286,0.4641755092883948,0.43145262406959206,0.32059512155327136,0.9420240429704152,11729,iscx,mendeley,random_forest,37,default,0.5000000000000001,1.2664166998583823,0.12086410005576909
85,5515,394,5735,0.4962059851649757,0.5097777777777778,0.9357154511339534,0.6599919443005927,0.9848214285714286,0.015178571428571428,0.4754470112812624,0.43145262406959206,0.32059512155327136,0.9591610537982778,11729,iscx,mendeley,random_forest,37,validation_f1,0.24720489305035437,1.2664166998583823,0.12086410005576909
174,5426,1003,5126,0.45187142978941086,0.4857846853677028,0.8363517702724751,0.6145914513518375,0.9689285714285715,0.031071428571428573,0.4337115994219518,0.43145262406959206,0.32059512155327136,0.8996504390826158,11729,iscx,mendeley,random_forest,37,validation_fpr_limit,0.7161513419448043,1.2664166998583823,0.12086410005576909
1458,98,177,1340,0.910510901399284,0.9318497913769124,0.8833223467369808,0.9069373942470389,0.06298200514138817,0.9370179948586118,0.9101701707977963,0.9726654869003803,0.9671020635030917,0.4679466319557436,3073,iscx,iscx,mlp,37,default,5e-324,55.30556979984976,0.003617699956521392
1304,252,83,1434,0.8909860071591279,0.8505338078291815,0.9452867501647989,0.895410552606931,0.16195372750642673,0.8380462724935732,0.8916665113291861,0.9726654869003803,0.9671020635030917,0.5486495281483892,3073,iscx,iscx,mlp,37,validation_f1,-1.400486707687378,55.30556979984976,0.003617699956521392
1540,16,371,1146,0.8740644321509925,0.9862306368330465,0.7554383651944627,0.8555431131019037,0.010282776349614395,0.9897172236503856,0.8725777944224242,0.9726654869003803,0.9671020635030917,0.37813211845102507,3073,iscx,iscx,mlp,37,validation_fpr_limit,1.5044327974319458,55.30556979984976,0.003617699956521392
156,5444,773,5356,0.4699462869809873,0.49592592592592594,0.8738782835699135,0.6327603520585977,0.9721428571428572,0.027857142857142858,0.45086771321352814,0.3445823684801598,0.11358333041978418,0.9207946116463467,11729,iscx,mendeley,mlp,37,default,5e-324,55.30556979984976,0.011006599990651011
75,5525,467,5662,0.4891295080569529,0.5061231786895504,0.9238048621308533,0.653961653961654,0.9866071428571429,0.013392857142857142,0.4685988596368552,0.3445823684801598,0.11358333041978418,0.9537897518970074,11729,iscx,mendeley,mlp,37,validation_f1,-1.400486707687378,55.30556979984976,0.011006599990651011
188,5412,1133,4996,0.4419814135902464,0.48001537279016143,0.815141132321749,0.6042208381205781,0.9664285714285714,0.03357142857142857,0.4243562804465888,0.3445823684801598,0.11358333041978418,0.8873731775939978,11729,iscx,mendeley,mlp,37,validation_fpr_limit,1.5044327974319458,55.30556979984976,0.011006599990651011
1460,96,169,1348,0.9137650504393101,0.9335180055401662,0.8885959129861569,0.9105032083755488,0.061696658097686374,0.9383033419023136,0.9134496274442352,0.969612913056451,0.9620835331538198,0.4698991213797592,3073,iscx,iscx,dqn,37,default,5e-324,52.19078699988313,0.0038818998727947474
1400,156,135,1382,0.9053042629352425,0.8985695708712613,0.9110085695451549,0.904746317512275,0.10025706940874037,0.8997429305912596,0.9053757500682073,0.969612913056451,0.9620835331538198,0.5004881223560039,3073,iscx,iscx,dqn,37,validation_f1,-0.4960886836051941,52.19078699988313,0.0038818998727947474
1550,6,544,973,0.8210218027985682,0.9938712972420838,0.6413974950560316,0.7796474358974359,0.0038560411311053984,0.9961439588688946,0.8187707269624631,0.969612913056451,0.9620835331538198,0.31858119101854865,3073,iscx,iscx,dqn,37,validation_fpr_limit,1.4268336296081543,52.19078699988313,0.0038818998727947474
144,5456,722,5407,0.47327137863415464,0.49774463776120775,0.8821993799967368,0.6364171374764596,0.9742857142857143,0.025714285714285714,0.45395683285551125,0.37707837056172644,0.17201853599981354,0.926165913547617,11729,iscx,mendeley,dqn,37,default,5e-324,52.19078699988313,0.016126499976962805
113,5487,579,5550,0.48282035979196863,0.502854036422941,0.9055310817425355,0.6466270534778049,0.9798214285714286,0.020178571428571428,0.46285482658555344,0.37707837056172644,0.17201853599981354,0.9410009378463637,11729,iscx,mendeley,dqn,37,validation_f1,-0.4960886836051941,52.19078699988313,0.016126499976962805
220,5380,1448,4681,0.4178531844146986,0.4652619023953881,0.7637461249796051,0.5782581840642372,0.9607142857142857,0.039285714285714285,0.4015159196326597,0.37707837056172644,0.17201853599981354,0.857788387756842,11729,iscx,mendeley,dqn,37,validation_fpr_limit,1.4268336296081543,52.19078699988313,0.016126499976962805
1460,96,169,1348,0.9137650504393101,0.9335180055401662,0.8885959129861569,0.9105032083755488,0.061696658097686374,0.9383033419023136,0.9134496274442352,0.969612913056451,0.9620835331538198,0.4698991213797592,3073,iscx,iscx,ddqn,37,default,5e-324,60.451354400021955,0.0021569000091403723
1400,156,135,1382,0.9053042629352425,0.8985695708712613,0.9110085695451549,0.904746317512275,0.10025706940874037,0.8997429305912596,0.9053757500682073,0.969612913056451,0.9620835331538198,0.5004881223560039,3073,iscx,iscx,ddqn,37,validation_f1,-0.4960886836051941,60.451354400021955,0.0021569000091403723
1550,6,544,973,0.8210218027985682,0.9938712972420838,0.6413974950560316,0.7796474358974359,0.0038560411311053984,0.9961439588688946,0.8187707269624631,0.969612913056451,0.9620835331538198,0.31858119101854865,3073,iscx,iscx,ddqn,37,validation_fpr_limit,1.4268336296081543,60.451354400021955,0.0021569000091403723
144,5456,722,5407,0.47327137863415464,0.49774463776120775,0.8821993799967368,0.6364171374764596,0.9742857142857143,0.025714285714285714,0.45395683285551125,0.37707837056172644,0.17201853599981354,0.926165913547617,11729,iscx,mendeley,ddqn,37,default,5e-324,60.451354400021955,0.009718700079247355
113,5487,579,5550,0.48282035979196863,0.502854036422941,0.9055310817425355,0.6466270534778049,0.9798214285714286,0.020178571428571428,0.46285482658555344,0.37707837056172644,0.17201853599981354,0.9410009378463637,11729,iscx,mendeley,ddqn,37,validation_f1,-0.4960886836051941,60.451354400021955,0.009718700079247355
220,5380,1448,4681,0.4178531844146986,0.4652619023953881,0.7637461249796051,0.5782581840642372,0.9607142857142857,0.039285714285714285,0.4015159196326597,0.37707837056172644,0.17201853599981354,0.857788387756842,11729,iscx,mendeley,ddqn,37,validation_fpr_limit,1.4268336296081543,60.451354400021955,0.009718700079247355
0,1556,0,1517,0.4936544093719492,0.4936544093719492,1.0,0.6610021786492375,1.0,0.0,0.5,0.4936544093719492,0.5,1.0,3073,iscx,iscx,always_malicious,51,default,0.5000000000000001,7.790001109242439e-05,3.0299881473183632e-05
0,1556,0,1517,0.4936544093719492,0.4936544093719492,1.0,0.6610021786492375,1.0,0.0,0.5,0.4936544093719492,0.5,1.0,3073,iscx,iscx,always_malicious,51,validation_f1,1.0,7.790001109242439e-05,3.0299881473183632e-05
1556,0,1517,0,0.5063455906280507,0.0,0.0,0.0,0.0,1.0,0.5,0.4936544093719492,0.5,0.0,3073,iscx,iscx,always_malicious,51,validation_fpr_limit,1.0000000000000002,7.790001109242439e-05,3.0299881473183632e-05
0,5600,0,6129,0.5225509421093018,0.5225509421093018,1.0,0.6864150520775003,1.0,0.0,0.5,0.5225509421093018,0.5,1.0,11729,iscx,mendeley,always_malicious,51,default,0.5000000000000001,7.790001109242439e-05,6.3000014051795e-05
0,5600,0,6129,0.5225509421093018,0.5225509421093018,1.0,0.6864150520775003,1.0,0.0,0.5,0.5225509421093018,0.5,1.0,11729,iscx,mendeley,always_malicious,51,validation_f1,1.0,7.790001109242439e-05,6.3000014051795e-05
5600,0,6129,0,0.47744905789069825,0.0,0.0,0.0,0.0,1.0,0.5,0.5225509421093018,0.5,0.0,11729,iscx,mendeley,always_malicious,51,validation_fpr_limit,1.0000000000000002,7.790001109242439e-05,6.3000014051795e-05
1364,192,288,1229,0.8438008460787504,0.8648838845883181,0.8101516150296638,0.8366235534377128,0.12339331619537275,0.8766066838046273,0.8433791494171455,0.9406952918396636,0.9345532126897731,0.4624145785876993,3073,iscx,iscx,logistic,51,default,5e-324,0.019499599933624268,0.00041790003888309
1347,209,278,1239,0.8415229417507322,0.8556629834254144,0.8167435728411339,0.8357504215851602,0.13431876606683804,0.865681233933162,0.841212403387148,0.9406952918396636,0.9345532126897731,0.4712007809957696,3073,iscx,iscx,logistic,51,validation_f1,-0.1349935531616211,0.019499599933624268,0.00041790003888309
1544,12,726,791,0.7598438008460787,0.9850560398505604,0.5214238628872775,0.6818965517241379,0.007712082262210797,0.9922879177377892,0.7568558903125333,0.9406952918396636,0.9345532126897731,0.26130816791409045,3073,iscx,iscx,logistic,51,validation_fpr_limit,2.9301509857177734,0.019499599933624268,0.00041790003888309
155,5445,930,5199,0.4564754028476426,0.4884441939120631,0.8482623592755751,0.6199248792702557,0.9723214285714286,0.027678571428571427,0.4379704653520733,0.3535363665992691,0.12712840593897862,0.9074942450336773,11729,iscx,mendeley,logistic,51,default,5e-324,0.019499599933624268,0.00046779983676970005
146,5454,868,5261,0.46099411714553673,0.4909939337377508,0.8583782019905368,0.6246734742341487,0.9739285714285715,0.026071428571428572,0.4422248152809827,0.3535363665992691,0.12712840593897862,0.9135476170176485,11729,iscx,mendeley,logistic,51,validation_f1,-0.1349935531616211,0.019499599933624268,0.00046779983676970005
317,5283,2105,4024,0.3701082786256288,0.43236273772429357,0.656550823951705,0.5213785954910599,0.9433928571428571,0.056607142857142856,0.35657898340442395,0.3535363665992691,0.12712840593897862,0.793503282462273,11729,iscx,mendeley,logistic,51,validation_fpr_limit,2.9301509857177734,0.019499599933624268,0.00046779983676970005
1498,58,169,1348,0.9261308167914091,0.9587482219061166,0.8885959129861569,0.9223400615805679,0.037275064267352186,0.9627249357326478,0.9256604243594024,0.9757089448543063,0.9695128305934626,0.4575333550276603,3073,iscx,iscx,random_forest,51,default,0.5000000000000001,0.9035598998889327,0.08975120005197823
1300,256,91,1426,0.8870810283110967,0.8478002378121284,0.9400131839156229,0.8915286026883401,0.16452442159383032,0.8354755784061697,0.8877443811608963,0.9757089448543063,0.9695128305934626,0.5473478685323788,3073,iscx,iscx,random_forest,51,validation_f1,0.24963297656353503,0.9035598998889327,0.08975120005197823
1546,10,298,1219,0.8997722095671982,0.9918633034987795,0.8035596572181938,0.887836853605244,0.006426735218508998,0.993573264781491,0.8985664609998424,0.9757089448543063,0.9695128305934626,0.3999349170191995,3073,iscx,iscx,random_forest,51,validation_fpr_limit,0.7356454843020486,0.9035598998889327,0.08975120005197823
116,5484,567,5562,0.484099241197033,0.503530689842477,0.9074889867841409,0.6476855895196506,0.9792857142857143,0.020714285714285713,0.4641016362492133,0.43158667704856635,0.3334000973125422,0.9417682666894024,11729,iscx,mendeley,random_forest,51,default,0.5000000000000001,0.9035598998889327,0.11144080013036728
85,5515,392,5737,0.496376502685651,0.5098649129043725,0.9360417686408876,0.6601461365859271,0.9848214285714286,0.015178571428571428,0.4756101700347295,0.43158667704856635,0.3334000973125422,0.959331571318953,11729,iscx,mendeley,random_forest,51,validation_f1,0.24963297656353503,0.9035598998889327,0.11144080013036728
176,5424,1028,5101,0.4499104783016455,0.48465558194774344,0.8322728014357971,0.6125855650294224,0.9685714285714285,0.03142857142857143,0.43185068643218427,0.43158667704856635,0.3334000973125422,0.8973484525534998,11729,iscx,mendeley,random_forest,51,validation_fpr_limit,0.7356454843020486,0.9035598998889327,0.11144080013036728
1454,102,162,1355,0.9140904653433127,0.9299931365820179,0.8932102834541858,0.9112306657700068,0.06555269922879177,0.9344473007712082,0.9138287921126971,0.9727924410897157,0.9666881597253407,0.474129515131793,3073,iscx,iscx,mlp,51,default,5e-324,24.258154100039974,0.004315600031986833
1320,236,101,1416,0.8903351773511227,0.8571428571428571,0.9334212261041529,0.8936573051435784,0.15167095115681234,0.8483290488431876,0.8908751374736703,0.9727924410897157,0.9666881597253407,0.5375854214123007,3073,iscx,iscx,mlp,51,validation_f1,-1.022915005683899,24.258154100039974,0.004315600031986833
1542,14,398,1119,0.8659290595509275,0.9876434245366285,0.7376400791034937,0.8445283018867924,0.008997429305912597,0.9910025706940874,0.8643213248987905,0.9727924410897157,0.9666881597253407,0.36869508623494957,3073,iscx,iscx,mlp,51,validation_fpr_limit,2.316795825958252,24.258154100039974,0.004315600031986833
143,5457,682,5447,0.47659647028732205,0.4995414526779164,0.8887257301354218,0.6395819879058299,0.9744642857142857,0.025535714285714287,0.45713072221056805,0.34344024426397657,0.11557731976784841,0.9296615227214596,11729,iscx,mendeley,mlp,51,default,5e-324,24.258154100039974,0.01135649997740984
87,5513,520,5609,0.48563389888311026,0.504315770544866,0.9151574481970958,0.6502811431221378,0.9844642857142857,0.015535714285714286,0.46534658124140504,0.34344024426397657,0.11557731976784841,0.9482479324750618,11729,iscx,mendeley,mlp,51,validation_f1,-1.022915005683899,24.258154100039974,0.01135649997740984
196,5404,1240,4889,0.4335407963168216,0.4749829981540853,0.7976831457007668,0.5954207770064548,0.965,0.035,0.4163415728503834,0.34344024426397657,0.11557731976784841,0.8775684201551709,11729,iscx,mendeley,mlp,51,validation_fpr_limit,2.316795825958252,24.258154100039974,0.01135649997740984
1490,66,197,1320,0.9144158802473153,0.9523809523809523,0.8701384311140409,0.9094040647605925,0.042416452442159386,0.9575835475578406,0.9138609893359407,0.9707023346333142,0.9639200458217325,0.4510250569476082,3073,iscx,iscx,dqn,51,default,5e-324,48.6666041999124,0.00410260003991425
1439,117,153,1364,0.9121379759192971,0.9209993247805537,0.8991430454845089,0.9099399599733156,0.07519280205655526,0.9248071979434447,0.9119751217139768,0.9707023346333142,0.9639200458217325,0.48193947282785554,3073,iscx,iscx,dqn,51,validation_f1,-0.46137481927871704,48.6666041999124,0.00410260003991425
1537,19,434,1083,0.8525870484868207,0.9827586206896551,0.7139090309822017,0.827033218785796,0.012210796915167094,0.9877892030848329,0.8508491170335173,0.9707023346333142,0.9639200458217325,0.3586072242108689,3073,iscx,iscx,dqn,51,validation_fpr_limit,1.2927089929580688,48.6666041999124,0.00410260003991425
160,5440,777,5352,0.4699462869809873,0.49592290585618976,0.873225648556045,0.6325867265528042,0.9714285714285714,0.02857142857142857,0.4508985385637368,0.34977793184953143,0.13823559832645735,0.9201125415636456,11729,iscx,mendeley,dqn,51,default,5e-324,48.6666041999124,0.01244509988464415
120,5480,616,5513,0.4802625969818399,0.5015009551532793,0.8994942078642519,0.6439668263053382,0.9785714285714285,0.02142857142857143,0.4604613896464117,0.34977793184953143,0.13823559832645735,0.9372495523915082,11729,iscx,mendeley,dqn,51,validation_f1,-0.46137481927871704,48.6666041999124,0.01244509988464415
203,5397,1302,4827,0.4288515644982522,0.4721244131455399,0.7875673029858052,0.5903503944230416,0.96375,0.03625,0.4119086514929026,0.34977793184953143,0.13823559832645735,0.8716855656918748,11729,iscx,mendeley,dqn,51,validation_fpr_limit,1.2927089929580688,48.6666041999124,0.01244509988464415
1490,66,197,1320,0.9144158802473153,0.9523809523809523,0.8701384311140409,0.9094040647605925,0.042416452442159386,0.9575835475578406,0.9138609893359407,0.9707023346333142,0.9639200458217325,0.4510250569476082,3073,iscx,iscx,ddqn,51,default,5e-324,55.62145579978824,0.0033048000186681747
1439,117,153,1364,0.9121379759192971,0.9209993247805537,0.8991430454845089,0.9099399599733156,0.07519280205655526,0.9248071979434447,0.9119751217139768,0.9707023346333142,0.9639200458217325,0.48193947282785554,3073,iscx,iscx,ddqn,51,validation_f1,-0.46137481927871704,55.62145579978824,0.0033048000186681747
1537,19,434,1083,0.8525870484868207,0.9827586206896551,0.7139090309822017,0.827033218785796,0.012210796915167094,0.9877892030848329,0.8508491170335173,0.9707023346333142,0.9639200458217325,0.3586072242108689,3073,iscx,iscx,ddqn,51,validation_fpr_limit,1.2927089929580688,55.62145579978824,0.0033048000186681747
160,5440,777,5352,0.4699462869809873,0.49592290585618976,0.873225648556045,0.6325867265528042,0.9714285714285714,0.02857142857142857,0.4508985385637368,0.34977793184953143,0.13823559832645735,0.9201125415636456,11729,iscx,mendeley,ddqn,51,default,5e-324,55.62145579978824,0.007648099912330508
120,5480,616,5513,0.4802625969818399,0.5015009551532793,0.8994942078642519,0.6439668263053382,0.9785714285714285,0.02142857142857143,0.4604613896464117,0.34977793184953143,0.13823559832645735,0.9372495523915082,11729,iscx,mendeley,ddqn,51,validation_f1,-0.46137481927871704,55.62145579978824,0.007648099912330508
203,5397,1302,4827,0.4288515644982522,0.4721244131455399,0.7875673029858052,0.5903503944230416,0.96375,0.03625,0.4119086514929026,0.34977793184953143,0.13823559832645735,0.8716855656918748,11729,iscx,mendeley,ddqn,51,validation_fpr_limit,1.2927089929580688,55.62145579978824,0.007648099912330508
0,1556,0,1517,0.4936544093719492,0.4936544093719492,1.0,0.6610021786492375,1.0,0.0,0.5,0.4936544093719492,0.5,1.0,3073,iscx,iscx,always_malicious,71,default,0.5000000000000001,7.229996845126152e-05,3.79001721739769e-05
0,1556,0,1517,0.4936544093719492,0.4936544093719492,1.0,0.6610021786492375,1.0,0.0,0.5,0.4936544093719492,0.5,1.0,3073,iscx,iscx,always_malicious,71,validation_f1,1.0,7.229996845126152e-05,3.79001721739769e-05
1556,0,1517,0,0.5063455906280507,0.0,0.0,0.0,0.0,1.0,0.5,0.4936544093719492,0.5,0.0,3073,iscx,iscx,always_malicious,71,validation_fpr_limit,1.0000000000000002,7.229996845126152e-05,3.79001721739769e-05
0,5600,0,6129,0.5225509421093018,0.5225509421093018,1.0,0.6864150520775003,1.0,0.0,0.5,0.5225509421093018,0.5,1.0,11729,iscx,mendeley,always_malicious,71,default,0.5000000000000001,7.229996845126152e-05,5.729985423386097e-05
0,5600,0,6129,0.5225509421093018,0.5225509421093018,1.0,0.6864150520775003,1.0,0.0,0.5,0.5225509421093018,0.5,1.0,11729,iscx,mendeley,always_malicious,71,validation_f1,1.0,7.229996845126152e-05,5.729985423386097e-05
5600,0,6129,0,0.47744905789069825,0.0,0.0,0.0,0.0,1.0,0.5,0.5225509421093018,0.5,0.0,11729,iscx,mendeley,always_malicious,71,validation_fpr_limit,1.0000000000000002,7.229996845126152e-05,5.729985423386097e-05
1364,192,288,1229,0.8438008460787504,0.8648838845883181,0.8101516150296638,0.8366235534377128,0.12339331619537275,0.8766066838046273,0.8433791494171455,0.9406952918396636,0.9345532126897731,0.4624145785876993,3073,iscx,iscx,logistic,71,default,5e-324,0.01975539978593588,0.000583800021559
1347,209,278,1239,0.8415229417507322,0.8556629834254144,0.8167435728411339,0.8357504215851602,0.13431876606683804,0.865681233933162,0.841212403387148,0.9406952918396636,0.9345532126897731,0.4712007809957696,3073,iscx,iscx,logistic,71,validation_f1,-0.1349935531616211,0.01975539978593588,0.000583800021559
1544,12,726,791,0.7598438008460787,0.9850560398505604,0.5214238628872775,0.6818965517241379,0.007712082262210797,0.9922879177377892,0.7568558903125333,0.9406952918396636,0.9345532126897731,0.26130816791409045,3073,iscx,iscx,logistic,71,validation_fpr_limit,2.9301509857177734,0.01975539978593588,0.000583800021559
155,5445,930,5199,0.4564754028476426,0.4884441939120631,0.8482623592755751,0.6199248792702557,0.9723214285714286,0.027678571428571427,0.4379704653520733,0.3535363665992691,0.12712840593897862,0.9074942450336773,11729,iscx,mendeley,logistic,71,default,5e-324,0.01975539978593588,0.00046300003305077553
146,5454,868,5261,0.46099411714553673,0.4909939337377508,0.8583782019905368,0.6246734742341487,0.9739285714285715,0.026071428571428572,0.4422248152809827,0.3535363665992691,0.12712840593897862,0.9135476170176485,11729,iscx,mendeley,logistic,71,validation_f1,-0.1349935531616211,0.01975539978593588,0.00046300003305077553
317,5283,2105,4024,0.3701082786256288,0.43236273772429357,0.656550823951705,0.5213785954910599,0.9433928571428571,0.056607142857142856,0.35657898340442395,0.3535363665992691,0.12712840593897862,0.793503282462273,11729,iscx,mendeley,logistic,71,validation_fpr_limit,2.9301509857177734,0.01975539978593588,0.00046300003305077553
1479,77,169,1348,0.9199479336153595,0.9459649122807018,0.8885959129861569,0.9163834126444595,0.04948586118251928,0.9505141388174807,0.9195550259018188,0.9754972531389774,0.9693050314092386,0.4637162382037097,3073,iscx,iscx,random_forest,71,default,0.5000000000000001,0.9581613999325782,0.10093430010601878
1311,245,95,1422,0.8893589326391149,0.8530293941211757,0.9373764007910349,0.8932160804020101,0.15745501285347044,0.8425449871465296,0.8899606939687823,0.9754972531389774,0.9693050314092386,0.5424666449723398,3073,iscx,iscx,random_forest,71,validation_f1,0.26492452893438345,0.9581613999325782,0.10093430010601878
1540,16,276,1241,0.9049788480312398,0.9872712808273667,0.8180619644034278,0.8947368421052632,0.010282776349614395,0.9897172236503856,0.9038895940269067,0.9754972531389774,0.9693050314092386,0.40904653433127236,3073,iscx,iscx,random_forest,71,validation_fpr_limit,0.7141154003941429,0.9581613999325782,0.10093430010601878
123,5477,602,5527,0.4817119959075795,0.5022719011268629,0.9017784304127916,0.6451876495651666,0.9780357142857142,0.021964285714285714,0.46187135806353863,0.44978033518701044,0.3467708260494604,0.9381873987552221,11729,iscx,mendeley,random_forest,71,default,0.5000000000000001,0.9581613999325782,0.10921750008128583
92,5508,405,5724,0.4958649501236252,0.5096153846153846,0.933920704845815,0.6594090202177294,0.9835714285714285,0.016428571428571428,0.47517463813719324,0.44978033518701044,0.3467708260494604,0.9576263961122006,11729,iscx,mendeley,random_forest,71,validation_f1,0.26492452893438345,0.9581613999325782,0.10921750008128583
172,5428,1004,5125,0.451615653508398,0.4856438927319246,0.836188611519008,0.6144347200575471,0.9692857142857143,0.030714285714285715,0.43345144861664686,0.44978033518701044,0.3467708260494604,0.8997356978429534,11729,iscx,mendeley,random_forest,71,validation_fpr_limit,0.7141154003941429,0.9581613999325782,0.10921750008128583
1510,46,236,1281,0.9082329970712658,0.9653353428786737,0.8444297956493079,0.9008438818565401,0.02956298200514139,0.9704370179948586,0.9074334068220833,0.9716932866366379,0.965598961554821,0.4318255776114546,3073,iscx,iscx,mlp,71,default,5e-324,27.576052299933508,0.009247199865058064
1315,241,99,1418,0.8893589326391149,0.8547317661241712,0.934739617666447,0.8929471032745592,0.15488431876606684,0.8451156812339332,0.8899276494501901,0.9716932866366379,0.965598961554821,0.5398633257403189,3073,iscx,iscx,mlp,71,validation_f1,-1.6818387508392334,27.576052299933508,0.009247199865058064
1543,13,411,1106,0.8620240807028962,0.9883824843610366,0.7290705339485827,0.8391502276176024,0.008354755784061696,0.9916452442159382,0.8603578890822605,0.9716932866366379,0.965598961554821,0.3641392775789131,3073,iscx,iscx,mlp,71,validation_fpr_limit,1.1804901361465454,27.576052299933508,0.009247199865058064
160,5440,836,5293,0.4649160201210674,0.49315196124103233,0.8635992821014847,0.6278021587000355,0.9714285714285714,0.02857142857142857,0.44608535533645666,0.3436911228578797,0.11510203249190033,0.9150822747037258,11729,iscx,mendeley,mlp,71,default,5e-324,27.576052299933508,0.016365099931135774
85,5515,516,5613,0.48580441640378547,0.5044033069734004,0.9158100832109642,0.6505186301211102,0.9848214285714286,0.015178571428571428,0.4654943273197678,0.3436911228578797,0.11510203249190033,0.9487594850370875,11729,iscx,mendeley,mlp,71,validation_f1,-1.6818387508392334,27.576052299933508,0.016365099931135774
194,5406,1233,4896,0.4339670901185097,0.4752475247524752,0.7988252569750367,0.5959466861420486,0.9653571428571428,0.03464285714285714,0.41673405705894695,0.3436911228578797,0.11510203249190033,0.8783357489982095,11729,iscx,mendeley,mlp,71,validation_fpr_limit,1.1804901361465454,27.576052299933508,0.016365099931135774
1495,61,210,1307,0.9118125610152945,0.9554093567251462,0.8615688859591298,0.9060658578856152,0.03920308483290488,0.9607969151670951,0.9111829005631125,0.9702036267214587,0.963246869667335,0.44516758867556133,3073,iscx,iscx,dqn,71,default,5e-324,58.46130650001578,0.0033022998832166195
1416,140,149,1368,0.9059550927432476,0.9071618037135278,0.9017798286090969,0.9044628099173554,0.08997429305912596,0.910025706940874,0.9059027677749855,0.9702036267214587,0.963246869667335,0.4907256752359258,3073,iscx,iscx,dqn,71,validation_f1,-0.5884798765182495,58.46130650001578,0.0033022998832166195
1550,6,467,1050,0.8460787504067686,0.9943181818181818,0.6921555702043507,0.8161678973960358,0.0038560411311053984,0.9961439588688946,0.8441497645366227,0.9702036267214587,0.963246869667335,0.3436381386267491,3073,iscx,iscx,dqn,71,validation_fpr_limit,1.2607052326202393,58.46130650001578,0.0033022998832166195
161,5439,774,5355,0.4702873220223378,0.4961089494163424,0.8737151248164464,0.6328665130296047,0.97125,0.02875,0.45123256240822324,0.38562443120736206,0.19538359788359788,0.920283059084321,11729,iscx,mendeley,dqn,71,default,5e-324,58.46130650001578,0.014955299906432629
114,5486,586,5543,0.4823088072299429,0.502584096472935,0.9043889704682656,0.646112600536193,0.9796428571428571,0.02035714285714286,0.46237305666270423,0.38562443120736206,0.19538359788359788,0.9403188677636627,11729,iscx,mendeley,dqn,71,validation_f1,-0.5884798765182495,58.46130650001578,0.014955299906432629
213,5387,1405,4724,0.4209224997868531,0.467213925427752,0.7707619513786914,0.5817733990147783,0.9619642857142857,0.038035714285714284,0.40439883283220285,0.38562443120736206,0.19538359788359788,0.8620513257737232,11729,iscx,mendeley,dqn,71,validation_fpr_limit,1.2607052326202393,58.46130650001578,0.014955299906432629
1495,61,210,1307,0.9118125610152945,0.9554093567251462,0.8615688859591298,0.9060658578856152,0.03920308483290488,0.9607969151670951,0.9111829005631125,0.9702036267214587,0.963246869667335,0.44516758867556133,3073,iscx,iscx,ddqn,71,default,5e-324,51.930564099922776,0.005492299795150757
1416,140,149,1368,0.9059550927432476,0.9071618037135278,0.9017798286090969,0.9044628099173554,0.08997429305912596,0.910025706940874,0.9059027677749855,0.9702036267214587,0.963246869667335,0.4907256752359258,3073,iscx,iscx,ddqn,71,validation_f1,-0.5884798765182495,51.930564099922776,0.005492299795150757
1550,6,467,1050,0.8460787504067686,0.9943181818181818,0.6921555702043507,0.8161678973960358,0.0038560411311053984,0.9961439588688946,0.8441497645366227,0.9702036267214587,0.963246869667335,0.3436381386267491,3073,iscx,iscx,ddqn,71,validation_fpr_limit,1.2607052326202393,51.930564099922776,0.005492299795150757
161,5439,774,5355,0.4702873220223378,0.4961089494163424,0.8737151248164464,0.6328665130296047,0.97125,0.02875,0.45123256240822324,0.38562443120736206,0.19538359788359788,0.920283059084321,11729,iscx,mendeley,ddqn,71,default,5e-324,51.930564099922776,0.011599400080740452
114,5486,586,5543,0.4823088072299429,0.502584096472935,0.9043889704682656,0.646112600536193,0.9796428571428571,0.02035714285714286,0.46237305666270423,0.38562443120736206,0.19538359788359788,0.9403188677636627,11729,iscx,mendeley,ddqn,71,validation_f1,-0.5884798765182495,51.930564099922776,0.011599400080740452
213,5387,1405,4724,0.4209224997868531,0.467213925427752,0.7707619513786914,0.5817733990147783,0.9619642857142857,0.038035714285714284,0.40439883283220285,0.38562443120736206,0.19538359788359788,0.8620513257737232,11729,iscx,mendeley,ddqn,71,validation_fpr_limit,1.2607052326202393,51.930564099922776,0.011599400080740452
0,1556,0,1517,0.4936544093719492,0.4936544093719492,1.0,0.6610021786492375,1.0,0.0,0.5,0.4936544093719492,0.5,1.0,3073,mendeley,iscx,always_malicious,11,default,0.5000000000000001,7.620011456310749e-05,6.350013427436352e-05
0,1556,0,1517,0.4936544093719492,0.4936544093719492,1.0,0.6610021786492375,1.0,0.0,0.5,0.4936544093719492,0.5,1.0,3073,mendeley,iscx,always_malicious,11,validation_f1,1.0,7.620011456310749e-05,6.350013427436352e-05
1556,0,1517,0,0.5063455906280507,0.0,0.0,0.0,0.0,1.0,0.5,0.4936544093719492,0.5,0.0,3073,mendeley,iscx,always_malicious,11,validation_fpr_limit,1.0000000000000002,7.620011456310749e-05,6.350013427436352e-05
0,5600,0,6129,0.5225509421093018,0.5225509421093018,1.0,0.6864150520775003,1.0,0.0,0.5,0.5225509421093018,0.5,1.0,11729,mendeley,mendeley,always_malicious,11,default,0.5000000000000001,7.620011456310749e-05,5.0800153985619545e-05
0,5600,0,6129,0.5225509421093018,0.5225509421093018,1.0,0.6864150520775003,1.0,0.0,0.5,0.5225509421093018,0.5,1.0,11729,mendeley,mendeley,always_malicious,11,validation_f1,1.0,7.620011456310749e-05,5.0800153985619545e-05
5600,0,6129,0,0.47744905789069825,0.0,0.0,0.0,0.0,1.0,0.5,0.5225509421093018,0.5,0.0,11729,mendeley,mendeley,always_malicious,11,validation_fpr_limit,1.0000000000000002,7.620011456310749e-05,5.0800153985619545e-05
3,1553,1,1516,0.49430523917995445,0.4939719778429456,0.999340804218853,0.6611426079372001,0.9980719794344473,0.0019280205655526992,0.5006344123922029,0.5157366905363512,0.33677998959521316,0.9986983403839896,3073,mendeley,iscx,logistic,11,default,5e-324,0.054197899997234344,0.0006111999973654747
2,1554,0,1517,0.49430523917995445,0.4939759036144578,1.0,0.6612903225806451,0.9987146529562982,0.0012853470437017994,0.5006426735218509,0.5157366905363512,0.33677998959521316,0.9993491701919948,3073,mendeley,iscx,logistic,11,validation_f1,-0.7554547786712646,0.054197899997234344,0.0006111999973654747
1090,466,1126,391,0.48193947282785554,0.456242707117853,0.25774555042847724,0.32940185341196293,0.2994858611825193,0.7005141388174807,0.479129844622979,0.5157366905363512,0.33677998959521316,0.27888057273023104,3073,mendeley,iscx,logistic,11,validation_fpr_limit,3.159719944000244,0.054197899997234344,0.0006111999973654747
4507,1093,872,5257,0.8324665359365675,0.8278740157480315,0.8577255669766684,0.8425354595720811,0.19517857142857142,0.8048214285714286,0.8312734977740485,0.8709111524761906,0.8939330000233083,0.5413931281439168,11729,mendeley,mendeley,logistic,11,default,5e-324,0.054197899997234344,0.000691200140863657
4318,1282,586,5543,0.8407366356893171,0.8121611721611721,0.9043889704682656,0.8557974370850703,0.22892857142857143,0.7710714285714285,0.8377301995198471,0.8709111524761906,0.8939330000233083,0.5818910393042885,11729,mendeley,mendeley,logistic,11,validation_f1,-0.7554547786712646,0.054197899997234344,0.000691200140863657
5509,91,5363,766,0.5349987211185949,0.8938156359393232,0.1249796051558166,0.21929573432579444,0.01625,0.98375,0.5543648025779083,0.8709111524761906,0.8939330000233083,0.07306675760934436,11729,mendeley,mendeley,logistic,11,validation_fpr_limit,3.159719944000244,0.054197899997234344,0.000691200140863657
0,1556,0,1517,0.4936544093719492,0.4936544093719492,1.0,0.6610021786492375,1.0,0.0,0.5,0.5862936971546616,0.5258564885030494,1.0,3073,mendeley,iscx,random_forest,11,default,0.5000000000000001,2.7091500000096858,0.12718089995905757
1,1555,0,1517,0.49397982427595183,0.4938151041666667,1.0,0.6611462192198736,0.9993573264781491,0.0006426735218508997,0.5003213367609255,0.5862936971546616,0.5258564885030494,0.9996745850959974,3073,mendeley,iscx,random_forest,11,validation_f1,0.5390842755685104,2.7091500000096858,0.12718089995905757
1005,551,1074,443,0.4712007809957696,0.44567404426559354,0.2920237310481213,0.352847471127041,0.35411311053984573,0.6458868894601543,0.4689553102541378,0.5862936971546616,0.5258564885030494,0.3234624145785877,3073,mendeley,iscx,random_forest,11,validation_fpr_limit,0.9188783815449402,2.7091500000096858,0.12718089995905757
4237,1363,491,5638,0.8419302583340438,0.8053135266390515,0.9198890520476424,0.8587966488956588,0.24339285714285713,0.7566071428571428,0.8382480974523926,0.913639524920874,0.9189184031419714,0.5968965811237105,11729,mendeley,mendeley,random_forest,11,default,0.5000000000000001,2.7091500000096858,0.1683251999784261
4309,1291,542,5587,0.8437206923011339,0.8123000872346612,0.911567955620819,0.8590758822172676,0.2305357142857143,0.7694642857142857,0.8405161206675524,0.913639524920874,0.9189184031419714,0.5864097536021826,11729,mendeley,mendeley,random_forest,11,validation_f1,0.5390842755685104,2.7091500000096858,0.1683251999784261
5555,45,4770,1359,0.5894790689743371,0.967948717948718,0.22173274596182085,0.36081242532855434,0.008035714285714285,0.9919642857142857,0.6068485158380533,0.913639524920874,0.9189184031419714,0.11970329951402507,11729,mendeley,mendeley,random_forest,11,validation_fpr_limit,0.9188783815449402,2.7091500000096858,0.1683251999784261
0,1556,0,1517,0.4936544093719492,0.4936544093719492,1.0,0.6610021786492375,1.0,0.0,0.5,0.6153489699041395,0.5413899541274299,1.0,3073,mendeley,iscx,mlp,11,default,5e-324,28.85850189998746,0.0022066000383347273
0,1556,0,1517,0.4936544093719492,0.4936544093719492,1.0,0.6610021786492375,1.0,0.0,0.5,0.6153489699041395,0.5413899541274299,1.0,3073,mendeley,iscx,mlp,11,validation_f1,-0.3909945487976074,28.85850189998746,0.0022066000383347273
1096,460,934,583,0.546371623820371,0.5589645254074784,0.3843111404087014,0.45546875,0.29562982005141386,0.7043701799485861,0.5443406601786438,0.6153489699041395,0.5413899541274299,0.33940774487471526,3073,mendeley,iscx,mlp,11,validation_fpr_limit,2.6787075996398926,28.85850189998746,0.0022066000383347273
4393,1207,610,5519,0.845084832466536,0.8205471305382099,0.9004731603850546,0.8586542201478025,0.21553571428571427,0.7844642857142857,0.8424687230496701,0.9000726977021806,0.9096152949677179,0.5734504220308637,11729,mendeley,mendeley,mlp,11,default,5e-324,28.85850189998746,0.014878200134262443
4213,1387,466,5663,0.8420155170943815,0.8032624113475177,0.9239680208843204,0.8593975263677062,0.24767857142857144,0.7523214285714286,0.8381447247278745,0.9000726977021806,0.9096152949677179,0.601074260380254,11729,mendeley,mendeley,mlp,11,validation_f1,-0.3909945487976074,28.85850189998746,0.014878200134262443
5535,65,4687,1442,0.5948503708756074,0.9568679495686795,0.23527492249959212,0.3776846516500786,0.011607142857142858,0.9883928571428572,0.6118338898212247,0.9000726977021806,0.9096152949677179,0.1284849518288004,11729,mendeley,mendeley,mlp,11,validation_fpr_limit,2.6787075996398926,28.85850189998746,0.014878200134262443
0,1556,0,1517,0.4936544093719492,0.4936544093719492,1.0,0.6610021786492375,1.0,0.0,0.5,0.5940899309810288,0.5353118809448361,1.0,3073,mendeley,iscx,dqn,11,default,5e-324,50.56677519995719,0.002159500028938055
0,1556,0,1517,0.4936544093719492,0.4936544093719492,1.0,0.6610021786492375,1.0,0.0,0.5,0.5940899309810288,0.5353118809448361,1.0,3073,mendeley,iscx,dqn,11,validation_f1,-0.34179478883743286,50.56677519995719,0.002159500028938055
1370,186,1180,337,0.5554832411324439,0.6443594646271511,0.22214897824653923,0.3303921568627451,0.11953727506426735,0.8804627249357326,0.551305851591136,0.5940899309810288,0.5353118809448361,0.17019199479336153,3073,mendeley,iscx,dqn,11,validation_fpr_limit,1.6207846403121948,50.56677519995719,0.002159500028938055
4320,1280,545,5584,0.8444027623838349,0.8135198135198135,0.9110784793604176,0.8595397521742477,0.22857142857142856,0.7714285714285715,0.8412535253944946,0.8931459204416521,0.9087964711092466,0.5852161309574558,11729,mendeley,mendeley,dqn,11,default,5e-324,50.56677519995719,0.017646600026637316
4100,1500,361,5768,0.8413334470116804,0.7936158503026968,0.9410996899983685,0.8610883033514966,0.26785714285714285,0.7321428571428571,0.8366212735706128,0.8931459204416521,0.9087964711092466,0.6196606701338563,11729,mendeley,mendeley,dqn,11,validation_f1,-0.34179478883743286,50.56677519995719,0.017646600026637316
5539,61,4997,1132,0.5687611902122943,0.9488683989941324,0.18469570892478382,0.3092051352089593,0.010892857142857143,0.9891071428571429,0.5869014258909633,0.8931459204416521,0.9087964711092466,0.10171370108278625,11729,mendeley,mendeley,dqn,11,validation_fpr_limit,1.6207846403121948,50.56677519995719,0.017646600026637316
0,1556,0,1517,0.4936544093719492,0.4936544093719492,1.0,0.6610021786492375,1.0,0.0,0.5,0.5940899309810288,0.5353118809448361,1.0,3073,mendeley,iscx,ddqn,11,default,5e-324,49.5099830001127,0.002357000019401312
0,1556,0,1517,0.4936544093719492,0.4936544093719492,1.0,0.6610021786492375,1.0,0.0,0.5,0.5940899309810288,0.5353118809448361,1.0,3073,mendeley,iscx,ddqn,11,validation_f1,-0.34179478883743286,49.5099830001127,0.002357000019401312
1370,186,1180,337,0.5554832411324439,0.6443594646271511,0.22214897824653923,0.3303921568627451,0.11953727506426735,0.8804627249357326,0.551305851591136,0.5940899309810288,0.5353118809448361,0.17019199479336153,3073,mendeley,iscx,ddqn,11,validation_fpr_limit,1.6207846403121948,49.5099830001127,0.002357000019401312
4320,1280,545,5584,0.8444027623838349,0.8135198135198135,0.9110784793604176,0.8595397521742477,0.22857142857142856,0.7714285714285715,0.8412535253944946,0.8931459204416521,0.9087964711092466,0.5852161309574558,11729,mendeley,mendeley,ddqn,11,default,5e-324,49.5099830001127,0.012300200061872602
4100,1500,361,5768,0.8413334470116804,0.7936158503026968,0.9410996899983685,0.8610883033514966,0.26785714285714285,0.7321428571428571,0.8366212735706128,0.8931459204416521,0.9087964711092466,0.6196606701338563,11729,mendeley,mendeley,ddqn,11,validation_f1,-0.34179478883743286,49.5099830001127,0.012300200061872602
5539,61,4997,1132,0.5687611902122943,0.9488683989941324,0.18469570892478382,0.3092051352089593,0.010892857142857143,0.9891071428571429,0.5869014258909633,0.8931459204416521,0.9087964711092466,0.10171370108278625,11729,mendeley,mendeley,ddqn,11,validation_fpr_limit,1.6207846403121948,49.5099830001127,0.012300200061872602
0,1556,0,1517,0.4936544093719492,0.4936544093719492,1.0,0.6610021786492375,1.0,0.0,0.5,0.4936544093719492,0.5,1.0,3073,mendeley,iscx,always_malicious,23,default,0.5000000000000001,7.569999434053898e-05,4.519987851381302e-05
0,1556,0,1517,0.4936544093719492,0.4936544093719492,1.0,0.6610021786492375,1.0,0.0,0.5,0.4936544093719492,0.5,1.0,3073,mendeley,iscx,always_malicious,23,validation_f1,1.0,7.569999434053898e-05,4.519987851381302e-05
1556,0,1517,0,0.5063455906280507,0.0,0.0,0.0,0.0,1.0,0.5,0.4936544093719492,0.5,0.0,3073,mendeley,iscx,always_malicious,23,validation_fpr_limit,1.0000000000000002,7.569999434053898e-05,4.519987851381302e-05
0,5600,0,6129,0.5225509421093018,0.5225509421093018,1.0,0.6864150520775003,1.0,0.0,0.5,0.5225509421093018,0.5,1.0,11729,mendeley,mendeley,always_malicious,23,default,0.5000000000000001,7.569999434053898e-05,6.520003080368042e-05
0,5600,0,6129,0.5225509421093018,0.5225509421093018,1.0,0.6864150520775003,1.0,0.0,0.5,0.5225509421093018,0.5,1.0,11729,mendeley,mendeley,always_malicious,23,validation_f1,1.0,7.569999434053898e-05,6.520003080368042e-05
5600,0,6129,0,0.47744905789069825,0.0,0.0,0.0,0.0,1.0,0.5,0.5225509421093018,0.5,0.0,11729,mendeley,mendeley,always_malicious,23,validation_fpr_limit,1.0000000000000002,7.569999434053898e-05,6.520003080368042e-05
3,1553,1,1516,0.49430523917995445,0.4939719778429456,0.999340804218853,0.6611426079372001,0.9980719794344473,0.0019280205655526992,0.5006344123922029,0.5157366905363512,0.33677998959521316,0.9986983403839896,3073,mendeley,iscx,logistic,23,default,5e-324,0.06372480001300573,0.0005733000580221415
2,1554,0,1517,0.49430523917995445,0.4939759036144578,1.0,0.6612903225806451,0.9987146529562982,0.0012853470437017994,0.5006426735218509,0.5157366905363512,0.33677998959521316,0.9993491701919948,3073,mendeley,iscx,logistic,23,validation_f1,-0.7554547786712646,0.06372480001300573,0.0005733000580221415
1090,466,1126,391,0.48193947282785554,0.456242707117853,0.25774555042847724,0.32940185341196293,0.2994858611825193,0.7005141388174807,0.479129844622979,0.5157366905363512,0.33677998959521316,0.27888057273023104,3073,mendeley,iscx,logistic,23,validation_fpr_limit,3.159719944000244,0.06372480001300573,0.0005733000580221415
4507,1093,872,5257,0.8324665359365675,0.8278740157480315,0.8577255669766684,0.8425354595720811,0.19517857142857142,0.8048214285714286,0.8312734977740485,0.8709111524761906,0.8939330000233083,0.5413931281439168,11729,mendeley,mendeley,logistic,23,default,5e-324,0.06372480001300573,0.0006447001360356808
4318,1282,586,5543,0.8407366356893171,0.8121611721611721,0.9043889704682656,0.8557974370850703,0.22892857142857143,0.7710714285714285,0.8377301995198471,0.8709111524761906,0.8939330000233083,0.5818910393042885,11729,mendeley,mendeley,logistic,23,validation_f1,-0.7554547786712646,0.06372480001300573,0.0006447001360356808
5509,91,5363,766,0.5349987211185949,0.8938156359393232,0.1249796051558166,0.21929573432579444,0.01625,0.98375,0.5543648025779083,0.8709111524761906,0.8939330000233083,0.07306675760934436,11729,mendeley,mendeley,logistic,23,validation_fpr_limit,3.159719944000244,0.06372480001300573,0.0006447001360356808
0,1556,0,1517,0.4936544093719492,0.4936544093719492,1.0,0.6610021786492375,1.0,0.0,0.5,0.583121637504182,0.5279840471231781,1.0,3073,mendeley,iscx,random_forest,23,default,0.5000000000000001,2.6447670999914408,0.10964619996957481
0,1556,0,1517,0.4936544093719492,0.4936544093719492,1.0,0.6610021786492375,1.0,0.0,0.5,0.583121637504182,0.5279840471231781,1.0,3073,mendeley,iscx,random_forest,23,validation_f1,0.465054871214327,2.6447670999914408,0.10964619996957481
989,567,1065,452,0.4689228766677514,0.4435721295387635,0.2979564930784443,0.35646687697160884,0.3643958868894602,0.6356041131105399,0.4667803030944921,0.583121637504182,0.5279840471231781,0.3315977871786528,3073,mendeley,iscx,random_forest,23,validation_fpr_limit,0.9200229944487431,2.6447670999914408,0.10964619996957481
4236,1364,484,5645,0.8424418108960696,0.8053930660579255,0.9210311633219123,0.8593393210534328,0.24357142857142858,0.7564285714285715,0.8387298673752419,0.9144348956583281,0.9197922785119922,0.5975786512064114,11729,mendeley,mendeley,random_forest,23,default,0.5000000000000001,2.6447670999914408,0.17157789994962513
4227,1373,482,5647,0.8418449995737062,0.8044159544159544,0.9213574808288465,0.8589246330519431,0.24517857142857144,0.7548214285714285,0.8380894547001375,0.9144348956583281,0.9197922785119922,0.5985164975701254,11729,mendeley,mendeley,random_forest,23,validation_f1,0.465054871214327,2.6447670999914408,0.17157789994962513
5544,56,4694,1435,0.5950208883962828,0.9624413145539906,0.23413281122532223,0.3766404199475066,0.01,0.99,0.6120664056126611,0.9144348956583281,0.9197922785119922,0.12712081166339842,11729,mendeley,mendeley,random_forest,23,validation_fpr_limit,0.9200229944487431,2.6447670999914408,0.17157789994962513
0,1556,0,1517,0.4936544093719492,0.4936544093719492,1.0,0.6610021786492375,1.0,0.0,0.5,0.6351157918447874,0.5613640946733931,1.0,3073,mendeley,iscx,mlp,23,default,5e-324,29.471294400049374,0.0034924999345093966
0,1556,0,1517,0.4936544093719492,0.4936544093719492,1.0,0.6610021786492375,1.0,0.0,0.5,0.6351157918447874,0.5613640946733931,1.0,3073,mendeley,iscx,mlp,23,validation_f1,-0.7017288208007812,29.471294400049374,0.0034924999345093966
1380,176,997,520,0.6182883176049463,0.7471264367816092,0.34278180619644033,0.4699502937189336,0.11311053984575835,0.8868894601542416,0.614835633175341,0.6351157918447874,0.5613640946733931,0.2264887731858119,3073,mendeley,iscx,mlp,23,validation_fpr_limit,2.368642807006836,29.471294400049374,0.0034924999345093966
4383,1217,616,5513,0.8437206923011339,0.8191679049034175,0.8994942078642519,0.8574539233221868,0.21732142857142858,0.7826785714285714,0.8410863896464117,0.8997890101994246,0.9098821178006201,0.5737914570722141,11729,mendeley,mendeley,mlp,23,default,5e-324,29.471294400049374,0.007822400191798806
4189,1411,458,5671,0.8406513769289794,0.8007624964699237,0.9252732909120575,0.858526985088184,0.2519642857142857,0.7480357142857142,0.8366545025988859,0.8997890101994246,0.9098821178006201,0.6038025407110581,11729,mendeley,mendeley,mlp,23,validation_f1,-0.7017288208007812,29.471294400049374,0.007822400191798806
5535,65,4792,1337,0.5858982010401569,0.9536376604850214,0.21814325338554413,0.3550657283229319,0.011607142857142858,0.9883928571428572,0.6032680552642007,0.8997890101994246,0.9098821178006201,0.11953278199334981,11729,mendeley,mendeley,mlp,23,validation_fpr_limit,2.368642807006836,29.471294400049374,0.007822400191798806
0,1556,0,1517,0.4936544093719492,0.4936544093719492,1.0,0.6610021786492375,1.0,0.0,0.5,0.5910045245265764,0.5444419119727917,1.0,3073,mendeley,iscx,dqn,23,default,5e-324,53.716907899826765,0.0022060000337660313
0,1556,0,1517,0.4936544093719492,0.4936544093719492,1.0,0.6610021786492375,1.0,0.0,0.5,0.5910045245265764,0.5444419119727917,1.0,3073,mendeley,iscx,dqn,23,validation_f1,0.09842938184738159,53.716907899826765,0.0022060000337660313
1321,235,1117,400,0.5600390497884803,0.6299212598425197,0.26367831245880025,0.37174721189591076,0.15102827763496143,0.8489717223650386,0.5563250174119194,0.5910045245265764,0.5444419119727917,0.20663846404165312,3073,mendeley,iscx,dqn,23,validation_fpr_limit,1.9279284477233887,53.716907899826765,0.0022060000337660313
4224,1376,479,5650,0.8418449995737062,0.8041559920296043,0.9218469570892478,0.8589889775750665,0.24571428571428572,0.7542857142857143,0.8380663356874811,0.8946708511847427,0.9081013856839847,0.5990280501321511,11729,mendeley,mendeley,dqn,23,default,5e-324,53.716907899826765,0.012266100151464343
4251,1349,488,5641,0.8433796572597835,0.8070100143061516,0.9203785283080437,0.8599740833905023,0.24089285714285713,0.7591071428571429,0.8397428355825933,0.8946708511847427,0.9081013856839847,0.5959587347599966,11729,mendeley,mendeley,dqn,23,validation_f1,0.09842938184738159,53.716907899826765,0.012266100151464343
5537,63,4860,1269,0.5802711228578736,0.9527027027027027,0.20704845814977973,0.3401688781664656,0.01125,0.98875,0.5978992290748899,0.8946708511847427,0.9081013856839847,0.11356466876971609,11729,mendeley,mendeley,dqn,23,validation_fpr_limit,1.9279284477233887,53.716907899826765,0.012266100151464343
0,1556,0,1517,0.4936544093719492,0.4936544093719492,1.0,0.6610021786492375,1.0,0.0,0.5,0.5910045245265764,0.5444419119727917,1.0,3073,mendeley,iscx,ddqn,23,default,5e-324,52.699513300089166,0.003341600066050887
0,1556,0,1517,0.4936544093719492,0.4936544093719492,1.0,0.6610021786492375,1.0,0.0,0.5,0.5910045245265764,0.5444419119727917,1.0,3073,mendeley,iscx,ddqn,23,validation_f1,0.09842938184738159,52.699513300089166,0.003341600066050887
1321,235,1117,400,0.5600390497884803,0.6299212598425197,0.26367831245880025,0.37174721189591076,0.15102827763496143,0.8489717223650386,0.5563250174119194,0.5910045245265764,0.5444419119727917,0.20663846404165312,3073,mendeley,iscx,ddqn,23,validation_fpr_limit,1.9279284477233887,52.699513300089166,0.003341600066050887
4224,1376,479,5650,0.8418449995737062,0.8041559920296043,0.9218469570892478,0.8589889775750665,0.24571428571428572,0.7542857142857143,0.8380663356874811,0.8946708511847427,0.9081013856839847,0.5990280501321511,11729,mendeley,mendeley,ddqn,23,default,5e-324,52.699513300089166,0.01450789999216795
4251,1349,488,5641,0.8433796572597835,0.8070100143061516,0.9203785283080437,0.8599740833905023,0.24089285714285713,0.7591071428571429,0.8397428355825933,0.8946708511847427,0.9081013856839847,0.5959587347599966,11729,mendeley,mendeley,ddqn,23,validation_f1,0.09842938184738159,52.699513300089166,0.01450789999216795
5537,63,4860,1269,0.5802711228578736,0.9527027027027027,0.20704845814977973,0.3401688781664656,0.01125,0.98875,0.5978992290748899,0.8946708511847427,0.9081013856839847,0.11356466876971609,11729,mendeley,mendeley,ddqn,23,validation_fpr_limit,1.9279284477233887,52.699513300089166,0.01450789999216795
0,1556,0,1517,0.4936544093719492,0.4936544093719492,1.0,0.6610021786492375,1.0,0.0,0.5,0.4936544093719492,0.5,1.0,3073,mendeley,iscx,always_malicious,37,default,0.5000000000000001,7.410021498799324e-05,7.890001870691776e-05
0,1556,0,1517,0.4936544093719492,0.4936544093719492,1.0,0.6610021786492375,1.0,0.0,0.5,0.4936544093719492,0.5,1.0,3073,mendeley,iscx,always_malicious,37,validation_f1,1.0,7.410021498799324e-05,7.890001870691776e-05
1556,0,1517,0,0.5063455906280507,0.0,0.0,0.0,0.0,1.0,0.5,0.4936544093719492,0.5,0.0,3073,mendeley,iscx,always_malicious,37,validation_fpr_limit,1.0000000000000002,7.410021498799324e-05,7.890001870691776e-05
0,5600,0,6129,0.5225509421093018,0.5225509421093018,1.0,0.6864150520775003,1.0,0.0,0.5,0.5225509421093018,0.5,1.0,11729,mendeley,mendeley,always_malicious,37,default,0.5000000000000001,7.410021498799324e-05,6.449990905821323e-05
0,5600,0,6129,0.5225509421093018,0.5225509421093018,1.0,0.6864150520775003,1.0,0.0,0.5,0.5225509421093018,0.5,1.0,11729,mendeley,mendeley,always_malicious,37,validation_f1,1.0,7.410021498799324e-05,6.449990905821323e-05
5600,0,6129,0,0.47744905789069825,0.0,0.0,0.0,0.0,1.0,0.5,0.5225509421093018,0.5,0.0,11729,mendeley,mendeley,always_malicious,37,validation_fpr_limit,1.0000000000000002,7.410021498799324e-05,6.449990905821323e-05
3,1553,1,1516,0.49430523917995445,0.4939719778429456,0.999340804218853,0.6611426079372001,0.9980719794344473,0.0019280205655526992,0.5006344123922029,0.5157366905363512,0.33677998959521316,0.9986983403839896,3073,mendeley,iscx,logistic,37,default,5e-324,0.10028850007802248,0.0007539999205619097
2,1554,0,1517,0.49430523917995445,0.4939759036144578,1.0,0.6612903225806451,0.9987146529562982,0.0012853470437017994,0.5006426735218509,0.5157366905363512,0.33677998959521316,0.9993491701919948,3073,mendeley,iscx,logistic,37,validation_f1,-0.7554547786712646,0.10028850007802248,0.0007539999205619097
1090,466,1126,391,0.48193947282785554,0.456242707117853,0.25774555042847724,0.32940185341196293,0.2994858611825193,0.7005141388174807,0.479129844622979,0.5157366905363512,0.33677998959521316,0.27888057273023104,3073,mendeley,iscx,logistic,37,validation_fpr_limit,3.159719944000244,0.10028850007802248,0.0007539999205619097
4507,1093,872,5257,0.8324665359365675,0.8278740157480315,0.8577255669766684,0.8425354595720811,0.19517857142857142,0.8048214285714286,0.8312734977740485,0.8709111524761906,0.8939330000233083,0.5413931281439168,11729,mendeley,mendeley,logistic,37,default,5e-324,0.10028850007802248,0.0005447999574244022
4318,1282,586,5543,0.8407366356893171,0.8121611721611721,0.9043889704682656,0.8557974370850703,0.22892857142857143,0.7710714285714285,0.8377301995198471,0.8709111524761906,0.8939330000233083,0.5818910393042885,11729,mendeley,mendeley,logistic,37,validation_f1,-0.7554547786712646,0.10028850007802248,0.0005447999574244022
5509,91,5363,766,0.5349987211185949,0.8938156359393232,0.1249796051558166,0.21929573432579444,0.01625,0.98375,0.5543648025779083,0.8709111524761906,0.8939330000233083,0.07306675760934436,11729,mendeley,mendeley,logistic,37,validation_fpr_limit,3.159719944000244,0.10028850007802248,0.0005447999574244022
0,1556,0,1517,0.4936544093719492,0.4936544093719492,1.0,0.6610021786492375,1.0,0.0,0.5,0.5915272229382023,0.5332817612897869,1.0,3073,mendeley,iscx,random_forest,37,default,0.5000000000000001,2.536256599938497,0.09081210009753704
0,1556,0,1517,0.4936544093719492,0.4936544093719492,1.0,0.6610021786492375,1.0,0.0,0.5,0.5915272229382023,0.5332817612897869,1.0,3073,mendeley,iscx,random_forest,37,validation_f1,0.4805563865035581,2.536256599938497,0.09081210009753704
1036,520,1062,455,0.48519362186788156,0.4666666666666667,0.2999340804218853,0.3651685393258427,0.3341902313624679,0.6658097686375322,0.48287192452970873,0.5915272229382023,0.5332817612897869,0.31727953140253823,3073,mendeley,iscx,random_forest,37,validation_fpr_limit,0.9193978794432084,2.536256599938497,0.09081210009753704
4235,1365,485,5644,0.8422712933753943,0.8052503923526894,0.9208680045684451,0.8591870908814127,0.24375,0.75625,0.8385590022842225,0.9127160412450985,0.917827468358856,0.5975786512064114,11729,mendeley,mendeley,random_forest,37,default,0.5000000000000001,2.536256599938497,0.1736898000817746
4230,1370,484,5645,0.8419302583340438,0.804704205274412,0.9210311633219123,0.8589470480827754,0.24464285714285713,0.7553571428571428,0.8381941530895276,0.9127160412450985,0.917827468358856,0.5980902037684372,11729,mendeley,mendeley,random_forest,37,validation_f1,0.4805563865035581,2.536256599938497,0.1736898000817746
5554,46,4698,1431,0.5955324409583085,0.968855788761002,0.23348017621145375,0.37628188272416513,0.008214285714285714,0.9917857142857143,0.612632945248584,0.9127160412450985,0.917827468358856,0.12592718901867167,11729,mendeley,mendeley,random_forest,37,validation_fpr_limit,0.9193978794432084,2.536256599938497,0.1736898000817746
0,1556,0,1517,0.4936544093719492,0.4936544093719492,1.0,0.6610021786492375,1.0,0.0,0.5,0.6282005148289177,0.5699152111544737,1.0,3073,mendeley,iscx,mlp,37,default,5e-324,29.943204100010917,0.002265600021928549
0,1556,0,1517,0.4936544093719492,0.4936544093719492,1.0,0.6610021786492375,1.0,0.0,0.5,0.6282005148289177,0.5699152111544737,1.0,3073,mendeley,iscx,mlp,37,validation_f1,0.01471266895532608,29.943204100010917,0.002265600021928549
1307,249,940,577,0.6130816791409046,0.698547215496368,0.3803559657218194,0.4925309432351686,0.16002570694087404,0.839974293059126,0.6101651293904726,0.6282005148289177,0.5699152111544737,0.26879271070615035,3073,mendeley,iscx,mlp,37,validation_fpr_limit,2.3083155155181885,29.943204100010917,0.002265600021928549
4246,1354,485,5644,0.8432091397391082,0.8065161474707059,0.9208680045684451,0.8599070617810619,0.2417857142857143,0.7582142857142857,0.8395411451413655,0.8998150336257105,0.9092977181082909,0.5966408048426975,11729,mendeley,mendeley,mlp,37,default,5e-324,29.943204100010917,0.01382340001873672
4250,1350,485,5644,0.8435501747804587,0.8069774092078925,0.9208680045684451,0.8601691686352206,0.24107142857142858,0.7589285714285714,0.8398982879985082,0.8998150336257105,0.9092977181082909,0.5962997698013471,11729,mendeley,mendeley,mlp,37,validation_f1,0.01471266895532608,29.943204100010917,0.01382340001873672
5533,67,4699,1430,0.5936567482308808,0.9552438209752839,0.2333170174579866,0.3750327825858904,0.011964285714285714,0.9880357142857142,0.6106763658718504,0.8998150336257105,0.9092977181082909,0.12763236422542415,11729,mendeley,mendeley,mlp,37,validation_fpr_limit,2.3083155155181885,29.943204100010917,0.01382340001873672
0,1556,0,1517,0.4936544093719492,0.4936544093719492,1.0,0.6610021786492375,1.0,0.0,0.5,0.6106734202616393,0.5376792241485953,1.0,3073,mendeley,iscx,dqn,37,default,5e-324,51.31561199994758,0.003189300186932087
0,1556,0,1517,0.4936544093719492,0.4936544093719492,1.0,0.6610021786492375,1.0,0.0,0.5,0.6106734202616393,0.5376792241485953,1.0,3073,mendeley,iscx,dqn,37,validation_f1,-0.1690637469291687,51.31561199994758,0.003189300186932087
1102,454,972,545,0.5359583468922877,0.5455455455455456,0.3592617007251154,0.4332273449920509,0.2917737789203085,0.7082262210796915,0.5337439609024034,0.6106734202616393,0.5376792241485953,0.3250894890986007,3073,mendeley,iscx,dqn,37,validation_fpr_limit,1.8696478605270386,51.31561199994758,0.003189300186932087
4256,1344,486,5643,0.8439764685821468,0.8076427651352511,0.920704845814978,0.8604757548032936,0.24,0.76,0.840352422907489,0.9027896125933039,0.9114999533832133,0.5957029584789837,11729,mendeley,mendeley,dqn,37,default,5e-324,51.31561199994758,0.013737199828028679
4212,1388,468,5661,0.8417597408133686,0.8030926372535111,0.9236417033773862,0.8591592047351647,0.24785714285714286,0.7521428571428571,0.8378922802601216,0.9027896125933039,0.9114999533832133,0.6009890016199164,11729,mendeley,mendeley,dqn,37,validation_f1,-0.1690637469291687,51.31561199994758,0.013737199828028679
5542,58,4873,1256,0.5795890527751727,0.9558599695585996,0.20492739435470714,0.3374983205696628,0.010357142857142856,0.9896428571428572,0.5972851257487821,0.9027896125933039,0.9114999533832133,0.11203001108363884,11729,mendeley,mendeley,dqn,37,validation_fpr_limit,1.8696478605270386,51.31561199994758,0.013737199828028679
0,1556,0,1517,0.4936544093719492,0.4936544093719492,1.0,0.6610021786492375,1.0,0.0,0.5,0.6106734202616393,0.5376792241485953,1.0,3073,mendeley,iscx,ddqn,37,default,5e-324,48.05960789998062,0.003083599964156747
0,1556,0,1517,0.4936544093719492,0.4936544093719492,1.0,0.6610021786492375,1.0,0.0,0.5,0.6106734202616393,0.5376792241485953,1.0,3073,mendeley,iscx,ddqn,37,validation_f1,-0.1690637469291687,48.05960789998062,0.003083599964156747
1102,454,972,545,0.5359583468922877,0.5455455455455456,0.3592617007251154,0.4332273449920509,0.2917737789203085,0.7082262210796915,0.5337439609024034,0.6106734202616393,0.5376792241485953,0.3250894890986007,3073,mendeley,iscx,ddqn,37,validation_fpr_limit,1.8696478605270386,48.05960789998062,0.003083599964156747
4256,1344,486,5643,0.8439764685821468,0.8076427651352511,0.920704845814978,0.8604757548032936,0.24,0.76,0.840352422907489,0.9027896125933039,0.9114999533832133,0.5957029584789837,11729,mendeley,mendeley,ddqn,37,default,5e-324,48.05960789998062,0.011799100087955594
4212,1388,468,5661,0.8417597408133686,0.8030926372535111,0.9236417033773862,0.8591592047351647,0.24785714285714286,0.7521428571428571,0.8378922802601216,0.9027896125933039,0.9114999533832133,0.6009890016199164,11729,mendeley,mendeley,ddqn,37,validation_f1,-0.1690637469291687,48.05960789998062,0.011799100087955594
5542,58,4873,1256,0.5795890527751727,0.9558599695585996,0.20492739435470714,0.3374983205696628,0.010357142857142856,0.9896428571428572,0.5972851257487821,0.9027896125933039,0.9114999533832133,0.11203001108363884,11729,mendeley,mendeley,ddqn,37,validation_fpr_limit,1.8696478605270386,48.05960789998062,0.011799100087955594
0,1556,0,1517,0.4936544093719492,0.4936544093719492,1.0,0.6610021786492375,1.0,0.0,0.5,0.4936544093719492,0.5,1.0,3073,mendeley,iscx,always_malicious,51,default,0.5000000000000001,7.740012370049953e-05,5.779997445642948e-05
0,1556,0,1517,0.4936544093719492,0.4936544093719492,1.0,0.6610021786492375,1.0,0.0,0.5,0.4936544093719492,0.5,1.0,3073,mendeley,iscx,always_malicious,51,validation_f1,1.0,7.740012370049953e-05,5.779997445642948e-05
1556,0,1517,0,0.5063455906280507,0.0,0.0,0.0,0.0,1.0,0.5,0.4936544093719492,0.5,0.0,3073,mendeley,iscx,always_malicious,51,validation_fpr_limit,1.0000000000000002,7.740012370049953e-05,5.779997445642948e-05
0,5600,0,6129,0.5225509421093018,0.5225509421093018,1.0,0.6864150520775003,1.0,0.0,0.5,0.5225509421093018,0.5,1.0,11729,mendeley,mendeley,always_malicious,51,default,0.5000000000000001,7.740012370049953e-05,7.299985736608505e-05
0,5600,0,6129,0.5225509421093018,0.5225509421093018,1.0,0.6864150520775003,1.0,0.0,0.5,0.5225509421093018,0.5,1.0,11729,mendeley,mendeley,always_malicious,51,validation_f1,1.0,7.740012370049953e-05,7.299985736608505e-05
5600,0,6129,0,0.47744905789069825,0.0,0.0,0.0,0.0,1.0,0.5,0.5225509421093018,0.5,0.0,11729,mendeley,mendeley,always_malicious,51,validation_fpr_limit,1.0000000000000002,7.740012370049953e-05,7.299985736608505e-05
3,1553,1,1516,0.49430523917995445,0.4939719778429456,0.999340804218853,0.6611426079372001,0.9980719794344473,0.0019280205655526992,0.5006344123922029,0.5157366905363512,0.33677998959521316,0.9986983403839896,3073,mendeley,iscx,logistic,51,default,5e-324,0.07375830016098917,0.0004632999189198017
2,1554,0,1517,0.49430523917995445,0.4939759036144578,1.0,0.6612903225806451,0.9987146529562982,0.0012853470437017994,0.5006426735218509,0.5157366905363512,0.33677998959521316,0.9993491701919948,3073,mendeley,iscx,logistic,51,validation_f1,-0.7554547786712646,0.07375830016098917,0.0004632999189198017
1090,466,1126,391,0.48193947282785554,0.456242707117853,0.25774555042847724,0.32940185341196293,0.2994858611825193,0.7005141388174807,0.479129844622979,0.5157366905363512,0.33677998959521316,0.27888057273023104,3073,mendeley,iscx,logistic,51,validation_fpr_limit,3.159719944000244,0.07375830016098917,0.0004632999189198017
4507,1093,872,5257,0.8324665359365675,0.8278740157480315,0.8577255669766684,0.8425354595720811,0.19517857142857142,0.8048214285714286,0.8312734977740485,0.8709111524761906,0.8939330000233083,0.5413931281439168,11729,mendeley,mendeley,logistic,51,default,5e-324,0.07375830016098917,0.0005373000167310238
4318,1282,586,5543,0.8407366356893171,0.8121611721611721,0.9043889704682656,0.8557974370850703,0.22892857142857143,0.7710714285714285,0.8377301995198471,0.8709111524761906,0.8939330000233083,0.5818910393042885,11729,mendeley,mendeley,logistic,51,validation_f1,-0.7554547786712646,0.07375830016098917,0.0005373000167310238
5509,91,5363,766,0.5349987211185949,0.8938156359393232,0.1249796051558166,0.21929573432579444,0.01625,0.98375,0.5543648025779083,0.8709111524761906,0.8939330000233083,0.07306675760934436,11729,mendeley,mendeley,logistic,51,validation_fpr_limit,3.159719944000244,0.07375830016098917,0.0005373000167310238
0,1556,0,1517,0.4936544093719492,0.4936544093719492,1.0,0.6610021786492375,1.0,0.0,0.5,0.5943939928179366,0.542882253060007,1.0,3073,mendeley,iscx,random_forest,51,default,0.5000000000000001,2.503576699877158,0.08825509995222092
1,1555,0,1517,0.49397982427595183,0.4938151041666667,1.0,0.6611462192198736,0.9993573264781491,0.0006426735218508997,0.5003213367609255,0.5943939928179366,0.542882253060007,0.9996745850959974,3073,mendeley,iscx,random_forest,51,validation_f1,0.5474299914898527,2.503576699877158,0.08825509995222092
1008,548,1061,456,0.47640741945981124,0.4541832669322709,0.3005932762030323,0.3617612058706862,0.35218508997429304,0.6478149100257069,0.4742040931143696,0.5943939928179366,0.542882253060007,0.32671656361861373,3073,mendeley,iscx,random_forest,51,validation_fpr_limit,0.919606700195273,2.503576699877158,0.08825509995222092
4240,1360,492,5637,0.8421007758547191,0.8056309847077319,0.9197258932941752,0.8589059881151913,0.24285714285714285,0.7571428571428571,0.8384343752185162,0.912021592197913,0.9172939392350185,0.5965555460823599,11729,mendeley,mendeley,random_forest,51,default,0.5000000000000001,2.503576699877158,0.20436060009524226
4349,1251,590,5539,0.843038622218433,0.8157584683357879,0.9037363354543971,0.8574967102716928,0.22339285714285714,0.7766071428571428,0.8401717391557699,0.912021592197913,0.9172939392350185,0.5789069826924716,11729,mendeley,mendeley,random_forest,51,validation_f1,0.5474299914898527,2.503576699877158,0.20436060009524226
5543,57,4684,1445,0.5957882172393213,0.9620505992010653,0.23576439875999347,0.3787183855326956,0.01017857142857143,0.9898214285714285,0.612792913665711,0.912021592197913,0.9172939392350185,0.12805865802711228,11729,mendeley,mendeley,random_forest,51,validation_fpr_limit,0.919606700195273,2.503576699877158,0.20436060009524226
0,1556,0,1517,0.4936544093719492,0.4936544093719492,1.0,0.6610021786492375,1.0,0.0,0.5,0.6166157762647768,0.5490355237047819,1.0,3073,mendeley,iscx,mlp,51,default,5e-324,26.695037999888882,0.0029160999692976475
0,1556,0,1517,0.4936544093719492,0.4936544093719492,1.0,0.6610021786492375,1.0,0.0,0.5,0.6166157762647768,0.5490355237047819,1.0,3073,mendeley,iscx,mlp,51,validation_f1,-0.49668747186660767,26.695037999888882,0.0029160999692976475
1332,224,995,522,0.6033192320208266,0.6997319034852547,0.34410019775873435,0.4613345117101193,0.14395886889460155,0.8560411311053985,0.6000706644320664,0.6166157762647768,0.5490355237047819,0.24275951838594206,3073,mendeley,iscx,mlp,51,validation_fpr_limit,2.485037326812744,26.695037999888882,0.0029160999692976475
4346,1254,598,5531,0.8421007758547191,0.8151805453205601,0.9024310654266602,0.8565897475607868,0.22392857142857142,0.7760714285714285,0.8392512469990443,0.8975847798882414,0.9085903957765191,0.5784806888907835,11729,mendeley,mendeley,mlp,51,default,5e-324,26.695037999888882,0.008628900162875652
4196,1404,462,5667,0.8409071532099923,0.8014425116673738,0.924620655898189,0.8586363636363636,0.2507142857142857,0.7492857142857143,0.8369531850919516,0.8975847798882414,0.9085903957765191,0.6028646943473442,11729,mendeley,mendeley,mlp,51,validation_f1,-0.49668747186660767,26.695037999888882,0.008628900162875652
5531,69,4704,1425,0.5930599369085173,0.9538152610441767,0.23250122369065102,0.3738685556867375,0.012321428571428572,0.9876785714285714,0.6100898975596112,0.8975847798882414,0.9085903957765191,0.12737658794441128,11729,mendeley,mendeley,mlp,51,validation_fpr_limit,2.485037326812744,26.695037999888882,0.008628900162875652
0,1556,0,1517,0.4936544093719492,0.4936544093719492,1.0,0.6610021786492375,1.0,0.0,0.5,0.5195440247448204,0.4743116996236314,1.0,3073,mendeley,iscx,dqn,51,default,5e-324,47.69988079997711,0.0022018998861312866
0,1556,0,1517,0.4936544093719492,0.4936544093719492,1.0,0.6610021786492375,1.0,0.0,0.5,0.5195440247448204,0.4743116996236314,1.0,3073,mendeley,iscx,dqn,51,validation_f1,-0.8125982284545898,47.69988079997711,0.0022018998861312866
1171,385,1270,247,0.4614383338756915,0.39082278481012656,0.16282135794330915,0.22987436016751978,0.2474293059125964,0.7525706940874036,0.4576960260153564,0.5195440247448204,0.4743116996236314,0.2056622193296453,3073,mendeley,iscx,dqn,51,validation_fpr_limit,1.529917597770691,47.69988079997711,0.0022018998861312866
4436,1164,688,5441,0.8421007758547191,0.8237698713096139,0.8877467776146191,0.8545625883461598,0.20785714285714285,0.7921428571428571,0.839944817378738,0.8942016012822386,0.9086426211453745,0.5631341120300111,11729,mendeley,mendeley,dqn,51,default,5e-324,47.69988079997711,0.014639300061389804
4213,1387,464,5665,0.8421860346150567,0.8033182076006806,0.9242943383912547,0.8595705940368713,0.24767857142857144,0.7523214285714286,0.8383078834813417,0.8942016012822386,0.9086426211453745,0.6012447779009293,11729,mendeley,mendeley,dqn,51,validation_f1,-0.8125982284545898,47.69988079997711,0.014639300061389804
5550,50,5041,1088,0.5659476511211528,0.9560632688927944,0.17751672377223038,0.29943580569698636,0.008928571428571428,0.9910714285714286,0.5842940761718295,0.8942016012822386,0.9086426211453745,0.0970244692642169,11729,mendeley,mendeley,dqn,51,validation_fpr_limit,1.529917597770691,47.69988079997711,0.014639300061389804
0,1556,0,1517,0.4936544093719492,0.4936544093719492,1.0,0.6610021786492375,1.0,0.0,0.5,0.5195440247448204,0.4743116996236314,1.0,3073,mendeley,iscx,ddqn,51,default,5e-324,47.484403300099075,0.004838800057768822
0,1556,0,1517,0.4936544093719492,0.4936544093719492,1.0,0.6610021786492375,1.0,0.0,0.5,0.5195440247448204,0.4743116996236314,1.0,3073,mendeley,iscx,ddqn,51,validation_f1,-0.8125982284545898,47.484403300099075,0.004838800057768822
1171,385,1270,247,0.4614383338756915,0.39082278481012656,0.16282135794330915,0.22987436016751978,0.2474293059125964,0.7525706940874036,0.4576960260153564,0.5195440247448204,0.4743116996236314,0.2056622193296453,3073,mendeley,iscx,ddqn,51,validation_fpr_limit,1.529917597770691,47.484403300099075,0.004838800057768822
4436,1164,688,5441,0.8421007758547191,0.8237698713096139,0.8877467776146191,0.8545625883461598,0.20785714285714285,0.7921428571428571,0.839944817378738,0.8942016012822386,0.9086426211453745,0.5631341120300111,11729,mendeley,mendeley,ddqn,51,default,5e-324,47.484403300099075,0.009682700037956238
4213,1387,464,5665,0.8421860346150567,0.8033182076006806,0.9242943383912547,0.8595705940368713,0.24767857142857144,0.7523214285714286,0.8383078834813417,0.8942016012822386,0.9086426211453745,0.6012447779009293,11729,mendeley,mendeley,ddqn,51,validation_f1,-0.8125982284545898,47.484403300099075,0.009682700037956238
5550,50,5041,1088,0.5659476511211528,0.9560632688927944,0.17751672377223038,0.29943580569698636,0.008928571428571428,0.9910714285714286,0.5842940761718295,0.8942016012822386,0.9086426211453745,0.0970244692642169,11729,mendeley,mendeley,ddqn,51,validation_fpr_limit,1.529917597770691,47.484403300099075,0.009682700037956238
0,1556,0,1517,0.4936544093719492,0.4936544093719492,1.0,0.6610021786492375,1.0,0.0,0.5,0.4936544093719492,0.5,1.0,3073,mendeley,iscx,always_malicious,71,default,0.5000000000000001,9.810016490519047e-05,5.369982682168484e-05
0,1556,0,1517,0.4936544093719492,0.4936544093719492,1.0,0.6610021786492375,1.0,0.0,0.5,0.4936544093719492,0.5,1.0,3073,mendeley,iscx,always_malicious,71,validation_f1,1.0,9.810016490519047e-05,5.369982682168484e-05
1556,0,1517,0,0.5063455906280507,0.0,0.0,0.0,0.0,1.0,0.5,0.4936544093719492,0.5,0.0,3073,mendeley,iscx,always_malicious,71,validation_fpr_limit,1.0000000000000002,9.810016490519047e-05,5.369982682168484e-05
0,5600,0,6129,0.5225509421093018,0.5225509421093018,1.0,0.6864150520775003,1.0,0.0,0.5,0.5225509421093018,0.5,1.0,11729,mendeley,mendeley,always_malicious,71,default,0.5000000000000001,9.810016490519047e-05,5.340017378330231e-05
0,5600,0,6129,0.5225509421093018,0.5225509421093018,1.0,0.6864150520775003,1.0,0.0,0.5,0.5225509421093018,0.5,1.0,11729,mendeley,mendeley,always_malicious,71,validation_f1,1.0,9.810016490519047e-05,5.340017378330231e-05
5600,0,6129,0,0.47744905789069825,0.0,0.0,0.0,0.0,1.0,0.5,0.5225509421093018,0.5,0.0,11729,mendeley,mendeley,always_malicious,71,validation_fpr_limit,1.0000000000000002,9.810016490519047e-05,5.340017378330231e-05
3,1553,1,1516,0.49430523917995445,0.4939719778429456,0.999340804218853,0.6611426079372001,0.9980719794344473,0.0019280205655526992,0.5006344123922029,0.5157366905363512,0.33677998959521316,0.9986983403839896,3073,mendeley,iscx,logistic,71,default,5e-324,0.05888409982435405,0.00038759992457926273
2,1554,0,1517,0.49430523917995445,0.4939759036144578,1.0,0.6612903225806451,0.9987146529562982,0.0012853470437017994,0.5006426735218509,0.5157366905363512,0.33677998959521316,0.9993491701919948,3073,mendeley,iscx,logistic,71,validation_f1,-0.7554547786712646,0.05888409982435405,0.00038759992457926273
1090,466,1126,391,0.48193947282785554,0.456242707117853,0.25774555042847724,0.32940185341196293,0.2994858611825193,0.7005141388174807,0.479129844622979,0.5157366905363512,0.33677998959521316,0.27888057273023104,3073,mendeley,iscx,logistic,71,validation_fpr_limit,3.159719944000244,0.05888409982435405,0.00038759992457926273
4507,1093,872,5257,0.8324665359365675,0.8278740157480315,0.8577255669766684,0.8425354595720811,0.19517857142857142,0.8048214285714286,0.8312734977740485,0.8709111524761906,0.8939330000233083,0.5413931281439168,11729,mendeley,mendeley,logistic,71,default,5e-324,0.05888409982435405,0.0007800001185387373
4318,1282,586,5543,0.8407366356893171,0.8121611721611721,0.9043889704682656,0.8557974370850703,0.22892857142857143,0.7710714285714285,0.8377301995198471,0.8709111524761906,0.8939330000233083,0.5818910393042885,11729,mendeley,mendeley,logistic,71,validation_f1,-0.7554547786712646,0.05888409982435405,0.0007800001185387373
5509,91,5363,766,0.5349987211185949,0.8938156359393232,0.1249796051558166,0.21929573432579444,0.01625,0.98375,0.5543648025779083,0.8709111524761906,0.8939330000233083,0.07306675760934436,11729,mendeley,mendeley,logistic,71,validation_fpr_limit,3.159719944000244,0.05888409982435405,0.0007800001185387373
0,1556,0,1517,0.4936544093719492,0.4936544093719492,1.0,0.6610021786492375,1.0,0.0,0.5,0.5880277491354334,0.5335906004443216,1.0,3073,mendeley,iscx,random_forest,71,default,0.5000000000000001,2.2176344997715205,0.10276029980741441
0,1556,0,1517,0.4936544093719492,0.4936544093719492,1.0,0.6610021786492375,1.0,0.0,0.5,0.5880277491354334,0.5335906004443216,1.0,3073,mendeley,iscx,random_forest,71,validation_f1,0.5502416800672907,2.2176344997715205,0.10276029980741441
964,592,1056,461,0.4637162382037097,0.43779677113010446,0.3038892551087673,0.3587548638132296,0.38046272493573263,0.6195372750642674,0.46171326508651733,0.5880277491354334,0.5335906004443216,0.3426618939147413,3073,mendeley,iscx,random_forest,71,validation_fpr_limit,0.9183742407250732,2.2176344997715205,0.10276029980741441
4264,1336,526,5603,0.8412481882513428,0.8074650526012394,0.9141784956762931,0.8575145393327211,0.23857142857142857,0.7614285714285715,0.8378035335524323,0.9144976176064289,0.9198583578071463,0.5916105379827777,11729,mendeley,mendeley,random_forest,71,default,0.5000000000000001,2.2176344997715205,0.163860899861902
4391,1209,618,5511,0.8442322448631597,0.8200892857142857,0.8991678903573177,0.857809946299323,0.21589285714285714,0.7841071428571429,0.8416375166072303,0.9144976176064289,0.9198583578071463,0.5729388694688379,11729,mendeley,mendeley,random_forest,71,validation_f1,0.5502416800672907,2.2176344997715205,0.163860899861902
5540,60,4637,1492,0.5995396026941768,0.961340206185567,0.24343286017294827,0.38849108189037884,0.010714285714285714,0.9892857142857143,0.6163592872293313,0.9144976176064289,0.9198583578071463,0.13232159604399352,11729,mendeley,mendeley,random_forest,71,validation_fpr_limit,0.9183742407250732,2.2176344997715205,0.163860899861902
0,1556,0,1517,0.4936544093719492,0.4936544093719492,1.0,0.6610021786492375,1.0,0.0,0.5,0.6378779520107224,0.5842029407926956,1.0,3073,mendeley,iscx,mlp,71,default,5e-324,28.078831100137904,0.002212699968367815
0,1556,0,1517,0.4936544093719492,0.4936544093719492,1.0,0.6610021786492375,1.0,0.0,0.5,0.6378779520107224,0.5842029407926956,1.0,3073,mendeley,iscx,mlp,71,validation_f1,-0.7734783887863159,28.078831100137904,0.002212699968367815
1339,217,979,538,0.6108037748128864,0.7125827814569536,0.35464733025708634,0.4735915492957746,0.13946015424164523,0.8605398457583547,0.6075935880077206,0.6378779520107224,0.5842029407926956,0.2456882525219655,3073,mendeley,iscx,mlp,71,validation_fpr_limit,2.5874390602111816,28.078831100137904,0.002212699968367815
4388,1212,619,5510,0.8438912098218092,0.8196965188931865,0.8990047316038505,0.8575208155007392,0.21642857142857144,0.7835714285714286,0.8412880800876396,0.9005807532955934,0.9098591007621845,0.5731093869895132,11729,mendeley,mendeley,mlp,71,default,5e-324,28.078831100137904,0.010298799956217408
4186,1414,457,5672,0.8404808594083042,0.8004515946937624,0.9254364496655245,0.858418463866818,0.2525,0.7475,0.8364682248327623,0.9005807532955934,0.9098591007621845,0.6041435757524085,11729,mendeley,mendeley,mlp,71,validation_f1,-0.7734783887863159,28.078831100137904,0.010298799956217408
5537,63,4789,1340,0.586324494841845,0.955096222380613,0.21863272964594552,0.35581518852894317,0.01125,0.98875,0.6036913648229728,0.9005807532955934,0.9098591007621845,0.11961804075368744,11729,mendeley,mendeley,mlp,71,validation_fpr_limit,2.5874390602111816,28.078831100137904,0.010298799956217408
0,1556,0,1517,0.4936544093719492,0.4936544093719492,1.0,0.6610021786492375,1.0,0.0,0.5,0.6635331056730516,0.5881915836458441,1.0,3073,mendeley,iscx,dqn,71,default,5e-324,46.0628418000415,0.00446099997498095
0,1556,0,1517,0.4936544093719492,0.4936544093719492,1.0,0.6610021786492375,1.0,0.0,0.5,0.6635331056730516,0.5881915836458441,1.0,3073,mendeley,iscx,dqn,71,validation_f1,-0.3148730993270874,46.0628418000415,0.00446099997498095
1396,160,989,528,0.6260982753010088,0.7674418604651163,0.34805537244561635,0.47891156462585033,0.10282776349614396,0.897172236503856,0.6226138044747362,0.6635331056730516,0.5881915836458441,0.22388545395379109,3073,mendeley,iscx,dqn,71,validation_fpr_limit,1.641221523284912,46.0628418000415,0.00446099997498095
4378,1222,593,5536,0.8452553499872112,0.8191772713820658,0.9032468591939957,0.8591603941957011,0.21821428571428572,0.7817857142857143,0.842516286739855,0.9009700882456083,0.9108969798149313,0.5761787023616677,11729,mendeley,mendeley,dqn,71,default,5e-324,46.0628418000415,0.00708210002630949
4217,1383,471,5658,0.8419302583340438,0.8035790370685982,0.9231522271169849,0.8592255125284738,0.24696428571428572,0.7530357142857143,0.8380939707013495,0.9009700882456083,0.9108969798149313,0.6003069315372155,11729,mendeley,mendeley,dqn,71,validation_f1,-0.3148730993270874,46.0628418000415,0.00708210002630949
5537,63,4824,1305,0.5833404382300281,0.9539473684210527,0.21292217327459617,0.34813925570228094,0.01125,0.98875,0.6008360866372982,0.9009700882456083,0.9108969798149313,0.11663398414187058,11729,mendeley,mendeley,dqn,71,validation_fpr_limit,1.641221523284912,46.0628418000415,0.00708210002630949
0,1556,0,1517,0.4936544093719492,0.4936544093719492,1.0,0.6610021786492375,1.0,0.0,0.5,0.6635331056730516,0.5881915836458441,1.0,3073,mendeley,iscx,ddqn,71,default,5e-324,48.53157140011899,0.0021391999907791615
0,1556,0,1517,0.4936544093719492,0.4936544093719492,1.0,0.6610021786492375,1.0,0.0,0.5,0.6635331056730516,0.5881915836458441,1.0,3073,mendeley,iscx,ddqn,71,validation_f1,-0.3148730993270874,48.53157140011899,0.0021391999907791615
1396,160,989,528,0.6260982753010088,0.7674418604651163,0.34805537244561635,0.47891156462585033,0.10282776349614396,0.897172236503856,0.6226138044747362,0.6635331056730516,0.5881915836458441,0.22388545395379109,3073,mendeley,iscx,ddqn,71,validation_fpr_limit,1.641221523284912,48.53157140011899,0.0021391999907791615
4378,1222,593,5536,0.8452553499872112,0.8191772713820658,0.9032468591939957,0.8591603941957011,0.21821428571428572,0.7817857142857143,0.842516286739855,0.9009700882456083,0.9108969798149313,0.5761787023616677,11729,mendeley,mendeley,ddqn,71,default,5e-324,48.53157140011899,0.007486599963158369
4217,1383,471,5658,0.8419302583340438,0.8035790370685982,0.9231522271169849,0.8592255125284738,0.24696428571428572,0.7530357142857143,0.8380939707013495,0.9009700882456083,0.9108969798149313,0.6003069315372155,11729,mendeley,mendeley,ddqn,71,validation_f1,-0.3148730993270874,48.53157140011899,0.007486599963158369
5537,63,4824,1305,0.5833404382300281,0.9539473684210527,0.21292217327459617,0.34813925570228094,0.01125,0.98875,0.6008360866372982,0.9009700882456083,0.9108969798149313,0.11663398414187058,11729,mendeley,mendeley,ddqn,71,validation_fpr_limit,1.641221523284912,48.53157140011899,0.007486599963158369
