tn,fp,fn,tp,accuracy,precision,recall,f1,fpr,specificity,balanced_accuracy,average_precision,roc_auc,predicted_malicious_fraction,n,source,target,model,seed,operating_point,threshold,fit_seconds,inference_seconds
0,1556,0,1517,0.4936544093719492,0.4936544093719492,1.0,0.6610021786492375,1.0,0.0,0.5,0.4936544093719492,0.5,1.0,3073,iscx,iscx,always_malicious,11,default,0.5000000000000001,2.100132405757904e-06,4.810001701116562e-05
0,1556,0,1517,0.4936544093719492,0.4936544093719492,1.0,0.6610021786492375,1.0,0.0,0.5,0.4936544093719492,0.5,1.0,3073,iscx,iscx,always_malicious,11,validation_f1,1.0,2.100132405757904e-06,4.810001701116562e-05
1556,0,1517,0,0.5063455906280507,0.0,0.0,0.0,0.0,1.0,0.5,0.4936544093719492,0.5,0.0,3073,iscx,iscx,always_malicious,11,validation_fpr_limit,1.0000000000000002,2.100132405757904e-06,4.810001701116562e-05
0,5600,0,6129,0.5225509421093018,0.5225509421093018,1.0,0.6864150520775003,1.0,0.0,0.5,0.5225509421093018,0.5,1.0,11729,iscx,mendeley,always_malicious,11,default,0.5000000000000001,2.100132405757904e-06,6.369990296661854e-05
0,5600,0,6129,0.5225509421093018,0.5225509421093018,1.0,0.6864150520775003,1.0,0.0,0.5,0.5225509421093018,0.5,1.0,11729,iscx,mendeley,always_malicious,11,validation_f1,1.0,2.100132405757904e-06,6.369990296661854e-05
5600,0,6129,0,0.47744905789069825,0.0,0.0,0.0,0.0,1.0,0.5,0.5225509421093018,0.5,0.0,11729,iscx,mendeley,always_malicious,11,validation_fpr_limit,1.0000000000000002,2.100132405757904e-06,6.369990296661854e-05
1364,192,288,1229,0.8438008460787504,0.8648838845883181,0.8101516150296638,0.8366235534377128,0.12339331619537275,0.8766066838046273,0.8433791494171455,0.9406952918396636,0.9345532126897731,0.4624145785876993,3073,iscx,iscx,logistic,11,default,5e-324,0.03050810005515814,0.00041390000842511654
1347,209,278,1239,0.8415229417507322,0.8556629834254144,0.8167435728411339,0.8357504215851602,0.13431876606683804,0.865681233933162,0.841212403387148,0.9406952918396636,0.9345532126897731,0.4712007809957696,3073,iscx,iscx,logistic,11,validation_f1,-0.1349935531616211,0.03050810005515814,0.00041390000842511654
1544,12,726,791,0.7598438008460787,0.9850560398505604,0.5214238628872775,0.6818965517241379,0.007712082262210797,0.9922879177377892,0.7568558903125333,0.9406952918396636,0.9345532126897731,0.26130816791409045,3073,iscx,iscx,logistic,11,validation_fpr_limit,2.9301509857177734,0.03050810005515814,0.00041390000842511654
155,5445,930,5199,0.4564754028476426,0.4884441939120631,0.8482623592755751,0.6199248792702557,0.9723214285714286,0.027678571428571427,0.4379704653520733,0.3535363665992691,0.12712840593897862,0.9074942450336773,11729,iscx,mendeley,logistic,11,default,5e-324,0.03050810005515814,0.00044979993253946304
146,5454,868,5261,0.46099411714553673,0.4909939337377508,0.8583782019905368,0.6246734742341487,0.9739285714285715,0.026071428571428572,0.4422248152809827,0.3535363665992691,0.12712840593897862,0.9135476170176485,11729,iscx,mendeley,logistic,11,validation_f1,-0.1349935531616211,0.03050810005515814,0.00044979993253946304
317,5283,2105,4024,0.3701082786256288,0.43236273772429357,0.656550823951705,0.5213785954910599,0.9433928571428571,0.056607142857142856,0.35657898340442395,0.3535363665992691,0.12712840593897862,0.793503282462273,11729,iscx,mendeley,logistic,11,validation_fpr_limit,2.9301509857177734,0.03050810005515814,0.00044979993253946304
1476,80,172,1345,0.9179954441913439,0.9438596491228071,0.8866183256427159,0.9143439836845684,0.05141388174807198,0.9485861182519281,0.917602221947322,0.976416981582803,0.9704539639018289,0.4637162382037097,3073,iscx,iscx,random_forest,11,default,0.5000000000000001,0.9173355998937041,0.10083690006285906
1301,255,86,1431,0.8890335177351123,0.8487544483985765,0.9433091628213579,0.8935373087730253,0.16388174807197944,0.8361182519280206,0.8897137073746892,0.976416981582803,0.9704539639018289,0.5486495281483892,3073,iscx,iscx,random_forest,11,validation_f1,0.24811376316117578,0.9173355998937041,0.10083690006285906
1540,16,281,1236,0.9033517735112269,0.987220447284345,0.8147659854976929,0.8927410617551462,0.010282776349614395,0.9897172236503856,0.9022416045740392,0.976416981582803,0.9704539639018289,0.4074194598112594,3073,iscx,iscx,random_forest,11,validation_fpr_limit,0.7121225107079452,0.9173355998937041,0.10083690006285906
115,5485,578,5551,0.4830761360729815,0.5029902138455963,0.9056942404960026,0.6467812408971745,0.9794642857142857,0.020535714285714286,0.46311497739085844,0.42529666551249246,0.3108464588723399,0.9409156790860261,11729,iscx,mendeley,random_forest,11,default,0.5000000000000001,0.9173355998937041,0.13263810006901622
85,5515,391,5738,0.4964617614459886,0.5099084688527504,0.9362049273943547,0.6602232194223909,0.9848214285714286,0.015178571428571428,0.475691749411463,0.42529666551249246,0.3108464588723399,0.9594168300792907,11729,iscx,mendeley,random_forest,11,validation_f1,0.24811376316117578,0.9173355998937041,0.13263810006901622
172,5428,1001,5128,0.45187142978941086,0.48579007199696855,0.8366780877794093,0.6146838477674558,0.9692857142857143,0.030714285714285715,0.4336961867468475,0.42529666551249246,0.3108464588723399,0.8999914741239662,11729,iscx,mendeley,random_forest,11,validation_fpr_limit,0.7121225107079452,0.9173355998937041,0.13263810006901622
1446,110,156,1361,0.9134396355353075,0.9252209381373215,0.8971654581410679,0.9109772423025435,0.07069408740359898,0.929305912596401,0.9132356853687345,0.9740408587568947,0.9678853880527966,0.47868532378782946,3073,iscx,iscx,mlp,11,default,5e-324,84.90973939979449,0.008693400071933866
1424,132,140,1377,0.9114871461112919,0.9125248508946322,0.9077125906394199,0.9101123595505618,0.08483290488431877,0.9151670951156813,0.9114398428775505,0.9740408587568947,0.9678853880527966,0.4910510901399284,3073,iscx,iscx,mlp,11,validation_f1,-0.19884803891181946,84.90973939979449,0.008693400071933866
1546,10,379,1138,0.8734136023429873,0.9912891986062717,0.7501647989452868,0.8540337711069418,0.006426735218508998,0.993573264781491,0.8718690318633888,0.9740408587568947,0.9678853880527966,0.3735763097949886,3073,iscx,iscx,mlp,11,validation_fpr_limit,1.9873762130737305,84.90973939979449,0.008693400071933866
138,5462,693,5436,0.47523233012192,0.49880712057258214,0.8869309838472834,0.6385152992306337,0.9753571428571428,0.024642857142857143,0.4557869204950703,0.3446895154269093,0.1218754516001212,0.9291499701594339,11729,iscx,mendeley,mlp,11,default,5e-324,84.90973939979449,0.20533260004594922
107,5493,577,5552,0.4824793247506181,0.5026708918062471,0.9058573992494697,0.6465587516012578,0.9808928571428571,0.019107142857142857,0.4624822710533063,0.3446895154269093,0.1218754516001212,0.9416830079290647,11729,iscx,mendeley,mlp,11,validation_f1,-0.19884803891181946,84.90973939979449,0.20533260004594922
196,5404,1178,4951,0.4388268394577543,0.47812650893288267,0.8077989884157285,0.6007037126910943,0.965,0.035,0.42139949420786427,0.3446895154269093,0.1218754516001212,0.8828544632961036,11729,iscx,mendeley,mlp,11,validation_fpr_limit,1.9873762130737305,84.90973939979449,0.20533260004594922
1404,152,146,1371,0.9030263586072242,0.9001969796454367,0.9037574159525379,0.9019736842105263,0.09768637532133675,0.9023136246786633,0.9030355203156006,0.9701712130514581,0.9637039855078604,0.49560689879596487,3073,iscx,iscx,dqn,11,default,5e-324,116.13738069985993,0.004163699923083186
1303,253,94,1423,0.8870810283110967,0.8490453460620525,0.9380355965721819,0.891324772940808,0.16259640102827763,0.8374035989717223,0.8877195977719521,0.9701712130514581,0.9637039855078604,0.5453953791083631,3073,iscx,iscx,dqn,11,validation_f1,-0.511871337890625,116.13738069985993,0.004163699923083186
1541,15,470,1047,0.8421737715587374,0.9858757062146892,0.6901779828609097,0.8119426134160528,0.009640102827763496,0.9903598971722365,0.840268940016573,0.9701712130514581,0.9637039855078604,0.34559062805076474,3073,iscx,iscx,dqn,11,validation_fpr_limit,1.5557327270507812,116.13738069985993,0.004163699923083186
117,5483,612,5517,0.48034785574217753,0.5015454545454545,0.9001468428781204,0.6441707046529278,0.9791071428571428,0.020892857142857144,0.4605198500104888,0.3853850289176578,0.18590872141808262,0.9378463637138716,11729,iscx,mendeley,dqn,11,default,5e-324,116.13738069985993,0.013285600114613771
84,5516,474,5655,0.4893000255776281,0.506221466296661,0.9226627508565834,0.653757225433526,0.985,0.015,0.46883137542829173,0.3853850289176578,0.18590872141808262,0.9524256117316054,11729,iscx,mendeley,dqn,11,validation_f1,-0.511871337890625,116.13738069985993,0.013285600114613771
207,5393,1356,4773,0.42458862648137097,0.4695061971276805,0.7787567302985805,0.5858238723534827,0.9630357142857143,0.03696428571428571,0.4078605080064331,0.3853850289176578,0.18590872141808262,0.8667405575922926,11729,iscx,mendeley,dqn,11,validation_fpr_limit,1.5557327270507812,116.13738069985993,0.013285600114613771
1416,140,127,1390,0.9131142206313049,0.9084967320261438,0.9162821357943309,0.9123728257302265,0.08997429305912596,0.910025706940874,0.9131539213676025,0.9696984357792103,0.9632523770871004,0.4978848031239831,3073,iscx,iscx,ddqn,11,default,5e-324,112.93476080009714,0.00285349995829165
1421,135,127,1390,0.914741295151318,0.9114754098360656,0.9162821357943309,0.9138724523339908,0.08676092544987146,0.9132390745501285,0.9147606051722297,0.9696984357792103,0.9632523770871004,0.49625772860397005,3073,iscx,iscx,ddqn,11,validation_f1,0.00580596923828125,112.93476080009714,0.00285349995829165
1540,16,444,1073,0.8503091441588024,0.9853076216712581,0.7073170731707317,0.8234842670759785,0.010282776349614395,0.9897172236503856,0.8485171484105587,0.9696984357792103,0.9632523770871004,0.354376830458835,3073,iscx,iscx,ddqn,11,validation_fpr_limit,1.2879714965820312,112.93476080009714,0.00285349995829165
119,5481,629,5500,0.47906897433711315,0.500865130680266,0.8973731440691793,0.6428988895382817,0.97875,0.02125,0.45931157203458967,0.35433094977164553,0.1287273471552106,0.9362264472674567,11729,iscx,mendeley,ddqn,11,default,5e-324,112.93476080009714,0.015855200123041868
120,5480,634,5495,0.47872793929576263,0.5006833712984055,0.8965573503018437,0.6425397567820393,0.9785714285714285,0.02142857142857143,0.4589929608652076,0.35433094977164553,0.1287273471552106,0.935714894705431,11729,iscx,mendeley,ddqn,11,validation_f1,0.00580596923828125,112.93476080009714,0.015855200123041868
201,5399,1271,4858,0.43132406854804334,0.4736277664034318,0.792625224343286,0.5929451971194922,0.9641071428571428,0.03589285714285714,0.41425904074307157,0.35433094977164553,0.1287273471552106,0.8744991047830164,11729,iscx,mendeley,ddqn,11,validation_fpr_limit,1.2879714965820312,112.93476080009714,0.015855200123041868
0,1556,0,1517,0.4936544093719492,0.4936544093719492,1.0,0.6610021786492375,1.0,0.0,0.5,0.4936544093719492,0.5,1.0,3073,iscx,iscx,always_malicious,23,default,0.5000000000000001,0.00010980013757944107,5.7099852710962296e-05
0,1556,0,1517,0.4936544093719492,0.4936544093719492,1.0,0.6610021786492375,1.0,0.0,0.5,0.4936544093719492,0.5,1.0,3073,iscx,iscx,always_malicious,23,validation_f1,1.0,0.00010980013757944107,5.7099852710962296e-05
1556,0,1517,0,0.5063455906280507,0.0,0.0,0.0,0.0,1.0,0.5,0.4936544093719492,0.5,0.0,3073,iscx,iscx,always_malicious,23,validation_fpr_limit,1.0000000000000002,0.00010980013757944107,5.7099852710962296e-05
0,5600,0,6129,0.5225509421093018,0.5225509421093018,1.0,0.6864150520775003,1.0,0.0,0.5,0.5225509421093018,0.5,1.0,11729,iscx,mendeley,always_malicious,23,default,0.5000000000000001,0.00010980013757944107,5.1900045946240425e-05
0,5600,0,6129,0.5225509421093018,0.5225509421093018,1.0,0.6864150520775003,1.0,0.0,0.5,0.5225509421093018,0.5,1.0,11729,iscx,mendeley,always_malicious,23,validation_f1,1.0,0.00010980013757944107,5.1900045946240425e-05
5600,0,6129,0,0.47744905789069825,0.0,0.0,0.0,0.0,1.0,0.5,0.5225509421093018,0.5,0.0,11729,iscx,mendeley,always_malicious,23,validation_fpr_limit,1.0000000000000002,0.00010980013757944107,5.1900045946240425e-05
1364,192,288,1229,0.8438008460787504,0.8648838845883181,0.8101516150296638,0.8366235534377128,0.12339331619537275,0.8766066838046273,0.8433791494171455,0.9406952918396636,0.9345532126897731,0.4624145785876993,3073,iscx,iscx,logistic,23,default,5e-324,0.023424899904057384,0.0004322999157011509
1347,209,278,1239,0.8415229417507322,0.8556629834254144,0.8167435728411339,0.8357504215851602,0.13431876606683804,0.865681233933162,0.841212403387148,0.9406952918396636,0.9345532126897731,0.4712007809957696,3073,iscx,iscx,logistic,23,validation_f1,-0.1349935531616211,0.023424899904057384,0.0004322999157011509
1544,12,726,791,0.7598438008460787,0.9850560398505604,0.5214238628872775,0.6818965517241379,0.007712082262210797,0.9922879177377892,0.7568558903125333,0.9406952918396636,0.9345532126897731,0.26130816791409045,3073,iscx,iscx,logistic,23,validation_fpr_limit,2.9301509857177734,0.023424899904057384,0.0004322999157011509
155,5445,930,5199,0.4564754028476426,0.4884441939120631,0.8482623592755751,0.6199248792702557,0.9723214285714286,0.027678571428571427,0.4379704653520733,0.3535363665992691,0.12712840593897862,0.9074942450336773,11729,iscx,mendeley,logistic,23,default,5e-324,0.023424899904057384,0.0028462999034672976
146,5454,868,5261,0.46099411714553673,0.4909939337377508,0.8583782019905368,0.6246734742341487,0.9739285714285715,0.026071428571428572,0.4422248152809827,0.3535363665992691,0.12712840593897862,0.9135476170176485,11729,iscx,mendeley,logistic,23,validation_f1,-0.1349935531616211,0.023424899904057384,0.0028462999034672976
317,5283,2105,4024,0.3701082786256288,0.43236273772429357,0.656550823951705,0.5213785954910599,0.9433928571428571,0.056607142857142856,0.35657898340442395,0.3535363665992691,0.12712840593897862,0.793503282462273,11729,iscx,mendeley,logistic,23,validation_fpr_limit,2.9301509857177734,0.023424899904057384,0.0028462999034672976
1469,87,170,1347,0.916368369671331,0.9393305439330544,0.8879367172050099,0.9129108776685869,0.055912596401028275,0.9440874035989717,0.9160120604019908,0.9756045462140535,0.9694162389237315,0.4666449723397332,3073,iscx,iscx,random_forest,23,default,0.5000000000000001,1.5892096001189202,0.1206994999665767
1306,250,89,1428,0.8896843475431174,0.8510131108462455,0.9413315754779169,0.8938967136150234,0.16066838046272494,0.8393316195372751,0.890331597507596,0.9756045462140535,0.9694162389237315,0.5460462089163683,3073,iscx,iscx,random_forest,23,validation_f1,0.2537935331173369,1.5892096001189202,0.1206994999665767
1539,17,283,1234,0.902375528799219,0.9864108713029577,0.8134475939353988,0.8916184971098265,0.010925449871465296,0.9890745501285347,0.9012610720319667,0.9756045462140535,0.9694162389237315,0.40709404490725676,3073,iscx,iscx,random_forest,23,validation_fpr_limit,0.7087772017461235,1.5892096001189202,0.1206994999665767
116,5484,575,5554,0.483417171114332,0.5031708642870085,0.906183716756404,0.6470553969825829,0.9792857142857143,0.020714285714285713,0.4634490012353448,0.4147942860258699,0.291807493065753,0.9410861966067013,11729,iscx,mendeley,random_forest,23,default,0.5000000000000001,1.5892096001189202,0.13560119993053377
85,5515,393,5736,0.4962912439253133,0.5098213492134033,0.9358786098874204,0.6600690448791715,0.9848214285714286,0.015178571428571428,0.4755285906579959,0.4147942860258699,0.291807493065753,0.9592463125586154,11729,iscx,mendeley,random_forest,23,validation_f1,0.2537935331173369,1.5892096001189202,0.13560119993053377
170,5430,999,5130,0.45187142978941086,0.48579545454545453,0.8370044052863436,0.6147761998921445,0.9696428571428571,0.030357142857142857,0.4336807740717432,0.4147942860258699,0.291807493065753,0.9003325091653167,11729,iscx,mendeley,random_forest,23,validation_fpr_limit,0.7087772017461235,1.5892096001189202,0.13560119993053377
1454,102,168,1349,0.9121379759192971,0.9297036526533425,0.8892551087673038,0.9090296495956873,0.06555269922879177,0.9344473007712082,0.911851204769256,0.973379869052689,0.9669237078322288,0.4721770257077774,3073,iscx,iscx,mlp,23,default,5e-324,65.8545901000034,0.004058000165969133
1316,240,117,1400,0.8838268792710706,0.8536585365853658,0.922874093605801,0.8869179600886918,0.15424164524421594,0.8457583547557841,0.8843162241807925,0.973379869052689,0.9669237078322288,0.5336804425642695,3073,iscx,iscx,mlp,23,validation_f1,-0.8084746599197388,65.8545901000034,0.004058000165969133
1543,13,341,1176,0.8848031239830785,0.9890664423885618,0.7752142386288727,0.8691796008869179,0.008354755784061696,0.9916452442159382,0.8834297414224055,0.973379869052689,0.9669237078322288,0.38691832085909533,3073,iscx,iscx,mlp,23,validation_fpr_limit,2.12646222114563,65.8545901000034,0.004058000165969133
129,5471,653,5476,0.4778753516923864,0.5002283730702476,0.8934573339859684,0.6413680018739751,0.9769642857142857,0.023035714285714284,0.4582465241358413,0.3440919074887884,0.11731952019672283,0.9333276494159775,11729,iscx,mendeley,mlp,23,default,5e-324,65.8545901000034,0.01285859989002347
86,5514,466,5663,0.49015261318100434,0.5066654737407176,0.9239680208843204,0.654455102276667,0.9846428571428572,0.015357142857142857,0.4696625818707316,0.3440919074887884,0.11731952019672283,0.9529371642936312,11729,iscx,mendeley,mlp,23,validation_f1,-0.8084746599197388,65.8545901000034,0.01285859989002347
192,5408,1093,5036,0.4457327990451019,0.48219073152049025,0.821667482460434,0.6077354733602848,0.9657142857142857,0.03428571428571429,0.4279765983730741,0.3440919074887884,0.11731952019672283,0.8904424929661523,11729,iscx,mendeley,mlp,23,validation_fpr_limit,2.12646222114563,65.8545901000034,0.01285859989002347
1438,118,154,1363,0.9114871461112919,0.9203241053342336,0.8984838497033619,0.9092728485657104,0.07583547557840617,0.9241645244215938,0.9113241870624779,0.9707392276216553,0.9636861923055415,0.48193947282785554,3073,iscx,iscx,dqn,23,default,5e-324,95.48007049993612,0.0022076000459492207
1429,127,149,1368,0.9101854864952815,0.9150501672240803,0.9017798286090969,0.9083665338645418,0.08161953727506427,0.9183804627249358,0.9100801456670163,0.9707392276216553,0.9636861923055415,0.486495281483892,3073,iscx,iscx,dqn,23,validation_f1,-0.13846588134765625,95.48007049993612,0.0022076000459492207
1542,14,443,1074,0.8512853888708103,0.9871323529411765,0.7079762689518787,0.8245681381957773,0.008997429305912597,0.9910025706940874,0.849489419822983,0.9707392276216553,0.9636861923055415,0.35405141555483244,3073,iscx,iscx,dqn,23,validation_fpr_limit,1.296905517578125,95.48007049993612,0.0022076000459492207
124,5476,648,5481,0.4778753516923864,0.5002281646436069,0.8942731277533039,0.6415779000351165,0.9778571428571429,0.02214285714285714,0.4582079924480805,0.4109397030652953,0.2197790072955271,0.9341802370193537,11729,iscx,mendeley,dqn,23,default,5e-324,95.48007049993612,0.013882300117984414
119,5481,620,5509,0.47983630318015175,0.5012738853503185,0.8988415728503835,0.643612360535078,0.97875,0.02125,0.4600457864251917,0.4109397030652953,0.2197790072955271,0.9369937761104954,11729,iscx,mendeley,dqn,23,validation_f1,-0.13846588134765625,95.48007049993612,0.013882300117984414
200,5400,1323,4806,0.4268053542501492,0.4708994708994709,0.7841409691629956,0.5884297520661157,0.9642857142857143,0.03571428571428571,0.40992762743864064,0.4109397030652953,0.2197790072955271,0.8701509080057976,11729,iscx,mendeley,dqn,23,validation_fpr_limit,1.296905517578125,95.48007049993612,0.013882300117984414
1432,124,151,1366,0.910510901399284,0.9167785234899329,0.9004614370468029,0.9085467243099434,0.07969151670951156,0.9203084832904884,0.9103849601686457,0.9705940891271697,0.9638200649706076,0.48486820696387894,3073,iscx,iscx,ddqn,23,default,5e-324,90.87713949987665,0.002555999904870987
1432,124,150,1367,0.9108363163032867,0.9168343393695506,0.9011206328279499,0.9089095744680851,0.07969151670951156,0.9203084832904884,0.9107145580592191,0.9705940891271697,0.9638200649706076,0.48519362186788156,3073,iscx,iscx,ddqn,23,validation_f1,-0.0245208740234375,90.87713949987665,0.002555999904870987
1542,14,453,1064,0.8480312398307842,0.987012987012987,0.7013843111404087,0.820038535645472,0.008997429305912597,0.9910025706940874,0.846193440917248,0.9705940891271697,0.9638200649706076,0.35079726651480636,3073,iscx,iscx,ddqn,23,validation_fpr_limit,1.5194549560546875,90.87713949987665,0.002555999904870987
121,5479,617,5512,0.4802625969818399,0.5015012282776817,0.8993310491107848,0.6439252336448598,0.9783928571428572,0.021607142857142856,0.4604690959839638,0.43293677423225774,0.24942314640001867,0.937079034870833,11729,iscx,mendeley,ddqn,23,default,5e-324,90.87713949987665,0.007817900041118264
120,5480,615,5514,0.48034785574217753,0.5015462979807167,0.899657366617719,0.6440460199731356,0.9785714285714285,0.02142857142857143,0.46054296902314523,0.43293677423225774,0.24942314640001867,0.9373348111518458,11729,iscx,mendeley,ddqn,23,validation_f1,-0.0245208740234375,90.87713949987665,0.007817900041118264
199,5401,1320,4809,0.42697587177082447,0.47100881488736535,0.784630445423397,0.588652916335149,0.9644642857142857,0.03553571428571429,0.41008307985455567,0.43293677423225774,0.24942314640001867,0.870491943047148,11729,iscx,mendeley,ddqn,23,validation_fpr_limit,1.5194549560546875,90.87713949987665,0.007817900041118264
0,1556,0,1517,0.4936544093719492,0.4936544093719492,1.0,0.6610021786492375,1.0,0.0,0.5,0.4936544093719492,0.5,1.0,3073,iscx,iscx,always_malicious,37,default,0.5000000000000001,7.480010390281677e-05,2.9999995604157448e-05
0,1556,0,1517,0.4936544093719492,0.4936544093719492,1.0,0.6610021786492375,1.0,0.0,0.5,0.4936544093719492,0.5,1.0,3073,iscx,iscx,always_malicious,37,validation_f1,1.0,7.480010390281677e-05,2.9999995604157448e-05
1556,0,1517,0,0.5063455906280507,0.0,0.0,0.0,0.0,1.0,0.5,0.4936544093719492,0.5,0.0,3073,iscx,iscx,always_malicious,37,validation_fpr_limit,1.0000000000000002,7.480010390281677e-05,2.9999995604157448e-05
0,5600,0,6129,0.5225509421093018,0.5225509421093018,1.0,0.6864150520775003,1.0,0.0,0.5,0.5225509421093018,0.5,1.0,11729,iscx,mendeley,always_malicious,37,default,0.5000000000000001,7.480010390281677e-05,5.819997750222683e-05
0,5600,0,6129,0.5225509421093018,0.5225509421093018,1.0,0.6864150520775003,1.0,0.0,0.5,0.5225509421093018,0.5,1.0,11729,iscx,mendeley,always_malicious,37,validation_f1,1.0,7.480010390281677e-05,5.819997750222683e-05
5600,0,6129,0,0.47744905789069825,0.0,0.0,0.0,0.0,1.0,0.5,0.5225509421093018,0.5,0.0,11729,iscx,mendeley,always_malicious,37,validation_fpr_limit,1.0000000000000002,7.480010390281677e-05,5.819997750222683e-05
1364,192,288,1229,0.8438008460787504,0.8648838845883181,0.8101516150296638,0.8366235534377128,0.12339331619537275,0.8766066838046273,0.8433791494171455,0.9406952918396636,0.9345532126897731,0.4624145785876993,3073,iscx,iscx,logistic,37,default,5e-324,0.019762499956414104,0.0003890001680701971
1347,209,278,1239,0.8415229417507322,0.8556629834254144,0.8167435728411339,0.8357504215851602,0.13431876606683804,0.865681233933162,0.841212403387148,0.9406952918396636,0.9345532126897731,0.4712007809957696,3073,iscx,iscx,logistic,37,validation_f1,-0.1349935531616211,0.019762499956414104,0.0003890001680701971
1544,12,726,791,0.7598438008460787,0.9850560398505604,0.5214238628872775,0.6818965517241379,0.007712082262210797,0.9922879177377892,0.7568558903125333,0.9406952918396636,0.9345532126897731,0.26130816791409045,3073,iscx,iscx,logistic,37,validation_fpr_limit,2.9301509857177734,0.019762499956414104,0.0003890001680701971
155,5445,930,5199,0.4564754028476426,0.4884441939120631,0.8482623592755751,0.6199248792702557,0.9723214285714286,0.027678571428571427,0.4379704653520733,0.3535363665992691,0.12712840593897862,0.9074942450336773,11729,iscx,mendeley,logistic,37,default,5e-324,0.019762499956414104,0.0005709000397473574
146,5454,868,5261,0.46099411714553673,0.4909939337377508,0.8583782019905368,0.6246734742341487,0.9739285714285715,0.026071428571428572,0.4422248152809827,0.3535363665992691,0.12712840593897862,0.9135476170176485,11729,iscx,mendeley,logistic,37,validation_f1,-0.1349935531616211,0.019762499956414104,0.0005709000397473574
317,5283,2105,4024,0.3701082786256288,0.43236273772429357,0.656550823951705,0.5213785954910599,0.9433928571428571,0.056607142857142856,0.35657898340442395,0.3535363665992691,0.12712840593897862,0.793503282462273,11729,iscx,mendeley,logistic,37,validation_fpr_limit,2.9301509857177734,0.019762499956414104,0.0005709000397473574
1501,55,168,1349,0.9274324764074194,0.9608262108262108,0.8892551087673038,0.9236562820951729,0.03534704370179949,0.9646529562982005,0.9269540325327521,0.9762328722818668,0.9701788047373978,0.45688252521965506,3073,iscx,iscx,random_forest,37,default,0.5000000000000001,1.1199985998682678,0.12338650017045438
1302,254,88,1429,0.8887081028311097,0.8490790255496138,0.9419907712590639,0.893125,0.16323907455012854,0.8367609254498715,0.8893758483544677,0.9762328722818668,0.9701788047373978,0.5476732834363814,3073,iscx,iscx,random_forest,37,validation_f1,0.24720489305035437,1.1199985998682678,0.12338650017045438
1541,15,287,1230,0.9017246989912138,0.9879518072289156,0.8108108108108109,0.8906589427950761,0.009640102827763496,0.9903598971722365,0.9005853539915236,0.9762328722818668,0.9701788047373978,0.40514155548324116,3073,iscx,iscx,random_forest,37,validation_fpr_limit,0.7161513419448043,1.1199985998682678,0.12338650017045438
115,5485,565,5564,0.4841844999573706,0.5035749841614626,0.9078153042910753,0.6478053324019094,0.9794642857142857,0.020535714285714286,0.4641755092883948,0.43145262406959206,0.32059512155327136,0.9420240429704152,11729,iscx,mendeley,random_forest,37,default,0.5000000000000001,1.1199985998682678,0.14577629999257624
85,5515,394,5735,0.4962059851649757,0.5097777777777778,0.9357154511339534,0.6599919443005927,0.9848214285714286,0.015178571428571428,0.4754470112812624,0.43145262406959206,0.32059512155327136,0.9591610537982778,11729,iscx,mendeley,random_forest,37,validation_f1,0.24720489305035437,1.1199985998682678,0.14577629999257624
174,5426,1003,5126,0.45187142978941086,0.4857846853677028,0.8363517702724751,0.6145914513518375,0.9689285714285715,0.031071428571428573,0.4337115994219518,0.43145262406959206,0.32059512155327136,0.8996504390826158,11729,iscx,mendeley,random_forest,37,validation_fpr_limit,0.7161513419448043,1.1199985998682678,0.14577629999257624
1404,152,143,1374,0.904002603319232,0.9003931847968545,0.9057350032959789,0.9030561945448571,0.09768637532133675,0.9023136246786633,0.9040243139873211,0.9730131675889538,0.9667118839950992,0.49658314350797267,3073,iscx,iscx,mlp,37,default,5e-324,55.1690405998379,0.003756399964913726
1394,162,129,1388,0.9053042629352425,0.895483870967742,0.914963744232037,0.9051190088033909,0.10411311053984576,0.8958868894601543,0.9054253168460956,0.9730131675889538,0.9667118839950992,0.5043931012040351,3073,iscx,iscx,mlp,37,validation_f1,-0.12759298086166382,55.1690405998379,0.003756399964913726
1550,6,351,1166,0.8838268792710706,0.9948805460750854,0.7686222808174028,0.8672368910375604,0.0038560411311053984,0.9961439588688946,0.8823831198431487,0.9730131675889538,0.9667118839950992,0.3813862674910511,3073,iscx,iscx,mlp,37,validation_fpr_limit,2.569549083709717,55.1690405998379,0.003756399964913726
127,5473,617,5512,0.48077414954386566,0.5017751479289941,0.8993310491107848,0.6441509874956176,0.9773214285714286,0.02267857142857143,0.4610048102696781,0.34395874410589083,0.1164587120947253,0.9365674823088073,11729,iscx,mendeley,mlp,37,default,5e-324,55.1690405998379,0.013420999981462955
113,5487,538,5591,0.48631596896581125,0.5046939880844918,0.9122205906346875,0.6498518044981694,0.9798214285714286,0.020178571428571428,0.46619958103162945,0.34395874410589083,0.1164587120947253,0.9444965470202064,11729,iscx,mendeley,mlp,37,validation_f1,-0.12759298086166382,55.1690405998379,0.013420999981462955
188,5412,1087,5042,0.44590331656577714,0.48230342452649705,0.8226464349812368,0.6080926249773865,0.9664285714285714,0.03357142857142857,0.4281089317763327,0.34395874410589083,0.1164587120947253,0.8912950805695286,11729,iscx,mendeley,mlp,37,validation_fpr_limit,2.569549083709717,55.1690405998379,0.013420999981462955
1515,41,256,1261,0.9033517735112269,0.9685099846390169,0.8312458800263678,0.8946434905995033,0.02634961439588689,0.9736503856041131,0.9024481328152405,0.9691952632799112,0.9623985151996312,0.42369020501138954,3073,iscx,iscx,dqn,37,default,5e-324,90.94979760004207,0.005248300032690167
1281,275,85,1432,0.8828506345590628,0.8388986526069128,0.9439683586025049,0.8883374689826302,0.17673521850899743,0.8232647814910026,0.8836165700467538,0.9691952632799112,0.9623985151996312,0.5554832411324439,3073,iscx,iscx,dqn,37,validation_f1,-1.3061904907226562,90.94979760004207,0.005248300032690167
1543,13,452,1065,0.8486820696387894,0.9879406307977736,0.7020435069215557,0.8208092485549133,0.008354755784061696,0.9916452442159382,0.8468443755687469,0.9691952632799112,0.9623985151996312,0.35079726651480636,3073,iscx,iscx,dqn,37,validation_fpr_limit,0.8581466674804688,90.94979760004207,0.005248300032690167
173,5427,847,5282,0.4650865376417427,0.493229993463442,0.8618045358133464,0.627390426416439,0.9691071428571428,0.030892857142857142,0.44634869647810177,0.3866416697073848,0.18984476610027273,0.9130360644556228,11729,iscx,mendeley,dqn,37,default,5e-324,90.94979760004207,0.012788900174200535
76,5524,423,5706,0.49296615227214596,0.5081032947462155,0.9309838472834068,0.6574111411947693,0.9864285714285714,0.013571428571428571,0.47227763792741767,0.3866416697073848,0.18984476610027273,0.9574558785915253,11729,iscx,mendeley,dqn,37,validation_f1,-1.3061904907226562,90.94979760004207,0.012788900174200535
206,5394,1329,4800,0.4268053542501492,0.47086521483225424,0.7831620166421929,0.5881271825032163,0.9632142857142857,0.03678571428571428,0.4099738654639536,0.3866416697073848,0.18984476610027273,0.8691278028817461,11729,iscx,mendeley,dqn,37,validation_fpr_limit,0.8581466674804688,90.94979760004207,0.012788900174200535
1515,41,225,1292,0.9134396355353075,0.9692423105776444,0.8516809492419248,0.9066666666666666,0.02634961439588689,0.9736503856041131,0.9126656674230189,0.969819901660941,0.9627257830279964,0.4337780670354702,3073,iscx,iscx,ddqn,37,default,5e-324,92.15778889996,0.003286799881607294
1465,91,183,1334,0.9108363163032867,0.9361403508771929,0.8793671720500988,0.9068660774983005,0.05848329048843188,0.9415167095115681,0.9104419407808335,0.969819901660941,0.9627257830279964,0.4637162382037097,3073,iscx,iscx,ddqn,37,validation_f1,-0.389007568359375,92.15778889996,0.003286799881607294
1543,13,445,1072,0.8509599739668077,0.9880184331797235,0.7066578773895847,0.8239815526518063,0.008354755784061696,0.9916452442159382,0.8491515608027616,0.969819901660941,0.9627257830279964,0.3530751708428246,3073,iscx,iscx,ddqn,37,validation_fpr_limit,1.0361862182617188,92.15778889996,0.003286799881607294
167,5433,825,5304,0.46645067780714466,0.49399273540095,0.8653940283896231,0.6289576663109214,0.9701785714285714,0.02982142857142857,0.4476077284805258,0.35943135852853425,0.15178213062023635,0.9154233097450764,11729,iscx,mendeley,ddqn,37,default,5e-324,92.15778889996,0.013213099911808968
148,5452,688,5441,0.4765112115269844,0.4994950885890021,0.8877467776146191,0.6392903301609681,0.9735714285714285,0.02642857142857143,0.45708767452159527,0.35943135852853425,0.15178213062023635,0.9287236763577458,11729,iscx,mendeley,ddqn,37,validation_f1,-0.389007568359375,92.15778889996,0.013213099911808968
202,5398,1368,4761,0.4231392275556313,0.4686484890245103,0.7767988252569751,0.5846021611001965,0.9639285714285715,0.036071428571428574,0.4064351269142018,0.35943135852853425,0.15178213062023635,0.8661437462699292,11729,iscx,mendeley,ddqn,37,validation_fpr_limit,1.0361862182617188,92.15778889996,0.013213099911808968
0,1556,0,1517,0.4936544093719492,0.4936544093719492,1.0,0.6610021786492375,1.0,0.0,0.5,0.4936544093719492,0.5,1.0,3073,iscx,iscx,always_malicious,51,default,0.5000000000000001,9.520002640783787e-05,3.700004890561104e-05
0,1556,0,1517,0.4936544093719492,0.4936544093719492,1.0,0.6610021786492375,1.0,0.0,0.5,0.4936544093719492,0.5,1.0,3073,iscx,iscx,always_malicious,51,validation_f1,1.0,9.520002640783787e-05,3.700004890561104e-05
1556,0,1517,0,0.5063455906280507,0.0,0.0,0.0,0.0,1.0,0.5,0.4936544093719492,0.5,0.0,3073,iscx,iscx,always_malicious,51,validation_fpr_limit,1.0000000000000002,9.520002640783787e-05,3.700004890561104e-05
0,5600,0,6129,0.5225509421093018,0.5225509421093018,1.0,0.6864150520775003,1.0,0.0,0.5,0.5225509421093018,0.5,1.0,11729,iscx,mendeley,always_malicious,51,default,0.5000000000000001,9.520002640783787e-05,6.730016320943832e-05
0,5600,0,6129,0.5225509421093018,0.5225509421093018,1.0,0.6864150520775003,1.0,0.0,0.5,0.5225509421093018,0.5,1.0,11729,iscx,mendeley,always_malicious,51,validation_f1,1.0,9.520002640783787e-05,6.730016320943832e-05
5600,0,6129,0,0.47744905789069825,0.0,0.0,0.0,0.0,1.0,0.5,0.5225509421093018,0.5,0.0,11729,iscx,mendeley,always_malicious,51,validation_fpr_limit,1.0000000000000002,9.520002640783787e-05,6.730016320943832e-05
1364,192,288,1229,0.8438008460787504,0.8648838845883181,0.8101516150296638,0.8366235534377128,0.12339331619537275,0.8766066838046273,0.8433791494171455,0.9406952918396636,0.9345532126897731,0.4624145785876993,3073,iscx,iscx,logistic,51,default,5e-324,0.024134699953719974,0.00042259995825588703
1347,209,278,1239,0.8415229417507322,0.8556629834254144,0.8167435728411339,0.8357504215851602,0.13431876606683804,0.865681233933162,0.841212403387148,0.9406952918396636,0.9345532126897731,0.4712007809957696,3073,iscx,iscx,logistic,51,validation_f1,-0.1349935531616211,0.024134699953719974,0.00042259995825588703
1544,12,726,791,0.7598438008460787,0.9850560398505604,0.5214238628872775,0.6818965517241379,0.007712082262210797,0.9922879177377892,0.7568558903125333,0.9406952918396636,0.9345532126897731,0.26130816791409045,3073,iscx,iscx,logistic,51,validation_fpr_limit,2.9301509857177734,0.024134699953719974,0.00042259995825588703
155,5445,930,5199,0.4564754028476426,0.4884441939120631,0.8482623592755751,0.6199248792702557,0.9723214285714286,0.027678571428571427,0.4379704653520733,0.3535363665992691,0.12712840593897862,0.9074942450336773,11729,iscx,mendeley,logistic,51,default,5e-324,0.024134699953719974,0.0005550000350922346
146,5454,868,5261,0.46099411714553673,0.4909939337377508,0.8583782019905368,0.6246734742341487,0.9739285714285715,0.026071428571428572,0.4422248152809827,0.3535363665992691,0.12712840593897862,0.9135476170176485,11729,iscx,mendeley,logistic,51,validation_f1,-0.1349935531616211,0.024134699953719974,0.0005550000350922346
317,5283,2105,4024,0.3701082786256288,0.43236273772429357,0.656550823951705,0.5213785954910599,0.9433928571428571,0.056607142857142856,0.35657898340442395,0.3535363665992691,0.12712840593897862,0.793503282462273,11729,iscx,mendeley,logistic,51,validation_fpr_limit,2.9301509857177734,0.024134699953719974,0.0005550000350922346
1498,58,169,1348,0.9261308167914091,0.9587482219061166,0.8885959129861569,0.9223400615805679,0.037275064267352186,0.9627249357326478,0.9256604243594024,0.9757089448543063,0.9695128305934626,0.4575333550276603,3073,iscx,iscx,random_forest,51,default,0.5000000000000001,1.1096192998811603,0.11379519989714026
1300,256,91,1426,0.8870810283110967,0.8478002378121284,0.9400131839156229,0.8915286026883401,0.16452442159383032,0.8354755784061697,0.8877443811608963,0.9757089448543063,0.9695128305934626,0.5473478685323788,3073,iscx,iscx,random_forest,51,validation_f1,0.24963297656353503,1.1096192998811603,0.11379519989714026
1546,10,298,1219,0.8997722095671982,0.9918633034987795,0.8035596572181938,0.887836853605244,0.006426735218508998,0.993573264781491,0.8985664609998424,0.9757089448543063,0.9695128305934626,0.3999349170191995,3073,iscx,iscx,random_forest,51,validation_fpr_limit,0.7356454843020486,1.1096192998811603,0.11379519989714026
116,5484,567,5562,0.484099241197033,0.503530689842477,0.9074889867841409,0.6476855895196506,0.9792857142857143,0.020714285714285713,0.4641016362492133,0.43158667704856635,0.3334000973125422,0.9417682666894024,11729,iscx,mendeley,random_forest,51,default,0.5000000000000001,1.1096192998811603,0.12621209979988635
85,5515,392,5737,0.496376502685651,0.5098649129043725,0.9360417686408876,0.6601461365859271,0.9848214285714286,0.015178571428571428,0.4756101700347295,0.43158667704856635,0.3334000973125422,0.959331571318953,11729,iscx,mendeley,random_forest,51,validation_f1,0.24963297656353503,1.1096192998811603,0.12621209979988635
176,5424,1028,5101,0.4499104783016455,0.48465558194774344,0.8322728014357971,0.6125855650294224,0.9685714285714285,0.03142857142857143,0.43185068643218427,0.43158667704856635,0.3334000973125422,0.8973484525534998,11729,iscx,mendeley,random_forest,51,validation_fpr_limit,0.7356454843020486,1.1096192998811603,0.12621209979988635
1507,49,180,1337,0.9254799869834038,0.9646464646464646,0.8813447593935398,0.9211160868067516,0.031491002570694086,0.968508997429306,0.9249268784114228,0.9733843976542955,0.9666890070206893,0.4510250569476082,3073,iscx,iscx,mlp,51,default,5e-324,62.277015399886295,0.003956399857997894
1312,244,109,1408,0.885128538887081,0.8523002421307506,0.9281476598549769,0.8886083938150836,0.15681233933161953,0.8431876606683805,0.8856676602616786,0.9733843976542955,0.9666890070206893,0.5375854214123007,3073,iscx,iscx,mlp,51,validation_f1,-1.2492780685424805,62.277015399886295,0.003956399857997894
1544,12,381,1136,0.8721119427269769,0.9895470383275261,0.7488464073829928,0.8525328330206379,0.007712082262210797,0.9922879177377892,0.870567162560391,0.9733843976542955,0.9666890070206893,0.3735763097949886,3073,iscx,iscx,mlp,51,validation_fpr_limit,1.8774785995483398,62.277015399886295,0.003956399857997894
147,5453,724,5405,0.4733566373944923,0.49778964818566956,0.8818730624898026,0.636368988049685,0.97375,0.02625,0.4540615312449013,0.34317558502881984,0.11496162855744353,0.9257396197459289,11729,iscx,mendeley,mlp,51,default,5e-324,62.277015399886295,0.009291399968788028
84,5516,475,5654,0.4892147668172905,0.5061772605192479,0.9224995921031164,0.6536794034337244,0.985,0.015,0.4687497960515582,0.34317558502881984,0.11496162855744353,0.9523403529712678,11729,iscx,mendeley,mlp,51,validation_f1,-1.2492780685424805,62.277015399886295,0.009291399968788028
194,5406,1228,4901,0.4343933839201978,0.47550208596099736,0.7996410507423724,0.5963738135799465,0.9653571428571428,0.03464285714285714,0.4171419539426148,0.34317558502881984,0.11496162855744353,0.8787620427998977,11729,iscx,mendeley,mlp,51,validation_fpr_limit,1.8774785995483398,62.277015399886295,0.009291399968788028
1433,123,152,1365,0.910510901399284,0.9173387096774194,0.8998022412656559,0.908485856905158,0.07904884318766067,0.9209511568123393,0.9103766990389976,0.9698849458114351,0.9636205269160314,0.48421737715587376,3073,iscx,iscx,dqn,51,default,5e-324,91.12986760004424,0.003185400040820241
1439,117,155,1362,0.9114871461112919,0.920892494929006,0.8978246539222149,0.9092122830440588,0.07519280205655526,0.9248071979434447,0.9113159259328298,0.9698849458114351,0.9636205269160314,0.4812886430198503,3073,iscx,iscx,dqn,51,validation_f1,0.0615692138671875,91.12986760004424,0.003185400040820241
1542,14,430,1087,0.8555157826228441,0.9872842870118075,0.7165458141067897,0.8304048892284186,0.008997429305912597,0.9910025706940874,0.8537741924004385,0.9698849458114351,0.9636205269160314,0.35828180930686626,3073,iscx,iscx,dqn,51,validation_fpr_limit,1.3987503051757812,91.12986760004424,0.003185400040820241
129,5471,633,5496,0.4795805268991389,0.5011397829853196,0.8967205090553109,0.642957416939635,0.9769642857142857,0.023035714285714284,0.45987811167051257,0.372699136578312,0.158320936181619,0.93503282462273,11729,iscx,mendeley,dqn,51,default,5e-324,91.12986760004424,0.016450800001621246
129,5471,656,5473,0.4776195754113735,0.5000913742690059,0.892967857725567,0.6411292684355415,0.9769642857142857,0.023035714285714284,0.4580017860056406,0.372699136578312,0.158320936181619,0.9330718731349646,11729,iscx,mendeley,dqn,51,validation_f1,0.0615692138671875,91.12986760004424,0.016450800001621246
196,5404,1302,4827,0.42825475317588885,0.4718013879386179,0.7875673029858052,0.5900977995110025,0.965,0.035,0.41128365149290264,0.372699136578312,0.158320936181619,0.8722823770142382,11729,iscx,mendeley,dqn,51,validation_fpr_limit,1.3987503051757812,91.12986760004424,0.016450800001621246
1458,98,179,1338,0.9098600715912789,0.9317548746518106,0.8820039551746869,0.9061970877074161,0.06298200514138817,0.9370179948586118,0.9095109750166493,0.9689132365747053,0.9628948184500256,0.46729580214773836,3073,iscx,iscx,ddqn,51,default,5e-324,95.49590750015341,0.004956899909302592
1414,142,148,1369,0.9056296778392451,0.9060225016545335,0.9024390243902439,0.9042272126816381,0.09125964010282776,0.9087403598971723,0.9055896921437081,0.9689132365747053,0.9628948184500256,0.4917019199479336,3073,iscx,iscx,ddqn,51,validation_f1,-0.38897705078125,95.49590750015341,0.004956899909302592
1537,19,445,1072,0.8490074845427921,0.9825847846012832,0.7066578773895847,0.8220858895705522,0.012210796915167094,0.9877892030848329,0.8472235402372088,0.9689132365747053,0.9628948184500256,0.35502766026684024,3073,iscx,iscx,ddqn,51,validation_fpr_limit,1.275115966796875,95.49590750015341,0.004956899909302592
154,5446,719,5410,0.47437974251854376,0.49834193072955046,0.8826888562571382,0.6370326758904916,0.9725,0.0275,0.4550944281285691,0.5474761557612167,0.3926139634757477,0.9255691022252537,11729,iscx,mendeley,ddqn,51,default,5e-324,95.49590750015341,0.008037999970838428
117,5483,592,5537,0.48205303094893,0.5024500907441016,0.9034100179474629,0.645751938888565,0.9791071428571428,0.020892857142857144,0.46215143754516,0.5474761557612167,0.3926139634757477,0.939551538920624,11729,iscx,mendeley,ddqn,51,validation_f1,-0.38897705078125,95.49590750015341,0.008037999970838428
198,5402,1295,4834,0.42902208201892744,0.4722547870261821,0.788709414260075,0.5907729911396272,0.9646428571428571,0.03535714285714286,0.41203327855860894,0.5474761557612167,0.3926139634757477,0.8727086708159263,11729,iscx,mendeley,ddqn,51,validation_fpr_limit,1.275115966796875,95.49590750015341,0.008037999970838428
0,1556,0,1517,0.4936544093719492,0.4936544093719492,1.0,0.6610021786492375,1.0,0.0,0.5,0.4936544093719492,0.5,1.0,3073,iscx,iscx,always_malicious,71,default,0.5000000000000001,7.859990000724792e-05,2.8999987989664078e-05
0,1556,0,1517,0.4936544093719492,0.4936544093719492,1.0,0.6610021786492375,1.0,0.0,0.5,0.4936544093719492,0.5,1.0,3073,iscx,iscx,always_malicious,71,validation_f1,1.0,7.859990000724792e-05,2.8999987989664078e-05
1556,0,1517,0,0.5063455906280507,0.0,0.0,0.0,0.0,1.0,0.5,0.4936544093719492,0.5,0.0,3073,iscx,iscx,always_malicious,71,validation_fpr_limit,1.0000000000000002,7.859990000724792e-05,2.8999987989664078e-05
0,5600,0,6129,0.5225509421093018,0.5225509421093018,1.0,0.6864150520775003,1.0,0.0,0.5,0.5225509421093018,0.5,1.0,11729,iscx,mendeley,always_malicious,71,default,0.5000000000000001,7.859990000724792e-05,5.630007945001125e-05
0,5600,0,6129,0.5225509421093018,0.5225509421093018,1.0,0.6864150520775003,1.0,0.0,0.5,0.5225509421093018,0.5,1.0,11729,iscx,mendeley,always_malicious,71,validation_f1,1.0,7.859990000724792e-05,5.630007945001125e-05
5600,0,6129,0,0.47744905789069825,0.0,0.0,0.0,0.0,1.0,0.5,0.5225509421093018,0.5,0.0,11729,iscx,mendeley,always_malicious,71,validation_fpr_limit,1.0000000000000002,7.859990000724792e-05,5.630007945001125e-05
1364,192,288,1229,0.8438008460787504,0.8648838845883181,0.8101516150296638,0.8366235534377128,0.12339331619537275,0.8766066838046273,0.8433791494171455,0.9406952918396636,0.9345532126897731,0.4624145785876993,3073,iscx,iscx,logistic,71,default,5e-324,0.024546799948439002,0.0004256002139300108
1347,209,278,1239,0.8415229417507322,0.8556629834254144,0.8167435728411339,0.8357504215851602,0.13431876606683804,0.865681233933162,0.841212403387148,0.9406952918396636,0.9345532126897731,0.4712007809957696,3073,iscx,iscx,logistic,71,validation_f1,-0.1349935531616211,0.024546799948439002,0.0004256002139300108
1544,12,726,791,0.7598438008460787,0.9850560398505604,0.5214238628872775,0.6818965517241379,0.007712082262210797,0.9922879177377892,0.7568558903125333,0.9406952918396636,0.9345532126897731,0.26130816791409045,3073,iscx,iscx,logistic,71,validation_fpr_limit,2.9301509857177734,0.024546799948439002,0.0004256002139300108
155,5445,930,5199,0.4564754028476426,0.4884441939120631,0.8482623592755751,0.6199248792702557,0.9723214285714286,0.027678571428571427,0.4379704653520733,0.3535363665992691,0.12712840593897862,0.9074942450336773,11729,iscx,mendeley,logistic,71,default,5e-324,0.024546799948439002,0.001703099813312292
146,5454,868,5261,0.46099411714553673,0.4909939337377508,0.8583782019905368,0.6246734742341487,0.9739285714285715,0.026071428571428572,0.4422248152809827,0.3535363665992691,0.12712840593897862,0.9135476170176485,11729,iscx,mendeley,logistic,71,validation_f1,-0.1349935531616211,0.024546799948439002,0.001703099813312292
317,5283,2105,4024,0.3701082786256288,0.43236273772429357,0.656550823951705,0.5213785954910599,0.9433928571428571,0.056607142857142856,0.35657898340442395,0.3535363665992691,0.12712840593897862,0.793503282462273,11729,iscx,mendeley,logistic,71,validation_fpr_limit,2.9301509857177734,0.024546799948439002,0.001703099813312292
1479,77,169,1348,0.9199479336153595,0.9459649122807018,0.8885959129861569,0.9163834126444595,0.04948586118251928,0.9505141388174807,0.9195550259018188,0.9754972531389774,0.9693050314092386,0.4637162382037097,3073,iscx,iscx,random_forest,71,default,0.5000000000000001,0.9799799998290837,0.09248659992590547
1311,245,95,1422,0.8893589326391149,0.8530293941211757,0.9373764007910349,0.8932160804020101,0.15745501285347044,0.8425449871465296,0.8899606939687823,0.9754972531389774,0.9693050314092386,0.5424666449723398,3073,iscx,iscx,random_forest,71,validation_f1,0.26492452893438345,0.9799799998290837,0.09248659992590547
1540,16,276,1241,0.9049788480312398,0.9872712808273667,0.8180619644034278,0.8947368421052632,0.010282776349614395,0.9897172236503856,0.9038895940269067,0.9754972531389774,0.9693050314092386,0.40904653433127236,3073,iscx,iscx,random_forest,71,validation_fpr_limit,0.7141154003941429,0.9799799998290837,0.09248659992590547
123,5477,602,5527,0.4817119959075795,0.5022719011268629,0.9017784304127916,0.6451876495651666,0.9780357142857142,0.021964285714285714,0.46187135806353863,0.44978033518701044,0.3467708260494604,0.9381873987552221,11729,iscx,mendeley,random_forest,71,default,0.5000000000000001,0.9799799998290837,0.1133366001304239
92,5508,405,5724,0.4958649501236252,0.5096153846153846,0.933920704845815,0.6594090202177294,0.9835714285714285,0.016428571428571428,0.47517463813719324,0.44978033518701044,0.3467708260494604,0.9576263961122006,11729,iscx,mendeley,random_forest,71,validation_f1,0.26492452893438345,0.9799799998290837,0.1133366001304239
172,5428,1004,5125,0.451615653508398,0.4856438927319246,0.836188611519008,0.6144347200575471,0.9692857142857143,0.030714285714285715,0.43345144861664686,0.44978033518701044,0.3467708260494604,0.8997356978429534,11729,iscx,mendeley,random_forest,71,validation_fpr_limit,0.7141154003941429,0.9799799998290837,0.1133366001304239
1487,69,184,1333,0.9176700292873413,0.9507845934379457,0.8787079762689519,0.9133264816718054,0.04434447300771208,0.955655526992288,0.91718175163062,0.9735306624311462,0.9670025062996409,0.4562316954116499,3073,iscx,iscx,mlp,71,default,5e-324,53.126440400024876,0.0027234998997300863
1323,233,121,1396,0.8848031239830785,0.8569674647022714,0.9202373104812129,0.8874761602034329,0.14974293059125965,0.8502570694087404,0.8852471899449766,0.9735306624311462,0.9670025062996409,0.5301008786202408,3073,iscx,iscx,mlp,71,validation_f1,-0.892633318901062,53.126440400024876,0.0027234998997300863
1547,9,370,1147,0.8766677513830133,0.9922145328719724,0.7560975609756098,0.858211747100636,0.005784061696658098,0.9942159383033419,0.8751567496394759,0.9735306624311462,0.9670025062996409,0.3761796290270094,3073,iscx,iscx,mlp,71,validation_fpr_limit,1.9884746074676514,53.126440400024876,0.0027234998997300863
148,5452,721,5408,0.47369767243584276,0.49797421731123387,0.882362538750204,0.6366472423332745,0.9735714285714285,0.02642857142857143,0.4543955550893877,0.343129728165461,0.11458331876558747,0.9259101372666041,11729,iscx,mendeley,mlp,71,default,5e-324,53.126440400024876,0.027444399893283844
98,5502,511,5618,0.4873390740898627,0.5052158273381295,0.9166258769782999,0.6514000811641255,0.9825,0.0175,0.4670629384891499,0.343129728165461,0.11458331876558747,0.9480774149543866,11729,iscx,mendeley,mlp,71,validation_f1,-0.892633318901062,53.126440400024876,0.027444399893283844
193,5407,1165,4964,0.43967942706113056,0.4786423681419342,0.8099200522108011,0.6016969696969697,0.9655357142857143,0.03446428571428571,0.4221921689625434,0.343129728165461,0.11458331876558747,0.8842186034615057,11729,iscx,mendeley,mlp,71,validation_fpr_limit,1.9884746074676514,53.126440400024876,0.027444399893283844
1471,85,182,1335,0.9131142206313049,0.9401408450704225,0.8800263678312459,0.9090909090909091,0.05462724935732648,0.9453727506426736,0.9126995592369598,0.9702744530026132,0.9634400530067971,0.46208916368369674,3073,iscx,iscx,dqn,71,default,5e-324,91.88162819994614,0.006426000036299229
1303,253,100,1417,0.885128538887081,0.848502994011976,0.9340804218852999,0.8892375274552871,0.16259640102827763,0.8374035989717223,0.8857420104285112,0.9702744530026132,0.9634400530067971,0.5434428896843475,3073,iscx,iscx,dqn,71,validation_f1,-0.8119049072265625,91.88162819994614,0.006426000036299229
1543,13,446,1071,0.850634559062805,0.9880073800738007,0.7059986816084377,0.8235294117647058,0.008354755784061696,0.9916452442159382,0.848821962912188,0.9702744530026132,0.9634400530067971,0.352749755938822,3073,iscx,iscx,dqn,71,validation_fpr_limit,1.2456436157226562,91.88162819994614,0.006426000036299229
160,5440,772,5357,0.4703725807826754,0.4961563397239974,0.8740414423233807,0.6329906652487297,0.9714285714285714,0.02857142857142857,0.4513064354474046,0.3927352183732786,0.18683367130503697,0.9205388353653338,11729,iscx,mendeley,dqn,71,default,5e-324,91.88162819994614,0.017428999999538064
105,5495,501,5628,0.48878847301560235,0.5059786028949025,0.9182574645129711,0.6524460932065848,0.98125,0.01875,0.46850373225648556,0.3927352183732786,0.18683367130503697,0.9483331912353994,11729,iscx,mendeley,dqn,71,validation_f1,-0.8119049072265625,91.88162819994614,0.017428999999538064
201,5399,1313,4816,0.42774320061386306,0.4714635340186001,0.7857725566976669,0.5893294175232501,0.9641071428571428,0.03589285714285714,0.410832706920262,0.3927352183732786,0.18683367130503697,0.8709182368488362,11729,iscx,mendeley,dqn,71,validation_fpr_limit,1.2456436157226562,91.88162819994614,0.017428999999538064
1454,102,155,1362,0.916368369671331,0.930327868852459,0.8978246539222149,0.9137873196913787,0.06555269922879177,0.9344473007712082,0.9161359773467115,0.9699393924312593,0.9635569797648925,0.47640741945981124,3073,iscx,iscx,ddqn,71,default,5e-324,93.62504770001397,0.0031926999799907207
1293,263,83,1434,0.8874064432150992,0.845020624631703,0.9452867501647989,0.8923459863098943,0.16902313624678664,0.8309768637532133,0.8881318069590061,0.9699393924312593,0.9635569797648925,0.5522290920924179,3073,iscx,iscx,ddqn,71,validation_f1,-0.7832260131835938,93.62504770001397,0.0031926999799907207
1543,13,461,1056,0.845753335502766,0.9878391019644528,0.6961107448912327,0.8167053364269141,0.008354755784061696,0.9916452442159382,0.8438779945535855,0.9699393924312593,0.9635569797648925,0.34786853237878296,3073,iscx,iscx,ddqn,71,validation_fpr_limit,1.3162384033203125,93.62504770001397,0.0031926999799907207
136,5464,679,5450,0.4762554352459715,0.49935862195345426,0.8892152063958232,0.6395587631285572,0.9757142857142858,0.024285714285714285,0.4567504603407687,0.36150849956994635,0.153989435470713,0.9305141103248359,11729,iscx,mendeley,ddqn,71,default,5e-324,93.62504770001397,0.014958800049498677
74,5526,408,5721,0.4940745161565351,0.5086689783942384,0.9334312285854136,0.6584944751381215,0.9867857142857143,0.013214285714285715,0.47332275714984967,0.36150849956994635,0.153989435470713,0.958905277517265,11729,iscx,mendeley,ddqn,71,validation_f1,-0.7832260131835938,93.62504770001397,0.014958800049498677
204,5396,1357,4772,0.42424759144002044,0.46931549960660895,0.7785935715451134,0.5856292569184512,0.9635714285714285,0.03642857142857143,0.40751107148684246,0.36150849956994635,0.153989435470713,0.8669110751129678,11729,iscx,mendeley,ddqn,71,validation_fpr_limit,1.3162384033203125,93.62504770001397,0.014958800049498677
0,1556,0,1517,0.4936544093719492,0.4936544093719492,1.0,0.6610021786492375,1.0,0.0,0.5,0.4936544093719492,0.5,1.0,3073,mendeley,iscx,always_malicious,11,default,0.5000000000000001,9.010010398924351e-05,7.84001313149929e-05
0,1556,0,1517,0.4936544093719492,0.4936544093719492,1.0,0.6610021786492375,1.0,0.0,0.5,0.4936544093719492,0.5,1.0,3073,mendeley,iscx,always_malicious,11,validation_f1,1.0,9.010010398924351e-05,7.84001313149929e-05
1556,0,1517,0,0.5063455906280507,0.0,0.0,0.0,0.0,1.0,0.5,0.4936544093719492,0.5,0.0,3073,mendeley,iscx,always_malicious,11,validation_fpr_limit,1.0000000000000002,9.010010398924351e-05,7.84001313149929e-05
0,5600,0,6129,0.5225509421093018,0.5225509421093018,1.0,0.6864150520775003,1.0,0.0,0.5,0.5225509421093018,0.5,1.0,11729,mendeley,mendeley,always_malicious,11,default,0.5000000000000001,9.010010398924351e-05,5.259993486106396e-05
0,5600,0,6129,0.5225509421093018,0.5225509421093018,1.0,0.6864150520775003,1.0,0.0,0.5,0.5225509421093018,0.5,1.0,11729,mendeley,mendeley,always_malicious,11,validation_f1,1.0,9.010010398924351e-05,5.259993486106396e-05
5600,0,6129,0,0.47744905789069825,0.0,0.0,0.0,0.0,1.0,0.5,0.5225509421093018,0.5,0.0,11729,mendeley,mendeley,always_malicious,11,validation_fpr_limit,1.0000000000000002,9.010010398924351e-05,5.259993486106396e-05
3,1553,1,1516,0.49430523917995445,0.4939719778429456,0.999340804218853,0.6611426079372001,0.9980719794344473,0.0019280205655526992,0.5006344123922029,0.5157366905363512,0.33677998959521316,0.9986983403839896,3073,mendeley,iscx,logistic,11,default,5e-324,0.05130510008893907,0.0004507000558078289
2,1554,0,1517,0.49430523917995445,0.4939759036144578,1.0,0.6612903225806451,0.9987146529562982,0.0012853470437017994,0.5006426735218509,0.5157366905363512,0.33677998959521316,0.9993491701919948,3073,mendeley,iscx,logistic,11,validation_f1,-0.7554547786712646,0.05130510008893907,0.0004507000558078289
1090,466,1126,391,0.48193947282785554,0.456242707117853,0.25774555042847724,0.32940185341196293,0.2994858611825193,0.7005141388174807,0.479129844622979,0.5157366905363512,0.33677998959521316,0.27888057273023104,3073,mendeley,iscx,logistic,11,validation_fpr_limit,3.159719944000244,0.05130510008893907,0.0004507000558078289
4507,1093,872,5257,0.8324665359365675,0.8278740157480315,0.8577255669766684,0.8425354595720811,0.19517857142857142,0.8048214285714286,0.8312734977740485,0.8709111524761906,0.8939330000233083,0.5413931281439168,11729,mendeley,mendeley,logistic,11,default,5e-324,0.05130510008893907,0.0007350998930633068
4318,1282,586,5543,0.8407366356893171,0.8121611721611721,0.9043889704682656,0.8557974370850703,0.22892857142857143,0.7710714285714285,0.8377301995198471,0.8709111524761906,0.8939330000233083,0.5818910393042885,11729,mendeley,mendeley,logistic,11,validation_f1,-0.7554547786712646,0.05130510008893907,0.0007350998930633068
5509,91,5363,766,0.5349987211185949,0.8938156359393232,0.1249796051558166,0.21929573432579444,0.01625,0.98375,0.5543648025779083,0.8709111524761906,0.8939330000233083,0.07306675760934436,11729,mendeley,mendeley,logistic,11,validation_fpr_limit,3.159719944000244,0.05130510008893907,0.0007350998930633068
0,1556,0,1517,0.4936544093719492,0.4936544093719492,1.0,0.6610021786492375,1.0,0.0,0.5,0.5862936971546616,0.5258564885030494,1.0,3073,mendeley,iscx,random_forest,11,default,0.5000000000000001,2.4850041000172496,0.08979050000198185
1,1555,0,1517,0.49397982427595183,0.4938151041666667,1.0,0.6611462192198736,0.9993573264781491,0.0006426735218508997,0.5003213367609255,0.5862936971546616,0.5258564885030494,0.9996745850959974,3073,mendeley,iscx,random_forest,11,validation_f1,0.5390842755685104,2.4850041000172496,0.08979050000198185
1005,551,1074,443,0.4712007809957696,0.44567404426559354,0.2920237310481213,0.352847471127041,0.35411311053984573,0.6458868894601543,0.4689553102541378,0.5862936971546616,0.5258564885030494,0.3234624145785877,3073,mendeley,iscx,random_forest,11,validation_fpr_limit,0.9188783815449402,2.4850041000172496,0.08979050000198185
4237,1363,491,5638,0.8419302583340438,0.8053135266390515,0.9198890520476424,0.8587966488956588,0.24339285714285713,0.7566071428571428,0.8382480974523926,0.913639524920874,0.9189184031419714,0.5968965811237105,11729,mendeley,mendeley,random_forest,11,default,0.5000000000000001,2.4850041000172496,0.16347739985212684
4309,1291,542,5587,0.8437206923011339,0.8123000872346612,0.911567955620819,0.8590758822172676,0.2305357142857143,0.7694642857142857,0.8405161206675524,0.913639524920874,0.9189184031419714,0.5864097536021826,11729,mendeley,mendeley,random_forest,11,validation_f1,0.5390842755685104,2.4850041000172496,0.16347739985212684
5555,45,4770,1359,0.5894790689743371,0.967948717948718,0.22173274596182085,0.36081242532855434,0.008035714285714285,0.9919642857142857,0.6068485158380533,0.913639524920874,0.9189184031419714,0.11970329951402507,11729,mendeley,mendeley,random_forest,11,validation_fpr_limit,0.9188783815449402,2.4850041000172496,0.16347739985212684
0,1556,17,1500,0.48812235600390497,0.4908376963350785,0.988793671720501,0.656024491581019,1.0,0.0,0.4943968358602505,0.6461399283507281,0.5885139795259552,0.9944679466319557,3073,mendeley,iscx,mlp,11,default,5e-324,99.70312399999239,0.004061599960550666
0,1556,0,1517,0.4936544093719492,0.4936544093719492,1.0,0.6610021786492375,1.0,0.0,0.5,0.6461399283507281,0.5885139795259552,1.0,3073,mendeley,iscx,mlp,11,validation_f1,-0.9068926572799683,99.70312399999239,0.004061599960550666
1309,247,981,536,0.6003904978848031,0.6845466155810983,0.35332893869479237,0.46608695652173915,0.15874035989717222,0.8412596401028277,0.59729428939881,0.6461399283507281,0.5885139795259552,0.2547998698340384,3073,mendeley,iscx,mlp,11,validation_fpr_limit,2.5879201889038086,99.70312399999239,0.004061599960550666
4433,1167,594,5535,0.8498593230454429,0.8258728737690242,0.9030837004405287,0.8627542670095861,0.20839285714285713,0.7916071428571428,0.8473454216488358,0.9091720333662918,0.9168720864508311,0.5714042117827607,11729,mendeley,mendeley,mlp,11,default,5e-324,99.70312399999239,0.011498500127345324
4074,1526,284,5845,0.8456816437888993,0.7929724596391263,0.9536629140153369,0.8659259259259259,0.2725,0.7275,0.8405814570076684,0.9091720333662918,0.9168720864508311,0.6284423224486316,11729,mendeley,mendeley,mlp,11,validation_f1,-0.9068926572799683,99.70312399999239,0.011498500127345324
5531,69,4584,1545,0.6032909881490323,0.9572490706319703,0.2520802741067058,0.39907012785741963,0.012321428571428572,0.9876785714285714,0.6198794227676386,0.9091720333662918,0.9168720864508311,0.13760763918492624,11729,mendeley,mendeley,mlp,11,validation_fpr_limit,2.5879201889038086,99.70312399999239,0.011498500127345324
0,1556,0,1517,0.4936544093719492,0.4936544093719492,1.0,0.6610021786492375,1.0,0.0,0.5,0.5731813906398171,0.42399675994258723,1.0,3073,mendeley,iscx,dqn,11,default,5e-324,163.56515830010176,0.01011619996279478
0,1556,0,1517,0.4936544093719492,0.4936544093719492,1.0,0.6610021786492375,1.0,0.0,0.5,0.5731813906398171,0.42399675994258723,1.0,3073,mendeley,iscx,dqn,11,validation_f1,0.20501708984375,163.56515830010176,0.01011619996279478
913,643,1001,516,0.46501789781972014,0.4452113891285591,0.34014502307185235,0.38565022421524664,0.41323907455012854,0.5867609254498715,0.4634529742608619,0.5731813906398171,0.42399675994258723,0.37715587373901727,3073,mendeley,iscx,dqn,11,validation_fpr_limit,1.7439498901367188,163.56515830010176,0.01011619996279478
4202,1398,465,5664,0.8411629294910052,0.8020390824129142,0.9241311796377876,0.8587673413691153,0.24964285714285714,0.7503571428571428,0.8372441612474653,0.8902788402694698,0.9038220812064428,0.6020973655043056,11729,mendeley,mendeley,dqn,11,default,5e-324,163.56515830010176,0.013006699969992042
4229,1371,476,5653,0.8425270696564072,0.8048120728929385,0.9223364333496492,0.8595757621835323,0.24482142857142858,0.7551785714285715,0.8387575023891103,0.8902788402694698,0.9038220812064428,0.5988575326114758,11729,mendeley,mendeley,dqn,11,validation_f1,0.20501708984375,163.56515830010176,0.013006699969992042
5533,67,4838,1291,0.5818057805439509,0.9506627393225331,0.21063795072605646,0.34486443168158143,0.011964285714285714,0.9880357142857142,0.5993368325058853,0.8902788402694698,0.9038220812064428,0.11578139653849433,11729,mendeley,mendeley,dqn,11,validation_fpr_limit,1.7439498901367188,163.56515830010176,0.013006699969992042
0,1556,0,1517,0.4936544093719492,0.4936544093719492,1.0,0.6610021786492375,1.0,0.0,0.5,0.5408290106697855,0.39134686915895767,1.0,3073,mendeley,iscx,ddqn,11,default,5e-324,194.21881280001253,0.010009400080889463
0,1556,0,1517,0.4936544093719492,0.4936544093719492,1.0,0.6610021786492375,1.0,0.0,0.5,0.5408290106697855,0.39134686915895767,1.0,3073,mendeley,iscx,ddqn,11,validation_f1,0.04021453857421875,194.21881280001253,0.010009400080889463
755,801,1048,469,0.39830784249918644,0.36929133858267715,0.3091628213579433,0.3365626121277359,0.5147814910025706,0.4852185089974293,0.3971906651776863,0.5408290106697855,0.39134686915895767,0.41327692808330624,3073,mendeley,iscx,ddqn,11,validation_fpr_limit,1.83111572265625,194.21881280001253,0.010009400080889463
4222,1378,471,5658,0.8423565521357319,0.8041500852757248,0.9231522271169849,0.8595518420053171,0.24607142857142858,0.7539285714285714,0.8385403992727781,0.889952188318509,0.9041783499988346,0.5998806377355274,11729,mendeley,mendeley,ddqn,11,default,5e-324,194.21881280001253,0.007772199809551239
4227,1373,473,5656,0.8426123284167448,0.8046663821311708,0.9228259096100506,0.8597051223590211,0.24517857142857144,0.7548214285714285,0.8388236690907396,0.889952188318509,0.9041783499988346,0.5992838264131639,11729,mendeley,mendeley,ddqn,11,validation_f1,0.04021453857421875,194.21881280001253,0.007772199809551239
5544,56,4962,1167,0.5721715406257993,0.9542109566639412,0.19040626529613314,0.3174646354733406,0.01,0.99,0.5902031326480666,0.889952188318509,0.9041783499988346,0.104271463892915,11729,mendeley,mendeley,ddqn,11,validation_fpr_limit,1.83111572265625,194.21881280001253,0.007772199809551239
0,1556,0,1517,0.4936544093719492,0.4936544093719492,1.0,0.6610021786492375,1.0,0.0,0.5,0.4936544093719492,0.5,1.0,3073,mendeley,iscx,always_malicious,23,default,0.5000000000000001,7.790001109242439e-05,6.0999998822808266e-05
0,1556,0,1517,0.4936544093719492,0.4936544093719492,1.0,0.6610021786492375,1.0,0.0,0.5,0.4936544093719492,0.5,1.0,3073,mendeley,iscx,always_malicious,23,validation_f1,1.0,7.790001109242439e-05,6.0999998822808266e-05
1556,0,1517,0,0.5063455906280507,0.0,0.0,0.0,0.0,1.0,0.5,0.4936544093719492,0.5,0.0,3073,mendeley,iscx,always_malicious,23,validation_fpr_limit,1.0000000000000002,7.790001109242439e-05,6.0999998822808266e-05
0,5600,0,6129,0.5225509421093018,0.5225509421093018,1.0,0.6864150520775003,1.0,0.0,0.5,0.5225509421093018,0.5,1.0,11729,mendeley,mendeley,always_malicious,23,default,0.5000000000000001,7.790001109242439e-05,5.9999991208314896e-05
0,5600,0,6129,0.5225509421093018,0.5225509421093018,1.0,0.6864150520775003,1.0,0.0,0.5,0.5225509421093018,0.5,1.0,11729,mendeley,mendeley,always_malicious,23,validation_f1,1.0,7.790001109242439e-05,5.9999991208314896e-05
5600,0,6129,0,0.47744905789069825,0.0,0.0,0.0,0.0,1.0,0.5,0.5225509421093018,0.5,0.0,11729,mendeley,mendeley,always_malicious,23,validation_fpr_limit,1.0000000000000002,7.790001109242439e-05,5.9999991208314896e-05
3,1553,1,1516,0.49430523917995445,0.4939719778429456,0.999340804218853,0.6611426079372001,0.9980719794344473,0.0019280205655526992,0.5006344123922029,0.5157366905363512,0.33677998959521316,0.9986983403839896,3073,mendeley,iscx,logistic,23,default,5e-324,0.05450670002028346,0.0004358000587671995
2,1554,0,1517,0.49430523917995445,0.4939759036144578,1.0,0.6612903225806451,0.9987146529562982,0.0012853470437017994,0.5006426735218509,0.5157366905363512,0.33677998959521316,0.9993491701919948,3073,mendeley,iscx,logistic,23,validation_f1,-0.7554547786712646,0.05450670002028346,0.0004358000587671995
1090,466,1126,391,0.48193947282785554,0.456242707117853,0.25774555042847724,0.32940185341196293,0.2994858611825193,0.7005141388174807,0.479129844622979,0.5157366905363512,0.33677998959521316,0.27888057273023104,3073,mendeley,iscx,logistic,23,validation_fpr_limit,3.159719944000244,0.05450670002028346,0.0004358000587671995
4507,1093,872,5257,0.8324665359365675,0.8278740157480315,0.8577255669766684,0.8425354595720811,0.19517857142857142,0.8048214285714286,0.8312734977740485,0.8709111524761906,0.8939330000233083,0.5413931281439168,11729,mendeley,mendeley,logistic,23,default,5e-324,0.05450670002028346,0.0005185999907553196
4318,1282,586,5543,0.8407366356893171,0.8121611721611721,0.9043889704682656,0.8557974370850703,0.22892857142857143,0.7710714285714285,0.8377301995198471,0.8709111524761906,0.8939330000233083,0.5818910393042885,11729,mendeley,mendeley,logistic,23,validation_f1,-0.7554547786712646,0.05450670002028346,0.0005185999907553196
5509,91,5363,766,0.5349987211185949,0.8938156359393232,0.1249796051558166,0.21929573432579444,0.01625,0.98375,0.5543648025779083,0.8709111524761906,0.8939330000233083,0.07306675760934436,11729,mendeley,mendeley,logistic,23,validation_fpr_limit,3.159719944000244,0.05450670002028346,0.0005185999907553196
0,1556,0,1517,0.4936544093719492,0.4936544093719492,1.0,0.6610021786492375,1.0,0.0,0.5,0.583121637504182,0.5279840471231781,1.0,3073,mendeley,iscx,random_forest,23,default,0.5000000000000001,2.3200878999195993,0.10285830008797348
0,1556,0,1517,0.4936544093719492,0.4936544093719492,1.0,0.6610021786492375,1.0,0.0,0.5,0.583121637504182,0.5279840471231781,1.0,3073,mendeley,iscx,random_forest,23,validation_f1,0.465054871214327,2.3200878999195993,0.10285830008797348
989,567,1065,452,0.4689228766677514,0.4435721295387635,0.2979564930784443,0.35646687697160884,0.3643958868894602,0.6356041131105399,0.4667803030944921,0.583121637504182,0.5279840471231781,0.3315977871786528,3073,mendeley,iscx,random_forest,23,validation_fpr_limit,0.9200229944487431,2.3200878999195993,0.10285830008797348
4236,1364,484,5645,0.8424418108960696,0.8053930660579255,0.9210311633219123,0.8593393210534328,0.24357142857142858,0.7564285714285715,0.8387298673752419,0.9144348956583281,0.9197922785119922,0.5975786512064114,11729,mendeley,mendeley,random_forest,23,default,0.5000000000000001,2.3200878999195993,0.17840309999883175
4227,1373,482,5647,0.8418449995737062,0.8044159544159544,0.9213574808288465,0.8589246330519431,0.24517857142857144,0.7548214285714285,0.8380894547001375,0.9144348956583281,0.9197922785119922,0.5985164975701254,11729,mendeley,mendeley,random_forest,23,validation_f1,0.465054871214327,2.3200878999195993,0.17840309999883175
5544,56,4694,1435,0.5950208883962828,0.9624413145539906,0.23413281122532223,0.3766404199475066,0.01,0.99,0.6120664056126611,0.9144348956583281,0.9197922785119922,0.12712081166339842,11729,mendeley,mendeley,random_forest,23,validation_fpr_limit,0.9200229944487431,2.3200878999195993,0.17840309999883175
0,1556,12,1505,0.489749430523918,0.49166938908853314,0.992089650626236,0.6574923547400612,1.0,0.0,0.496044825313118,0.614149923208338,0.5731859830235904,0.9960950211519688,3073,mendeley,iscx,mlp,23,default,5e-324,142.67060910002328,0.003987899981439114
0,1556,7,1510,0.491376505043931,0.49249836921069795,0.995385629531971,0.6589570150556404,1.0,0.0,0.4976928147659855,0.614149923208338,0.5731859830235904,0.9977220956719818,3073,mendeley,iscx,mlp,23,validation_f1,-0.4647400975227356,142.67060910002328,0.003987899981439114
1111,445,922,595,0.5551578262284412,0.5721153846153846,0.3922214897824654,0.46538912788423936,0.2859897172236504,0.7140102827763496,0.5531158862794074,0.614149923208338,0.5731859830235904,0.33843150016270745,3073,mendeley,iscx,mlp,23,validation_fpr_limit,2.8151705265045166,142.67060910002328,0.003987899981439114
4471,1129,629,5500,0.8501150993264558,0.8296877357067431,0.8973731440691793,0.862204107226838,0.20160714285714285,0.7983928571428571,0.8478830006060183,0.9097107164135549,0.9172374600843765,0.5651803222781141,11729,mendeley,mendeley,mlp,23,default,5e-324,142.67060910002328,0.009014099836349487
4341,1259,487,5642,0.8511382044505073,0.8175626720765107,0.9205416870615108,0.8660015349194168,0.22482142857142856,0.7751785714285714,0.8478601292450412,0.9097107164135549,0.9172374600843765,0.588370705089948,11729,mendeley,mendeley,mlp,23,validation_f1,-0.4647400975227356,142.67060910002328,0.009014099836349487
5540,60,4721,1408,0.5923778668258164,0.9591280653950953,0.22972752488170992,0.3706726339344478,0.010714285714285714,0.9892857142857143,0.6095066195837121,0.9097107164135549,0.9172374600843765,0.12515986017563305,11729,mendeley,mendeley,mlp,23,validation_fpr_limit,2.8151705265045166,142.67060910002328,0.009014099836349487
0,1556,0,1517,0.4936544093719492,0.4936544093719492,1.0,0.6610021786492375,1.0,0.0,0.5,0.7094853648276749,0.621337565856031,1.0,3073,mendeley,iscx,dqn,23,default,5e-324,228.51619049999863,0.002185499994084239
0,1556,0,1517,0.4936544093719492,0.4936544093719492,1.0,0.6610021786492375,1.0,0.0,0.5,0.7094853648276749,0.621337565856031,1.0,3073,mendeley,iscx,dqn,23,validation_f1,-0.05596160888671875,228.51619049999863,0.002185499994084239
1502,54,1026,491,0.6485519036771884,0.9009174311926605,0.3236651285431773,0.47623666343355964,0.03470437017994859,0.9652956298200515,0.6444803791816144,0.7094853648276749,0.621337565856031,0.1773511226814188,3073,mendeley,iscx,dqn,23,validation_fpr_limit,1.6280899047851562,228.51619049999863,0.002185499994084239
4223,1377,472,5657,0.8423565521357319,0.8042365652544783,0.9229890683635177,0.8595305021651599,0.24589285714285714,0.7541071428571429,0.8385481056103303,0.8811991869916997,0.8988778611052841,0.599710120214852,11729,mendeley,mendeley,dqn,23,default,5e-324,228.51619049999863,0.010887200012803078
4221,1379,468,5661,0.8425270696564072,0.8041193181818181,0.9236417033773862,0.8597463740602931,0.24625,0.75375,0.8386958516886931,0.8811991869916997,0.8988778611052841,0.6002216727768779,11729,mendeley,mendeley,dqn,23,validation_f1,-0.05596160888671875,228.51619049999863,0.010887200012803078
5549,51,4951,1178,0.5735356807912013,0.9585028478437754,0.1922010115842715,0.320195705354716,0.009107142857142857,0.9908928571428571,0.5915469343635643,0.8811991869916997,0.8988778611052841,0.10478301645494074,11729,mendeley,mendeley,dqn,23,validation_fpr_limit,1.6280899047851562,228.51619049999863,0.010887200012803078
0,1556,0,1517,0.4936544093719492,0.4936544093719492,1.0,0.6610021786492375,1.0,0.0,0.5,0.6331415797834226,0.49785083534848407,1.0,3073,mendeley,iscx,ddqn,23,default,5e-324,224.72953609982505,0.005677000153809786
0,1556,0,1517,0.4936544093719492,0.4936544093719492,1.0,0.6610021786492375,1.0,0.0,0.5,0.6331415797834226,0.49785083534848407,1.0,3073,mendeley,iscx,ddqn,23,validation_f1,-0.46710205078125,224.72953609982505,0.005677000153809786
1416,140,1049,468,0.6130816791409046,0.7697368421052632,0.3085036255767963,0.4404705882352941,0.08997429305912596,0.910025706940874,0.6092646662588351,0.6331415797834226,0.49785083534848407,0.19785226163358283,3073,mendeley,iscx,ddqn,23,validation_fpr_limit,1.6511993408203125,224.72953609982505,0.005677000153809786
4371,1229,615,5514,0.84278284593742,0.8177369123535518,0.899657366617719,0.8567433188315724,0.21946428571428572,0.7805357142857143,0.8400965404517167,0.8833736700794083,0.8993462141342097,0.5748998209566033,11729,mendeley,mendeley,ddqn,23,default,5e-324,224.72953609982505,0.06393459998071194
4221,1379,468,5661,0.8425270696564072,0.8041193181818181,0.9236417033773862,0.8597463740602931,0.24625,0.75375,0.8386958516886931,0.8833736700794083,0.8993462141342097,0.6002216727768779,11729,mendeley,mendeley,ddqn,23,validation_f1,-0.46710205078125,224.72953609982505,0.06393459998071194
5544,56,4967,1162,0.5717452468241112,0.9540229885057471,0.18959047152879752,0.31631958622567036,0.01,0.99,0.5897952357643987,0.8833736700794083,0.8993462141342097,0.10384517009122687,11729,mendeley,mendeley,ddqn,23,validation_fpr_limit,1.6511993408203125,224.72953609982505,0.06393459998071194
0,1556,0,1517,0.4936544093719492,0.4936544093719492,1.0,0.6610021786492375,1.0,0.0,0.5,0.4936544093719492,0.5,1.0,3073,mendeley,iscx,always_malicious,37,default,0.5000000000000001,6.690016016364098e-05,7.720012217760086e-05
0,1556,0,1517,0.4936544093719492,0.4936544093719492,1.0,0.6610021786492375,1.0,0.0,0.5,0.4936544093719492,0.5,1.0,3073,mendeley,iscx,always_malicious,37,validation_f1,1.0,6.690016016364098e-05,7.720012217760086e-05
1556,0,1517,0,0.5063455906280507,0.0,0.0,0.0,0.0,1.0,0.5,0.4936544093719492,0.5,0.0,3073,mendeley,iscx,always_malicious,37,validation_fpr_limit,1.0000000000000002,6.690016016364098e-05,7.720012217760086e-05
0,5600,0,6129,0.5225509421093018,0.5225509421093018,1.0,0.6864150520775003,1.0,0.0,0.5,0.5225509421093018,0.5,1.0,11729,mendeley,mendeley,always_malicious,37,default,0.5000000000000001,6.690016016364098e-05,7.020006887614727e-05
0,5600,0,6129,0.5225509421093018,0.5225509421093018,1.0,0.6864150520775003,1.0,0.0,0.5,0.5225509421093018,0.5,1.0,11729,mendeley,mendeley,always_malicious,37,validation_f1,1.0,6.690016016364098e-05,7.020006887614727e-05
5600,0,6129,0,0.47744905789069825,0.0,0.0,0.0,0.0,1.0,0.5,0.5225509421093018,0.5,0.0,11729,mendeley,mendeley,always_malicious,37,validation_fpr_limit,1.0000000000000002,6.690016016364098e-05,7.020006887614727e-05
3,1553,1,1516,0.49430523917995445,0.4939719778429456,0.999340804218853,0.6611426079372001,0.9980719794344473,0.0019280205655526992,0.5006344123922029,0.5157366905363512,0.33677998959521316,0.9986983403839896,3073,mendeley,iscx,logistic,37,default,5e-324,0.08647709991782904,0.0006117001175880432
2,1554,0,1517,0.49430523917995445,0.4939759036144578,1.0,0.6612903225806451,0.9987146529562982,0.0012853470437017994,0.5006426735218509,0.5157366905363512,0.33677998959521316,0.9993491701919948,3073,mendeley,iscx,logistic,37,validation_f1,-0.7554547786712646,0.08647709991782904,0.0006117001175880432
1090,466,1126,391,0.48193947282785554,0.456242707117853,0.25774555042847724,0.32940185341196293,0.2994858611825193,0.7005141388174807,0.479129844622979,0.5157366905363512,0.33677998959521316,0.27888057273023104,3073,mendeley,iscx,logistic,37,validation_fpr_limit,3.159719944000244,0.08647709991782904,0.0006117001175880432
4507,1093,872,5257,0.8324665359365675,0.8278740157480315,0.8577255669766684,0.8425354595720811,0.19517857142857142,0.8048214285714286,0.8312734977740485,0.8709111524761906,0.8939330000233083,0.5413931281439168,11729,mendeley,mendeley,logistic,37,default,5e-324,0.08647709991782904,0.0012580000329762697
4318,1282,586,5543,0.8407366356893171,0.8121611721611721,0.9043889704682656,0.8557974370850703,0.22892857142857143,0.7710714285714285,0.8377301995198471,0.8709111524761906,0.8939330000233083,0.5818910393042885,11729,mendeley,mendeley,logistic,37,validation_f1,-0.7554547786712646,0.08647709991782904,0.0012580000329762697
5509,91,5363,766,0.5349987211185949,0.8938156359393232,0.1249796051558166,0.21929573432579444,0.01625,0.98375,0.5543648025779083,0.8709111524761906,0.8939330000233083,0.07306675760934436,11729,mendeley,mendeley,logistic,37,validation_fpr_limit,3.159719944000244,0.08647709991782904,0.0012580000329762697
0,1556,0,1517,0.4936544093719492,0.4936544093719492,1.0,0.6610021786492375,1.0,0.0,0.5,0.5915272229382023,0.5332817612897869,1.0,3073,mendeley,iscx,random_forest,37,default,0.5000000000000001,4.252726400038227,0.145221299957484
0,1556,0,1517,0.4936544093719492,0.4936544093719492,1.0,0.6610021786492375,1.0,0.0,0.5,0.5915272229382023,0.5332817612897869,1.0,3073,mendeley,iscx,random_forest,37,validation_f1,0.4805563865035581,4.252726400038227,0.145221299957484
1036,520,1062,455,0.48519362186788156,0.4666666666666667,0.2999340804218853,0.3651685393258427,0.3341902313624679,0.6658097686375322,0.48287192452970873,0.5915272229382023,0.5332817612897869,0.31727953140253823,3073,mendeley,iscx,random_forest,37,validation_fpr_limit,0.9193978794432084,4.252726400038227,0.145221299957484
4235,1365,485,5644,0.8422712933753943,0.8052503923526894,0.9208680045684451,0.8591870908814127,0.24375,0.75625,0.8385590022842225,0.9127160412450985,0.917827468358856,0.5975786512064114,11729,mendeley,mendeley,random_forest,37,default,0.5000000000000001,4.252726400038227,0.2954094000160694
4230,1370,484,5645,0.8419302583340438,0.804704205274412,0.9210311633219123,0.8589470480827754,0.24464285714285713,0.7553571428571428,0.8381941530895276,0.9127160412450985,0.917827468358856,0.5980902037684372,11729,mendeley,mendeley,random_forest,37,validation_f1,0.4805563865035581,4.252726400038227,0.2954094000160694
5554,46,4698,1431,0.5955324409583085,0.968855788761002,0.23348017621145375,0.37628188272416513,0.008214285714285714,0.9917857142857143,0.612632945248584,0.9127160412450985,0.917827468358856,0.12592718901867167,11729,mendeley,mendeley,random_forest,37,validation_fpr_limit,0.9193978794432084,4.252726400038227,0.2954094000160694
0,1556,3,1514,0.4926781646599414,0.49315960912052115,0.998022412656559,0.6601264442991062,1.0,0.0,0.4990112063282795,0.6755401670028909,0.6236225095871468,0.9990237552879921,3073,mendeley,iscx,mlp,37,default,5e-324,182.1354894998949,0.0029565999284386635
0,1556,0,1517,0.4936544093719492,0.4936544093719492,1.0,0.6610021786492375,1.0,0.0,0.5,0.6755401670028909,0.6236225095871468,1.0,3073,mendeley,iscx,mlp,37,validation_f1,-0.23719587922096252,182.1354894998949,0.0029565999284386635
1376,180,1002,515,0.6153595834689228,0.7410071942446043,0.33948582729070537,0.4656419529837251,0.11568123393316196,0.884318766066838,0.6119022966787717,0.6755401670028909,0.6236225095871468,0.2261633582818093,3073,mendeley,iscx,mlp,37,validation_fpr_limit,3.077716827392578,182.1354894998949,0.0029565999284386635
4364,1236,506,5623,0.8514792394918578,0.8197988044904505,0.9174416707456355,0.8658761934093009,0.22071428571428572,0.7792857142857142,0.8483636925156749,0.9089965952863903,0.9170133790177842,0.5847898371557677,11729,mendeley,mendeley,mlp,37,default,5e-324,182.1354894998949,0.008636499987915158
4349,1251,494,5635,0.851223463210845,0.8183270403717688,0.919399575787241,0.8659239339223972,0.22339285714285714,0.7766071428571428,0.8480033593221918,0.9089965952863903,0.9170133790177842,0.5870918236848837,11729,mendeley,mendeley,mlp,37,validation_f1,-0.23719587922096252,182.1354894998949,0.008636499987915158
5540,60,4727,1402,0.5918663142637905,0.9589603283173734,0.22874857236090718,0.36938479778685285,0.010714285714285714,0.9892857142857143,0.6090171433233107,0.9089965952863903,0.9170133790177842,0.1246483076136073,11729,mendeley,mendeley,mlp,37,validation_fpr_limit,3.077716827392578,182.1354894998949,0.008636499987915158
0,1556,0,1517,0.4936544093719492,0.4936544093719492,1.0,0.6610021786492375,1.0,0.0,0.5,0.5431555427899657,0.3789378051322374,1.0,3073,mendeley,iscx,dqn,37,default,5e-324,143.86759959999472,0.002214499982073903
0,1556,0,1517,0.4936544093719492,0.4936544093719492,1.0,0.6610021786492375,1.0,0.0,0.5,0.5431555427899657,0.3789378051322374,1.0,3073,mendeley,iscx,dqn,37,validation_f1,-0.1090087890625,143.86759959999472,0.002214499982073903
962,594,1023,494,0.47380410022779046,0.4540441176470588,0.3256427158866183,0.3792706333973129,0.38174807197943444,0.6182519280205655,0.4719473219535919,0.5431555427899657,0.3789378051322374,0.35405141555483244,3073,mendeley,iscx,dqn,37,validation_fpr_limit,1.7842330932617188,143.86759959999472,0.002214499982073903
4262,1338,510,5619,0.8424418108960696,0.8076757222940922,0.916789035731767,0.8587803759743237,0.23892857142857143,0.7610714285714286,0.8389302321515978,0.8842705050250219,0.9009536920495071,0.5931451956688549,11729,mendeley,mendeley,dqn,37,default,5e-324,143.86759959999472,0.0080850999802351
4207,1393,465,5664,0.8415892232926934,0.8026073402295593,0.9241311796377876,0.859092977400273,0.24875,0.75125,0.8376905898188938,0.8842705050250219,0.9009536920495071,0.6016710717026175,11729,mendeley,mendeley,dqn,37,validation_f1,-0.1090087890625,143.86759959999472,0.0080850999802351
5528,72,4970,1159,0.5701253303776963,0.9415109666937449,0.18910099526839616,0.31494565217391307,0.012857142857142857,0.9871428571428571,0.5881219262056266,0.8842705050250219,0.9009536920495071,0.10495353397561599,11729,mendeley,mendeley,dqn,37,validation_fpr_limit,1.7842330932617188,143.86759959999472,0.0080850999802351
0,1556,0,1517,0.4936544093719492,0.4936544093719492,1.0,0.6610021786492375,1.0,0.0,0.5,0.5164153766439732,0.36344289144621456,1.0,3073,mendeley,iscx,ddqn,37,default,5e-324,146.49935559998266,0.003308500163257122
0,1556,0,1517,0.4936544093719492,0.4936544093719492,1.0,0.6610021786492375,1.0,0.0,0.5,0.5164153766439732,0.36344289144621456,1.0,3073,mendeley,iscx,ddqn,37,validation_f1,-0.22259521484375,146.49935559998266,0.003308500163257122
842,714,1037,480,0.4301985030914416,0.4020100502512563,0.31641397495056034,0.35411287347842124,0.4588688946015424,0.5411311053984575,0.42877254017450894,0.5164153766439732,0.36344289144621456,0.38854539537910837,3073,mendeley,iscx,ddqn,37,validation_fpr_limit,1.9363250732421875,146.49935559998266,0.003308500163257122
4254,1346,508,5621,0.8419302583340438,0.8068035022247739,0.9171153532387013,0.8584300549786195,0.24035714285714285,0.7596428571428572,0.8383791051907792,0.8846405222322504,0.9007197486189779,0.5939977832722312,11729,mendeley,mendeley,ddqn,37,default,5e-324,146.49935559998266,0.007351000094786286
4190,1410,460,5669,0.8405661181686418,0.8008193247633847,0.9249469734051232,0.8584191399152029,0.2517857142857143,0.7482142857142857,0.8365806295597045,0.8846405222322504,0.9007197486189779,0.6035467644300452,11729,mendeley,mendeley,ddqn,37,validation_f1,-0.22259521484375,146.49935559998266,0.007351000094786286
5529,71,5019,1110,0.5660329098814904,0.9398814563928873,0.1811062163485071,0.3036935704514364,0.012678571428571428,0.9873214285714286,0.5842138224599678,0.8846405222322504,0.9007197486189779,0.10069059595873477,11729,mendeley,mendeley,ddqn,37,validation_fpr_limit,1.9363250732421875,146.49935559998266,0.007351000094786286
0,1556,0,1517,0.4936544093719492,0.4936544093719492,1.0,0.6610021786492375,1.0,0.0,0.5,0.4936544093719492,0.5,1.0,3073,mendeley,iscx,always_malicious,51,default,0.5000000000000001,7.080007344484329e-05,5.569984205067158e-05
0,1556,0,1517,0.4936544093719492,0.4936544093719492,1.0,0.6610021786492375,1.0,0.0,0.5,0.4936544093719492,0.5,1.0,3073,mendeley,iscx,always_malicious,51,validation_f1,1.0,7.080007344484329e-05,5.569984205067158e-05
1556,0,1517,0,0.5063455906280507,0.0,0.0,0.0,0.0,1.0,0.5,0.4936544093719492,0.5,0.0,3073,mendeley,iscx,always_malicious,51,validation_fpr_limit,1.0000000000000002,7.080007344484329e-05,5.569984205067158e-05
0,5600,0,6129,0.5225509421093018,0.5225509421093018,1.0,0.6864150520775003,1.0,0.0,0.5,0.5225509421093018,0.5,1.0,11729,mendeley,mendeley,always_malicious,51,default,0.5000000000000001,7.080007344484329e-05,6.860005669295788e-05
0,5600,0,6129,0.5225509421093018,0.5225509421093018,1.0,0.6864150520775003,1.0,0.0,0.5,0.5225509421093018,0.5,1.0,11729,mendeley,mendeley,always_malicious,51,validation_f1,1.0,7.080007344484329e-05,6.860005669295788e-05
5600,0,6129,0,0.47744905789069825,0.0,0.0,0.0,0.0,1.0,0.5,0.5225509421093018,0.5,0.0,11729,mendeley,mendeley,always_malicious,51,validation_fpr_limit,1.0000000000000002,7.080007344484329e-05,6.860005669295788e-05
3,1553,1,1516,0.49430523917995445,0.4939719778429456,0.999340804218853,0.6611426079372001,0.9980719794344473,0.0019280205655526992,0.5006344123922029,0.5157366905363512,0.33677998959521316,0.9986983403839896,3073,mendeley,iscx,logistic,51,default,5e-324,0.05073749995790422,0.0006277000065892935
2,1554,0,1517,0.49430523917995445,0.4939759036144578,1.0,0.6612903225806451,0.9987146529562982,0.0012853470437017994,0.5006426735218509,0.5157366905363512,0.33677998959521316,0.9993491701919948,3073,mendeley,iscx,logistic,51,validation_f1,-0.7554547786712646,0.05073749995790422,0.0006277000065892935
1090,466,1126,391,0.48193947282785554,0.456242707117853,0.25774555042847724,0.32940185341196293,0.2994858611825193,0.7005141388174807,0.479129844622979,0.5157366905363512,0.33677998959521316,0.27888057273023104,3073,mendeley,iscx,logistic,51,validation_fpr_limit,3.159719944000244,0.05073749995790422,0.0006277000065892935
4507,1093,872,5257,0.8324665359365675,0.8278740157480315,0.8577255669766684,0.8425354595720811,0.19517857142857142,0.8048214285714286,0.8312734977740485,0.8709111524761906,0.8939330000233083,0.5413931281439168,11729,mendeley,mendeley,logistic,51,default,5e-324,0.05073749995790422,0.0005180998705327511
4318,1282,586,5543,0.8407366356893171,0.8121611721611721,0.9043889704682656,0.8557974370850703,0.22892857142857143,0.7710714285714285,0.8377301995198471,0.8709111524761906,0.8939330000233083,0.5818910393042885,11729,mendeley,mendeley,logistic,51,validation_f1,-0.7554547786712646,0.05073749995790422,0.0005180998705327511
5509,91,5363,766,0.5349987211185949,0.8938156359393232,0.1249796051558166,0.21929573432579444,0.01625,0.98375,0.5543648025779083,0.8709111524761906,0.8939330000233083,0.07306675760934436,11729,mendeley,mendeley,logistic,51,validation_fpr_limit,3.159719944000244,0.05073749995790422,0.0005180998705327511
0,1556,0,1517,0.4936544093719492,0.4936544093719492,1.0,0.6610021786492375,1.0,0.0,0.5,0.5943939928179366,0.542882253060007,1.0,3073,mendeley,iscx,random_forest,51,default,0.5000000000000001,2.2392851000186056,0.09050499997101724
1,1555,0,1517,0.49397982427595183,0.4938151041666667,1.0,0.6611462192198736,0.9993573264781491,0.0006426735218508997,0.5003213367609255,0.5943939928179366,0.542882253060007,0.9996745850959974,3073,mendeley,iscx,random_forest,51,validation_f1,0.5474299914898527,2.2392851000186056,0.09050499997101724
1008,548,1061,456,0.47640741945981124,0.4541832669322709,0.3005932762030323,0.3617612058706862,0.35218508997429304,0.6478149100257069,0.4742040931143696,0.5943939928179366,0.542882253060007,0.32671656361861373,3073,mendeley,iscx,random_forest,51,validation_fpr_limit,0.919606700195273,2.2392851000186056,0.09050499997101724
4240,1360,492,5637,0.8421007758547191,0.8056309847077319,0.9197258932941752,0.8589059881151913,0.24285714285714285,0.7571428571428571,0.8384343752185162,0.912021592197913,0.9172939392350185,0.5965555460823599,11729,mendeley,mendeley,random_forest,51,default,0.5000000000000001,2.2392851000186056,0.14349439996294677
4349,1251,590,5539,0.843038622218433,0.8157584683357879,0.9037363354543971,0.8574967102716928,0.22339285714285714,0.7766071428571428,0.8401717391557699,0.912021592197913,0.9172939392350185,0.5789069826924716,11729,mendeley,mendeley,random_forest,51,validation_f1,0.5474299914898527,2.2392851000186056,0.14349439996294677
5543,57,4684,1445,0.5957882172393213,0.9620505992010653,0.23576439875999347,0.3787183855326956,0.01017857142857143,0.9898214285714285,0.612792913665711,0.912021592197913,0.9172939392350185,0.12805865802711228,11729,mendeley,mendeley,random_forest,51,validation_fpr_limit,0.919606700195273,2.2392851000186056,0.14349439996294677
0,1556,8,1509,0.4910510901399284,0.49233278955954324,0.994726433750824,0.6586643387167176,1.0,0.0,0.497363216875412,0.6150710349560673,0.5521891569919659,0.9973966807679792,3073,mendeley,iscx,mlp,51,default,5e-324,87.54303129995242,0.0022121001966297626
0,1556,3,1514,0.4926781646599414,0.49315960912052115,0.998022412656559,0.6601264442991062,1.0,0.0,0.4990112063282795,0.6150710349560673,0.5521891569919659,0.9990237552879921,3073,mendeley,iscx,mlp,51,validation_f1,-0.25458359718322754,87.54303129995242,0.0022121001966297626
1179,377,993,524,0.5541815815164335,0.58157602663707,0.34541858932102837,0.4334160463192721,0.2422879177377892,0.7577120822622108,0.5515653357916196,0.6150710349560673,0.5521891569919659,0.2931988285063456,3073,mendeley,iscx,mlp,51,validation_fpr_limit,2.688906669616699,87.54303129995242,0.0022121001966297626
4433,1167,571,5558,0.8518202745332083,0.8264684014869889,0.9068363517702724,0.8647891706861678,0.20839285714285713,0.7916071428571428,0.8492217473137076,0.9097239594766796,0.9182114013006084,0.573365163270526,11729,mendeley,mendeley,mlp,51,default,5e-324,87.54303129995242,0.007806099951267242
4362,1238,505,5624,0.8513939807315202,0.8195861264937336,0.9176048294991026,0.8658301901316295,0.22107142857142856,0.7789285714285714,0.848266700463837,0.9097239594766796,0.9182114013006084,0.5850456134367806,11729,mendeley,mendeley,mlp,51,validation_f1,-0.25458359718322754,87.54303129995242,0.007806099951267242
5535,65,4512,1617,0.6097706539346918,0.9613555291319857,0.26382770435633873,0.414031494046857,0.011607142857142858,0.9883928571428572,0.626110280749598,0.9097239594766796,0.9182114013006084,0.14340523488788473,11729,mendeley,mendeley,mlp,51,validation_fpr_limit,2.688906669616699,87.54303129995242,0.007806099951267242
0,1556,0,1517,0.4936544093719492,0.4936544093719492,1.0,0.6610021786492375,1.0,0.0,0.5,0.5781478208047732,0.4064198297614186,1.0,3073,mendeley,iscx,dqn,51,default,5e-324,148.84348220005631,0.004099099896848202
0,1556,0,1517,0.4936544093719492,0.4936544093719492,1.0,0.6610021786492375,1.0,0.0,0.5,0.5781478208047732,0.4064198297614186,1.0,3073,mendeley,iscx,dqn,51,validation_f1,-0.5296859741210938,148.84348220005631,0.004099099896848202
825,731,1000,517,0.43670680117149363,0.41426282051282054,0.34080421885299933,0.3739602169981917,0.4697943444730077,0.5302056555269923,0.43550493718999583,0.5781478208047732,0.4064198297614186,0.40611780019524896,3073,mendeley,iscx,dqn,51,validation_fpr_limit,1.5482711791992188,148.84348220005631,0.004099099896848202
4368,1232,619,5510,0.8421860346150567,0.8172649065559181,0.8990047316038505,0.8561883303550618,0.22,0.78,0.8395023658019253,0.8914478693700212,0.9047728451390348,0.5748145621962657,11729,mendeley,mendeley,dqn,51,default,5e-324,148.84348220005631,0.012613099999725819
4199,1401,468,5661,0.8406513769289794,0.8016142735768904,0.9236417033773862,0.858312485785763,0.2501785714285714,0.7498214285714285,0.8367315659744073,0.8914478693700212,0.9047728451390348,0.6020973655043056,11729,mendeley,mendeley,dqn,51,validation_f1,-0.5296859741210938,148.84348220005631,0.012613099999725819
5541,59,4912,1217,0.5761787023616677,0.9537617554858934,0.19856420296948932,0.3286968264686023,0.010535714285714285,0.9894642857142857,0.5940142443418875,0.8914478693700212,0.9047728451390348,0.1087901781908091,11729,mendeley,mendeley,dqn,51,validation_fpr_limit,1.5482711791992188,148.84348220005631,0.012613099999725819
0,1556,0,1517,0.4936544093719492,0.4936544093719492,1.0,0.6610021786492375,1.0,0.0,0.5,0.5217921253612997,0.37573629965786215,1.0,3073,mendeley,iscx,ddqn,51,default,5e-324,146.66067319991998,0.006867399904876947
0,1556,0,1517,0.4936544093719492,0.4936544093719492,1.0,0.6610021786492375,1.0,0.0,0.5,0.5217921253612997,0.37573629965786215,1.0,3073,mendeley,iscx,ddqn,51,validation_f1,-0.6433868408203125,146.66067319991998,0.006867399904876947
840,716,1037,480,0.4295476732834364,0.4013377926421405,0.31641397495056034,0.3538518245484703,0.4601542416452442,0.5398457583547558,0.42812986665265806,0.5217921253612997,0.37573629965786215,0.38919622518711355,3073,mendeley,iscx,ddqn,51,validation_fpr_limit,1.4971923828125,146.66067319991998,0.006867399904876947
4396,1204,640,5489,0.84278284593742,0.8201105632750635,0.895578397781041,0.8561846825768211,0.215,0.785,0.8402891988905206,0.8892522362049993,0.9036968714309024,0.570636882939722,11729,mendeley,mendeley,ddqn,51,default,5e-324,146.66067319991998,0.008355499943718314
4205,1395,464,5665,0.8415039645323557,0.8024079320113314,0.9242943383912547,0.8590492076730609,0.24910714285714286,0.7508928571428571,0.8375935977670559,0.8892522362049993,0.9036968714309024,0.6019268479836303,11729,mendeley,mendeley,ddqn,51,validation_f1,-0.6433868408203125,146.66067319991998,0.008355499943718314
5543,57,5011,1118,0.5679086026089181,0.9514893617021276,0.18241148637624408,0.30613362541073386,0.01017857142857143,0.9898214285714285,0.5861164574738363,0.8892522362049993,0.9036968714309024,0.10017904339670901,11729,mendeley,mendeley,ddqn,51,validation_fpr_limit,1.4971923828125,146.66067319991998,0.008355499943718314
0,1556,0,1517,0.4936544093719492,0.4936544093719492,1.0,0.6610021786492375,1.0,0.0,0.5,0.4936544093719492,0.5,1.0,3073,mendeley,iscx,always_malicious,71,default,0.5000000000000001,7.619988173246384e-05,7.199984975159168e-05
0,1556,0,1517,0.4936544093719492,0.4936544093719492,1.0,0.6610021786492375,1.0,0.0,0.5,0.4936544093719492,0.5,1.0,3073,mendeley,iscx,always_malicious,71,validation_f1,1.0,7.619988173246384e-05,7.199984975159168e-05
1556,0,1517,0,0.5063455906280507,0.0,0.0,0.0,0.0,1.0,0.5,0.4936544093719492,0.5,0.0,3073,mendeley,iscx,always_malicious,71,validation_fpr_limit,1.0000000000000002,7.619988173246384e-05,7.199984975159168e-05
0,5600,0,6129,0.5225509421093018,0.5225509421093018,1.0,0.6864150520775003,1.0,0.0,0.5,0.5225509421093018,0.5,1.0,11729,mendeley,mendeley,always_malicious,71,default,0.5000000000000001,7.619988173246384e-05,7.420009933412075e-05
0,5600,0,6129,0.5225509421093018,0.5225509421093018,1.0,0.6864150520775003,1.0,0.0,0.5,0.5225509421093018,0.5,1.0,11729,mendeley,mendeley,always_malicious,71,validation_f1,1.0,7.619988173246384e-05,7.420009933412075e-05
5600,0,6129,0,0.47744905789069825,0.0,0.0,0.0,0.0,1.0,0.5,0.5225509421093018,0.5,0.0,11729,mendeley,mendeley,always_malicious,71,validation_fpr_limit,1.0000000000000002,7.619988173246384e-05,7.420009933412075e-05
3,1553,1,1516,0.49430523917995445,0.4939719778429456,0.999340804218853,0.6611426079372001,0.9980719794344473,0.0019280205655526992,0.5006344123922029,0.5157366905363512,0.33677998959521316,0.9986983403839896,3073,mendeley,iscx,logistic,71,default,5e-324,0.056254500057548285,0.000458399998024106
2,1554,0,1517,0.49430523917995445,0.4939759036144578,1.0,0.6612903225806451,0.9987146529562982,0.0012853470437017994,0.5006426735218509,0.5157366905363512,0.33677998959521316,0.9993491701919948,3073,mendeley,iscx,logistic,71,validation_f1,-0.7554547786712646,0.056254500057548285,0.000458399998024106
1090,466,1126,391,0.48193947282785554,0.456242707117853,0.25774555042847724,0.32940185341196293,0.2994858611825193,0.7005141388174807,0.479129844622979,0.5157366905363512,0.33677998959521316,0.27888057273023104,3073,mendeley,iscx,logistic,71,validation_fpr_limit,3.159719944000244,0.056254500057548285,0.000458399998024106
4507,1093,872,5257,0.8324665359365675,0.8278740157480315,0.8577255669766684,0.8425354595720811,0.19517857142857142,0.8048214285714286,0.8312734977740485,0.8709111524761906,0.8939330000233083,0.5413931281439168,11729,mendeley,mendeley,logistic,71,default,5e-324,0.056254500057548285,0.0007206001318991184
4318,1282,586,5543,0.8407366356893171,0.8121611721611721,0.9043889704682656,0.8557974370850703,0.22892857142857143,0.7710714285714285,0.8377301995198471,0.8709111524761906,0.8939330000233083,0.5818910393042885,11729,mendeley,mendeley,logistic,71,validation_f1,-0.7554547786712646,0.056254500057548285,0.0007206001318991184
5509,91,5363,766,0.5349987211185949,0.8938156359393232,0.1249796051558166,0.21929573432579444,0.01625,0.98375,0.5543648025779083,0.8709111524761906,0.8939330000233083,0.07306675760934436,11729,mendeley,mendeley,logistic,71,validation_fpr_limit,3.159719944000244,0.056254500057548285,0.0007206001318991184
0,1556,0,1517,0.4936544093719492,0.4936544093719492,1.0,0.6610021786492375,1.0,0.0,0.5,0.5880277491354334,0.5335906004443216,1.0,3073,mendeley,iscx,random_forest,71,default,0.5000000000000001,2.434358000056818,0.09099340019747615
0,1556,0,1517,0.4936544093719492,0.4936544093719492,1.0,0.6610021786492375,1.0,0.0,0.5,0.5880277491354334,0.5335906004443216,1.0,3073,mendeley,iscx,random_forest,71,validation_f1,0.5502416800672907,2.434358000056818,0.09099340019747615
964,592,1056,461,0.4637162382037097,0.43779677113010446,0.3038892551087673,0.3587548638132296,0.38046272493573263,0.6195372750642674,0.46171326508651733,0.5880277491354334,0.5335906004443216,0.3426618939147413,3073,mendeley,iscx,random_forest,71,validation_fpr_limit,0.9183742407250732,2.434358000056818,0.09099340019747615
4264,1336,526,5603,0.8412481882513428,0.8074650526012394,0.9141784956762931,0.8575145393327211,0.23857142857142857,0.7614285714285715,0.8378035335524323,0.9144976176064289,0.9198583578071463,0.5916105379827777,11729,mendeley,mendeley,random_forest,71,default,0.5000000000000001,2.434358000056818,0.1441941000521183
4391,1209,618,5511,0.8442322448631597,0.8200892857142857,0.8991678903573177,0.857809946299323,0.21589285714285714,0.7841071428571429,0.8416375166072303,0.9144976176064289,0.9198583578071463,0.5729388694688379,11729,mendeley,mendeley,random_forest,71,validation_f1,0.5502416800672907,2.434358000056818,0.1441941000521183
5540,60,4637,1492,0.5995396026941768,0.961340206185567,0.24343286017294827,0.38849108189037884,0.010714285714285714,0.9892857142857143,0.6163592872293313,0.9144976176064289,0.9198583578071463,0.13232159604399352,11729,mendeley,mendeley,random_forest,71,validation_fpr_limit,0.9183742407250732,2.434358000056818,0.1441941000521183
0,1556,14,1503,0.48909860071591277,0.4913370382477934,0.990771259063942,0.6569055944055944,1.0,0.0,0.495385629531971,0.6170228495687291,0.5603028572493742,0.9954441913439636,3073,mendeley,iscx,mlp,71,default,5e-324,81.85662730014883,0.0021307000424712896
0,1556,10,1507,0.4904002603319232,0.4920013059092393,0.99340804218853,0.6580786026200873,1.0,0.0,0.496704021094265,0.6170228495687291,0.5603028572493742,0.9967458509599739,3073,mendeley,iscx,mlp,71,validation_f1,-0.4270355701446533,81.85662730014883,0.0021307000424712896
1048,508,973,544,0.5180605271721445,0.5171102661596958,0.35860250494396834,0.4235110938108213,0.3264781491002571,0.6735218508997429,0.5160621779218556,0.6170228495687291,0.5603028572493742,0.3423364790107387,3073,mendeley,iscx,mlp,71,validation_fpr_limit,2.846104145050049,81.85662730014883,0.0021307000424712896
4496,1104,656,5473,0.8499445818057806,0.832142314124981,0.892967857725567,0.861482764048481,0.19714285714285715,0.8028571428571428,0.8479125002913549,0.912298896393535,0.9185451192224322,0.5607468667405576,11729,mendeley,mendeley,mlp,71,default,5e-324,81.85662730014883,0.00783469993621111
4345,1255,497,5632,0.8506266518884815,0.8177726150718746,0.9189100995268397,0.8653964351567301,0.22410714285714287,0.7758928571428572,0.8474014783348485,0.912298896393535,0.9185451192224322,0.5871770824452213,11729,mendeley,mendeley,mlp,71,validation_f1,-0.4270355701446533,81.85662730014883,0.00783469993621111
5543,57,4619,1510,0.6013300366612669,0.9636247606892151,0.2463697177353565,0.3924116424116424,0.01017857142857143,0.9898214285714285,0.6180955731533925,0.912298896393535,0.9185451192224322,0.1336004774490579,11729,mendeley,mendeley,mlp,71,validation_fpr_limit,2.846104145050049,81.85662730014883,0.00783469993621111
0,1556,0,1517,0.4936544093719492,0.4936544093719492,1.0,0.6610021786492375,1.0,0.0,0.5,0.49795480733762065,0.35602545614145087,1.0,3073,mendeley,iscx,dqn,71,default,5e-324,142.59239379991777,0.002465900033712387
0,1556,0,1517,0.4936544093719492,0.4936544093719492,1.0,0.6610021786492375,1.0,0.0,0.5,0.49795480733762065,0.35602545614145087,1.0,3073,mendeley,iscx,dqn,71,validation_f1,-0.7911758422851562,142.59239379991777,0.002465900033712387
725,831,1052,465,0.38724373576309795,0.3587962962962963,0.3065260382333553,0.33060789193032347,0.5340616966580977,0.46593830334190234,0.38623217078762884,0.49795480733762065,0.35602545614145087,0.4217377155873739,3073,mendeley,iscx,dqn,71,validation_fpr_limit,1.5450057983398438,142.59239379991777,0.002465900033712387
4408,1192,650,5479,0.8429533634580954,0.821316144506071,0.8939468102463697,0.85609375,0.21285714285714286,0.7871428571428571,0.8405448336946134,0.8910757730755348,0.9038900251730649,0.5687611902122943,11729,mendeley,mendeley,dqn,71,default,5e-324,142.59239379991777,0.007308699889108539
4207,1393,462,5667,0.8418449995737062,0.8026912181303116,0.924620655898189,0.859352490711957,0.24875,0.75125,0.8379353279490944,0.8910757730755348,0.9038900251730649,0.6019268479836303,11729,mendeley,mendeley,dqn,71,validation_f1,-0.7911758422851562,142.59239379991777,0.007308699889108539
5540,60,4889,1240,0.5780543950890954,0.9538461538461539,0.20231685429923316,0.33382689460223447,0.010714285714285714,0.9892857142857143,0.5958012842924737,0.8910757730755348,0.9038900251730649,0.1108363884389121,11729,mendeley,mendeley,dqn,71,validation_fpr_limit,1.5450057983398438,142.59239379991777,0.007308699889108539
0,1556,0,1517,0.4936544093719492,0.4936544093719492,1.0,0.6610021786492375,1.0,0.0,0.5,0.5416337425996569,0.4228440146209286,1.0,3073,mendeley,iscx,ddqn,71,default,5e-324,142.61768140015192,0.002230199985206127
0,1556,0,1517,0.4936544093719492,0.4936544093719492,1.0,0.6610021786492375,1.0,0.0,0.5,0.5416337425996569,0.4228440146209286,1.0,3073,mendeley,iscx,ddqn,71,validation_f1,-0.5338973999023438,142.61768140015192,0.002230199985206127
1072,484,1151,366,0.4679466319557436,0.43058823529411766,0.24126565589980223,0.30925221799746516,0.3110539845758355,0.6889460154241646,0.4651058356619834,0.5416337425996569,0.4228440146209286,0.2766026684022128,3073,mendeley,iscx,ddqn,71,validation_fpr_limit,1.4955291748046875,142.61768140015192,0.002230199985206127
4373,1227,619,5510,0.8426123284167448,0.8178714561377468,0.8990047316038505,0.8565210632675269,0.21910714285714286,0.7808928571428572,0.8399487943733539,0.8892118327833209,0.9031157057781508,0.5743882683945776,11729,mendeley,mendeley,ddqn,71,default,5e-324,142.61768140015192,0.00919380015693605
4210,1390,467,5662,0.841674482053031,0.8028927963698241,0.9238048621308533,0.8591153933692436,0.24821428571428572,0.7517857142857143,0.8377952882082838,0.8892118327833209,0.9031157057781508,0.6012447779009293,11729,mendeley,mendeley,ddqn,71,validation_f1,-0.5338973999023438,142.61768140015192,0.00919380015693605
5542,58,4956,1173,0.5725125756671497,0.9528838342810723,0.19138521781693588,0.31875,0.010357142857142856,0.9896428571428572,0.5905140374798965,0.8892118327833209,0.9031157057781508,0.10495353397561599,11729,mendeley,mendeley,ddqn,71,validation_fpr_limit,1.4955291748046875,142.61768140015192,0.00919380015693605
