tn,fp,fn,tp,accuracy,precision,recall,f1,fpr,specificity,balanced_accuracy,average_precision,roc_auc,predicted_malicious_fraction,n,source,target,model,seed,operating_point,threshold,fit_seconds,inference_seconds
0,1556,0,1517,0.4936544093719492,0.4936544093719492,1.0,0.6610021786492375,1.0,0.0,0.5,0.4936544093719492,0.5,1.0,3073,iscx,iscx,always_malicious,11,default,0.5000000000000001,1.800013706088066e-06,4.1899969801306725e-05
0,1556,0,1517,0.4936544093719492,0.4936544093719492,1.0,0.6610021786492375,1.0,0.0,0.5,0.4936544093719492,0.5,1.0,3073,iscx,iscx,always_malicious,11,validation_f1,1.0,1.800013706088066e-06,4.1899969801306725e-05
1556,0,1517,0,0.5063455906280507,0.0,0.0,0.0,0.0,1.0,0.5,0.4936544093719492,0.5,0.0,3073,iscx,iscx,always_malicious,11,validation_fpr_limit,1.0000000000000002,1.800013706088066e-06,4.1899969801306725e-05
0,5600,0,6129,0.5225509421093018,0.5225509421093018,1.0,0.6864150520775003,1.0,0.0,0.5,0.5225509421093018,0.5,1.0,11729,iscx,mendeley,always_malicious,11,default,0.5000000000000001,1.800013706088066e-06,7.479987107217312e-05
0,5600,0,6129,0.5225509421093018,0.5225509421093018,1.0,0.6864150520775003,1.0,0.0,0.5,0.5225509421093018,0.5,1.0,11729,iscx,mendeley,always_malicious,11,validation_f1,1.0,1.800013706088066e-06,7.479987107217312e-05
5600,0,6129,0,0.47744905789069825,0.0,0.0,0.0,0.0,1.0,0.5,0.5225509421093018,0.5,0.0,11729,iscx,mendeley,always_malicious,11,validation_fpr_limit,1.0000000000000002,1.800013706088066e-06,7.479987107217312e-05
1364,192,288,1229,0.8438008460787504,0.8648838845883181,0.8101516150296638,0.8366235534377128,0.12339331619537275,0.8766066838046273,0.8433791494171455,0.9406952918396636,0.9345532126897731,0.4624145785876993,3073,iscx,iscx,logistic,11,default,5e-324,0.032554500037804246,0.0004229999613016844
1347,209,278,1239,0.8415229417507322,0.8556629834254144,0.8167435728411339,0.8357504215851602,0.13431876606683804,0.865681233933162,0.841212403387148,0.9406952918396636,0.9345532126897731,0.4712007809957696,3073,iscx,iscx,logistic,11,validation_f1,-0.1349935531616211,0.032554500037804246,0.0004229999613016844
1544,12,726,791,0.7598438008460787,0.9850560398505604,0.5214238628872775,0.6818965517241379,0.007712082262210797,0.9922879177377892,0.7568558903125333,0.9406952918396636,0.9345532126897731,0.26130816791409045,3073,iscx,iscx,logistic,11,validation_fpr_limit,2.9301509857177734,0.032554500037804246,0.0004229999613016844
155,5445,930,5199,0.4564754028476426,0.4884441939120631,0.8482623592755751,0.6199248792702557,0.9723214285714286,0.027678571428571427,0.4379704653520733,0.3535363665992691,0.12712840593897862,0.9074942450336773,11729,iscx,mendeley,logistic,11,default,5e-324,0.032554500037804246,0.0007174999918788671
146,5454,868,5261,0.46099411714553673,0.4909939337377508,0.8583782019905368,0.6246734742341487,0.9739285714285715,0.026071428571428572,0.4422248152809827,0.3535363665992691,0.12712840593897862,0.9135476170176485,11729,iscx,mendeley,logistic,11,validation_f1,-0.1349935531616211,0.032554500037804246,0.0007174999918788671
317,5283,2105,4024,0.3701082786256288,0.43236273772429357,0.656550823951705,0.5213785954910599,0.9433928571428571,0.056607142857142856,0.35657898340442395,0.3535363665992691,0.12712840593897862,0.793503282462273,11729,iscx,mendeley,logistic,11,validation_fpr_limit,2.9301509857177734,0.032554500037804246,0.0007174999918788671
1476,80,172,1345,0.9179954441913439,0.9438596491228071,0.8866183256427159,0.9143439836845684,0.05141388174807198,0.9485861182519281,0.917602221947322,0.976416981582803,0.9704539639018289,0.4637162382037097,3073,iscx,iscx,random_forest,11,default,0.5000000000000001,1.2780167998280376,0.12630659993737936
1301,255,86,1431,0.8890335177351123,0.8487544483985765,0.9433091628213579,0.8935373087730253,0.16388174807197944,0.8361182519280206,0.8897137073746892,0.976416981582803,0.9704539639018289,0.5486495281483892,3073,iscx,iscx,random_forest,11,validation_f1,0.24811376316117578,1.2780167998280376,0.12630659993737936
1540,16,281,1236,0.9033517735112269,0.987220447284345,0.8147659854976929,0.8927410617551462,0.010282776349614395,0.9897172236503856,0.9022416045740392,0.976416981582803,0.9704539639018289,0.4074194598112594,3073,iscx,iscx,random_forest,11,validation_fpr_limit,0.7121225107079452,1.2780167998280376,0.12630659993737936
115,5485,578,5551,0.4830761360729815,0.5029902138455963,0.9056942404960026,0.6467812408971745,0.9794642857142857,0.020535714285714286,0.46311497739085844,0.42529666551249246,0.3108464588723399,0.9409156790860261,11729,iscx,mendeley,random_forest,11,default,0.5000000000000001,1.2780167998280376,0.13370079989545047
85,5515,391,5738,0.4964617614459886,0.5099084688527504,0.9362049273943547,0.6602232194223909,0.9848214285714286,0.015178571428571428,0.475691749411463,0.42529666551249246,0.3108464588723399,0.9594168300792907,11729,iscx,mendeley,random_forest,11,validation_f1,0.24811376316117578,1.2780167998280376,0.13370079989545047
172,5428,1001,5128,0.45187142978941086,0.48579007199696855,0.8366780877794093,0.6146838477674558,0.9692857142857143,0.030714285714285715,0.4336961867468475,0.42529666551249246,0.3108464588723399,0.8999914741239662,11729,iscx,mendeley,random_forest,11,validation_fpr_limit,0.7121225107079452,1.2780167998280376,0.13370079989545047
1490,66,203,1314,0.9124633908232997,0.9521739130434783,0.8661832564271589,0.90714532274767,0.042416452442159386,0.9575835475578406,0.9118834019924997,0.9728042377112783,0.9668436384217938,0.4490725675235926,3073,iscx,iscx,mlp,11,default,5e-324,39.101701700128615,0.007224200060591102
1426,130,142,1375,0.9114871461112919,0.9136212624584718,0.9063941990771259,0.9099933818663137,0.08354755784061697,0.916452442159383,0.9114233206182545,0.9728042377112783,0.9668436384217938,0.489749430523918,3073,iscx,iscx,mlp,11,validation_f1,-0.7685058116912842,39.101701700128615,0.007224200060591102
1546,10,403,1114,0.8656036446469249,0.9911032028469751,0.7343441001977588,0.8436198409693298,0.006426735218508998,0.993573264781491,0.8639586824896248,0.9728042377112783,0.9668436384217938,0.3657663520989261,3073,iscx,iscx,mlp,11,validation_fpr_limit,1.8789303302764893,39.101701700128615,0.007224200060591102
151,5449,768,5361,0.4699462869809873,0.4959296947271045,0.8746940773372491,0.6329771533148356,0.9730357142857143,0.026964285714285715,0.4508291815257674,0.3434692862171296,0.11562170768943897,0.9216471992497229,11729,iscx,mendeley,mlp,11,default,5e-324,39.101701700128615,0.018728999886661768
115,5485,611,5518,0.4802625969818399,0.5014995910206307,0.9003100016315876,0.6441746439411628,0.9794642857142857,0.020535714285714286,0.46042285795865096,0.3434692862171296,0.11562170768943897,0.9381021399948845,11729,iscx,mendeley,mlp,11,validation_f1,-0.7685058116912842,39.101701700128615,0.018728999886661768
198,5402,1223,4906,0.4351607127632364,0.4759410166860691,0.800456844509708,0.5969459147046298,0.9646428571428571,0.03535714285714286,0.41790699368342543,0.3434692862171296,0.11562170768943897,0.8788473015602353,11729,iscx,mendeley,mlp,11,validation_fpr_limit,1.8789303302764893,39.101701700128615,0.018728999886661768
1396,160,125,1392,0.9072567523592581,0.8969072164948454,0.9176005273566249,0.9071358748778103,0.10282776349614396,0.897172236503856,0.9073863819302405,0.9689754358142848,0.9629270156732694,0.5050439310120404,3073,iscx,iscx,dqn,11,default,5e-324,57.994426999939606,0.0032822999637573957
1325,231,111,1406,0.8887081028311097,0.8588882101405009,0.926829268292683,0.891566265060241,0.14845758354755784,0.8515424164524421,0.8891858423725625,0.9689754358142848,0.9629270156732694,0.5327041978522616,3073,iscx,iscx,dqn,11,validation_f1,-0.13855361938476562,57.994426999939606,0.0032822999637573957
1541,15,490,1027,0.8356654734786854,0.9856046065259118,0.6769940672379697,0.8026572880031262,0.009640102827763496,0.9903598971722365,0.8336769822051031,0.9689754358142848,0.9629270156732694,0.33908232997071264,3073,iscx,iscx,dqn,11,validation_fpr_limit,1.5584526062011719,57.994426999939606,0.0032822999637573957
110,5490,588,5541,0.4817972546679171,0.5023116671199347,0.9040626529613314,0.6458041958041958,0.9803571428571428,0.019642857142857142,0.4618527550520943,0.3656774420579373,0.16489179078386124,0.940489385284338,11729,iscx,mendeley,dqn,11,default,5e-324,57.994426999939606,0.01450189994648099
106,5494,550,5579,0.48469605251939635,0.5038381649056263,0.9102626855930821,0.6486455063364726,0.9810714285714286,0.01892857142857143,0.46459562851082675,0.3656774420579373,0.16489179078386124,0.9440702532185182,11729,iscx,mendeley,dqn,11,validation_f1,-0.13855361938476562,57.994426999939606,0.01450189994648099
216,5384,1426,4703,0.41938784210077584,0.466243679984138,0.7673356175558819,0.5800444005920079,0.9614285714285714,0.03857142857142857,0.40295352306365523,0.3656774420579373,0.16489179078386124,0.8600051155256203,11729,iscx,mendeley,dqn,11,validation_fpr_limit,1.5584526062011719,57.994426999939606,0.01450189994648099
1432,124,153,1364,0.9098600715912789,0.9166666666666666,0.8991430454845089,0.907820299500832,0.07969151670951156,0.9203084832904884,0.9097257643874986,0.9687855262929413,0.9626808763745248,0.48421737715587376,3073,iscx,iscx,ddqn,11,default,5e-324,66.89032820006832,0.0021473001688718796
1408,148,147,1370,0.904002603319232,0.9025032938076416,0.9030982201713909,0.9028006589785832,0.09511568123393316,0.9048843187660668,0.9039912694687289,0.9687855262929413,0.9626808763745248,0.49397982427595183,3073,iscx,iscx,ddqn,11,validation_f1,-0.07360076904296875,66.89032820006832,0.0021473001688718796
1541,15,446,1071,0.8499837292547999,0.9861878453038674,0.7059986816084377,0.8228966577026507,0.009640102827763496,0.9903598971722365,0.848179289390337,0.9687855262929413,0.9626808763745248,0.3534005857468272,3073,iscx,iscx,ddqn,11,validation_fpr_limit,1.1480140686035156,66.89032820006832,0.0021473001688718796
130,5470,671,5458,0.4764259527666468,0.49945095168374815,0.8905204764235601,0.6399718590607961,0.9767857142857143,0.023214285714285715,0.45686738106892294,0.3612181132277431,0.13956518192201012,0.9317077329695627,11729,iscx,mendeley,ddqn,11,default,5e-324,66.89032820006832,0.00929720001295209
119,5481,623,5506,0.4795805268991389,0.5011377082006007,0.898352096589982,0.6433746202383734,0.97875,0.02125,0.459801048294991,0.3612181132277431,0.13956518192201012,0.9367379998294825,11729,iscx,mendeley,ddqn,11,validation_f1,-0.07360076904296875,66.89032820006832,0.00929720001295209
215,5385,1315,4814,0.4287663057379146,0.47200705951563876,0.7854462391907325,0.5896619304262616,0.9616071428571429,0.038392857142857145,0.4119195481667948,0.3612181132277431,0.13956518192201012,0.8695540966834342,11729,iscx,mendeley,ddqn,11,validation_fpr_limit,1.1480140686035156,66.89032820006832,0.00929720001295209
0,1556,0,1517,0.4936544093719492,0.4936544093719492,1.0,0.6610021786492375,1.0,0.0,0.5,0.4936544093719492,0.5,1.0,3073,iscx,iscx,always_malicious,23,default,0.5000000000000001,6.620003841817379e-05,4.0800077840685844e-05
0,1556,0,1517,0.4936544093719492,0.4936544093719492,1.0,0.6610021786492375,1.0,0.0,0.5,0.4936544093719492,0.5,1.0,3073,iscx,iscx,always_malicious,23,validation_f1,1.0,6.620003841817379e-05,4.0800077840685844e-05
1556,0,1517,0,0.5063455906280507,0.0,0.0,0.0,0.0,1.0,0.5,0.4936544093719492,0.5,0.0,3073,iscx,iscx,always_malicious,23,validation_fpr_limit,1.0000000000000002,6.620003841817379e-05,4.0800077840685844e-05
0,5600,0,6129,0.5225509421093018,0.5225509421093018,1.0,0.6864150520775003,1.0,0.0,0.5,0.5225509421093018,0.5,1.0,11729,iscx,mendeley,always_malicious,23,default,0.5000000000000001,6.620003841817379e-05,5.460018292069435e-05
0,5600,0,6129,0.5225509421093018,0.5225509421093018,1.0,0.6864150520775003,1.0,0.0,0.5,0.5225509421093018,0.5,1.0,11729,iscx,mendeley,always_malicious,23,validation_f1,1.0,6.620003841817379e-05,5.460018292069435e-05
5600,0,6129,0,0.47744905789069825,0.0,0.0,0.0,0.0,1.0,0.5,0.5225509421093018,0.5,0.0,11729,iscx,mendeley,always_malicious,23,validation_fpr_limit,1.0000000000000002,6.620003841817379e-05,5.460018292069435e-05
1364,192,288,1229,0.8438008460787504,0.8648838845883181,0.8101516150296638,0.8366235534377128,0.12339331619537275,0.8766066838046273,0.8433791494171455,0.9406952918396636,0.9345532126897731,0.4624145785876993,3073,iscx,iscx,logistic,23,default,5e-324,0.033085100119933486,0.00045039993710815907
1347,209,278,1239,0.8415229417507322,0.8556629834254144,0.8167435728411339,0.8357504215851602,0.13431876606683804,0.865681233933162,0.841212403387148,0.9406952918396636,0.9345532126897731,0.4712007809957696,3073,iscx,iscx,logistic,23,validation_f1,-0.1349935531616211,0.033085100119933486,0.00045039993710815907
1544,12,726,791,0.7598438008460787,0.9850560398505604,0.5214238628872775,0.6818965517241379,0.007712082262210797,0.9922879177377892,0.7568558903125333,0.9406952918396636,0.9345532126897731,0.26130816791409045,3073,iscx,iscx,logistic,23,validation_fpr_limit,2.9301509857177734,0.033085100119933486,0.00045039993710815907
155,5445,930,5199,0.4564754028476426,0.4884441939120631,0.8482623592755751,0.6199248792702557,0.9723214285714286,0.027678571428571427,0.4379704653520733,0.3535363665992691,0.12712840593897862,0.9074942450336773,11729,iscx,mendeley,logistic,23,default,5e-324,0.033085100119933486,0.0005254000425338745
146,5454,868,5261,0.46099411714553673,0.4909939337377508,0.8583782019905368,0.6246734742341487,0.9739285714285715,0.026071428571428572,0.4422248152809827,0.3535363665992691,0.12712840593897862,0.9135476170176485,11729,iscx,mendeley,logistic,23,validation_f1,-0.1349935531616211,0.033085100119933486,0.0005254000425338745
317,5283,2105,4024,0.3701082786256288,0.43236273772429357,0.656550823951705,0.5213785954910599,0.9433928571428571,0.056607142857142856,0.35657898340442395,0.3535363665992691,0.12712840593897862,0.793503282462273,11729,iscx,mendeley,logistic,23,validation_fpr_limit,2.9301509857177734,0.033085100119933486,0.0005254000425338745
1469,87,170,1347,0.916368369671331,0.9393305439330544,0.8879367172050099,0.9129108776685869,0.055912596401028275,0.9440874035989717,0.9160120604019908,0.9756045462140535,0.9694162389237315,0.4666449723397332,3073,iscx,iscx,random_forest,23,default,0.5000000000000001,0.8978772999253124,0.09031359991058707
1306,250,89,1428,0.8896843475431174,0.8510131108462455,0.9413315754779169,0.8938967136150234,0.16066838046272494,0.8393316195372751,0.890331597507596,0.9756045462140535,0.9694162389237315,0.5460462089163683,3073,iscx,iscx,random_forest,23,validation_f1,0.2537935331173369,0.8978772999253124,0.09031359991058707
1539,17,283,1234,0.902375528799219,0.9864108713029577,0.8134475939353988,0.8916184971098265,0.010925449871465296,0.9890745501285347,0.9012610720319667,0.9756045462140535,0.9694162389237315,0.40709404490725676,3073,iscx,iscx,random_forest,23,validation_fpr_limit,0.7087772017461235,0.8978772999253124,0.09031359991058707
116,5484,575,5554,0.483417171114332,0.5031708642870085,0.906183716756404,0.6470553969825829,0.9792857142857143,0.020714285714285713,0.4634490012353448,0.4147942860258699,0.291807493065753,0.9410861966067013,11729,iscx,mendeley,random_forest,23,default,0.5000000000000001,0.8978772999253124,0.10974569991230965
85,5515,393,5736,0.4962912439253133,0.5098213492134033,0.9358786098874204,0.6600690448791715,0.9848214285714286,0.015178571428571428,0.4755285906579959,0.4147942860258699,0.291807493065753,0.9592463125586154,11729,iscx,mendeley,random_forest,23,validation_f1,0.2537935331173369,0.8978772999253124,0.10974569991230965
170,5430,999,5130,0.45187142978941086,0.48579545454545453,0.8370044052863436,0.6147761998921445,0.9696428571428571,0.030357142857142857,0.4336807740717432,0.4147942860258699,0.291807493065753,0.9003325091653167,11729,iscx,mendeley,random_forest,23,validation_fpr_limit,0.7087772017461235,0.8978772999253124,0.10974569991230965
1456,100,170,1347,0.9121379759192971,0.9308914996544575,0.8879367172050099,0.9089068825910931,0.06426735218508997,0.9357326478149101,0.9118346825099599,0.9724347309990643,0.9664886216707648,0.470875366091767,3073,iscx,iscx,mlp,23,default,5e-324,26.55426250002347,0.0050005000084638596
1305,251,86,1431,0.8903351773511227,0.8507728894173603,0.9433091628213579,0.8946545795561113,0.16131105398457585,0.8386889460154242,0.890999054418391,0.9724347309990643,0.9664886216707648,0.5473478685323788,3073,iscx,iscx,mlp,23,validation_f1,-1.3094737529754639,26.55426250002347,0.0050005000084638596
1545,11,414,1103,0.8616986657988935,0.9901256732495511,0.7270929466051417,0.8384644621816799,0.007069408740359897,0.9929305912596401,0.860011768932391,0.9724347309990643,0.9664886216707648,0.3625122030589001,3073,iscx,iscx,mlp,23,validation_fpr_limit,1.8691457509994507,26.55426250002347,0.0050005000084638596
153,5447,706,5423,0.47540284764259527,0.4988960441582337,0.8848099200522108,0.638037531619507,0.9726785714285714,0.027321428571428573,0.4560656743118197,0.3445657861592427,0.11325307962147169,0.9267627248699803,11729,iscx,mendeley,mlp,23,default,5e-324,26.55426250002347,0.014026900054886937
77,5523,469,5660,0.4891295080569529,0.5061253688634535,0.9234785446239191,0.6538817005545287,0.98625,0.01375,0.46861427231195957,0.3445657861592427,0.11325307962147169,0.9534487168556569,11729,iscx,mendeley,mlp,23,validation_f1,-1.3094737529754639,26.55426250002347,0.014026900054886937
198,5402,1208,4921,0.4364395941683008,0.4767025089605735,0.8029042258117148,0.5982251398006322,0.9646428571428571,0.03535714285714286,0.41913068433442885,0.3445657861592427,0.11325307962147169,0.8801261829652997,11729,iscx,mendeley,mlp,23,validation_fpr_limit,1.8691457509994507,26.55426250002347,0.014026900054886937
1397,159,131,1386,0.9056296778392451,0.8970873786407767,0.9136453526697429,0.9052906596995428,0.10218508997429306,0.8978149100257069,0.9057301313477248,0.9693447439903361,0.9630036959023103,0.5027660266840221,3073,iscx,iscx,dqn,23,default,5e-324,50.13824819982983,0.0031208000145852566
1308,248,109,1408,0.8838268792710706,0.8502415458937198,0.9281476598549769,0.8874881815316735,0.15938303341902313,0.8406169665809768,0.8843823132179769,0.9693447439903361,0.9630036959023103,0.5388870810283111,3073,iscx,iscx,dqn,23,validation_f1,-0.2183837890625,50.13824819982983,0.0031208000145852566
1541,15,463,1054,0.8444516758867556,0.9859681945743686,0.6947923533289387,0.8151585460170147,0.009640102827763496,0.9903598971722365,0.8425761252505877,0.9693447439903361,0.9630036959023103,0.34786853237878296,3073,iscx,iscx,dqn,23,validation_fpr_limit,1.5870857238769531,50.13824819982983,0.0031208000145852566
112,5488,586,5543,0.48213828970926764,0.5024929743450276,0.9043889704682656,0.646037296037296,0.98,0.02,0.4621944852341328,0.48845879057553027,0.3417915268163066,0.940489385284338,11729,iscx,mendeley,dqn,23,default,5e-324,50.13824819982983,0.010029899887740612
104,5496,533,5596,0.48597493392446073,0.5045077533357375,0.9130363844020232,0.649904186748737,0.9814285714285714,0.018571428571428572,0.46580390648672587,0.48845879057553027,0.3417915268163066,0.945690169664933,11729,iscx,mendeley,dqn,23,validation_f1,-0.2183837890625,50.13824819982983,0.010029899887740612
211,5389,1380,4749,0.42288345127461846,0.4684355888735451,0.7748409202153695,0.5838814778385689,0.9623214285714285,0.03767857142857143,0.4062597458219705,0.48845879057553027,0.3417915268163066,0.8643533123028391,11729,iscx,mendeley,dqn,23,validation_fpr_limit,1.5870857238769531,50.13824819982983,0.010029899887740612
1393,163,145,1372,0.8997722095671982,0.8938110749185668,0.9044166117336849,0.8990825688073395,0.10475578406169665,0.8952442159383034,0.8998304138359942,0.9691309072755383,0.9627749261582105,0.49951187764399607,3073,iscx,iscx,ddqn,23,default,5e-324,46.92061959998682,0.003915299894288182
1439,117,162,1355,0.9092092417832737,0.920516304347826,0.8932102834541858,0.9066577450652392,0.07519280205655526,0.9248071979434447,0.9090087406988152,0.9691309072755383,0.9627749261582105,0.4790107386918321,3073,iscx,iscx,ddqn,23,validation_f1,0.19942474365234375,46.92061959998682,0.003915299894288182
1544,12,466,1051,0.8444516758867556,0.9887111947318908,0.6928147659854977,0.8147286821705426,0.007712082262210797,0.9922879177377892,0.8425513418616435,0.9691309072755383,0.9627749261582105,0.34591604295476736,3073,iscx,iscx,ddqn,23,validation_fpr_limit,1.5834121704101562,46.92061959998682,0.003915299894288182
116,5484,603,5526,0.4810299258248785,0.5019073569482289,0.9016152716593245,0.6448450901452827,0.9792857142857143,0.020714285714285713,0.4611647786868051,0.40214507334861044,0.20647287194368694,0.9386989513172479,11729,iscx,mendeley,ddqn,23,default,5e-324,46.92061959998682,0.014812099980190396
140,5460,686,5443,0.47599965896495866,0.49922039805558105,0.8880730951215533,0.6391498356035697,0.975,0.025,0.45653654756077666,0.40214507334861044,0.20647287194368694,0.929576263961122,11729,iscx,mendeley,ddqn,23,validation_f1,0.19942474365234375,46.92061959998682,0.014812099980190396
208,5392,1358,4771,0.4245033677210333,0.4694479976384926,0.7784304127916463,0.58568622636877,0.9628571428571429,0.037142857142857144,0.4077866349672517,0.40214507334861044,0.20647287194368694,0.8664847813112797,11729,iscx,mendeley,ddqn,23,validation_fpr_limit,1.5834121704101562,46.92061959998682,0.014812099980190396
0,1556,0,1517,0.4936544093719492,0.4936544093719492,1.0,0.6610021786492375,1.0,0.0,0.5,0.4936544093719492,0.5,1.0,3073,iscx,iscx,always_malicious,37,default,0.5000000000000001,8.569983765482903e-05,3.5400036722421646e-05
0,1556,0,1517,0.4936544093719492,0.4936544093719492,1.0,0.6610021786492375,1.0,0.0,0.5,0.4936544093719492,0.5,1.0,3073,iscx,iscx,always_malicious,37,validation_f1,1.0,8.569983765482903e-05,3.5400036722421646e-05
1556,0,1517,0,0.5063455906280507,0.0,0.0,0.0,0.0,1.0,0.5,0.4936544093719492,0.5,0.0,3073,iscx,iscx,always_malicious,37,validation_fpr_limit,1.0000000000000002,8.569983765482903e-05,3.5400036722421646e-05
0,5600,0,6129,0.5225509421093018,0.5225509421093018,1.0,0.6864150520775003,1.0,0.0,0.5,0.5225509421093018,0.5,1.0,11729,iscx,mendeley,always_malicious,37,default,0.5000000000000001,8.569983765482903e-05,5.079992115497589e-05
0,5600,0,6129,0.5225509421093018,0.5225509421093018,1.0,0.6864150520775003,1.0,0.0,0.5,0.5225509421093018,0.5,1.0,11729,iscx,mendeley,always_malicious,37,validation_f1,1.0,8.569983765482903e-05,5.079992115497589e-05
5600,0,6129,0,0.47744905789069825,0.0,0.0,0.0,0.0,1.0,0.5,0.5225509421093018,0.5,0.0,11729,iscx,mendeley,always_malicious,37,validation_fpr_limit,1.0000000000000002,8.569983765482903e-05,5.079992115497589e-05
1364,192,288,1229,0.8438008460787504,0.8648838845883181,0.8101516150296638,0.8366235534377128,0.12339331619537275,0.8766066838046273,0.8433791494171455,0.9406952918396636,0.9345532126897731,0.4624145785876993,3073,iscx,iscx,logistic,37,default,5e-324,0.021656099939718843,0.00040360004641115665
1347,209,278,1239,0.8415229417507322,0.8556629834254144,0.8167435728411339,0.8357504215851602,0.13431876606683804,0.865681233933162,0.841212403387148,0.9406952918396636,0.9345532126897731,0.4712007809957696,3073,iscx,iscx,logistic,37,validation_f1,-0.1349935531616211,0.021656099939718843,0.00040360004641115665
1544,12,726,791,0.7598438008460787,0.9850560398505604,0.5214238628872775,0.6818965517241379,0.007712082262210797,0.9922879177377892,0.7568558903125333,0.9406952918396636,0.9345532126897731,0.26130816791409045,3073,iscx,iscx,logistic,37,validation_fpr_limit,2.9301509857177734,0.021656099939718843,0.00040360004641115665
155,5445,930,5199,0.4564754028476426,0.4884441939120631,0.8482623592755751,0.6199248792702557,0.9723214285714286,0.027678571428571427,0.4379704653520733,0.3535363665992691,0.12712840593897862,0.9074942450336773,11729,iscx,mendeley,logistic,37,default,5e-324,0.021656099939718843,0.0005376001354306936
146,5454,868,5261,0.46099411714553673,0.4909939337377508,0.8583782019905368,0.6246734742341487,0.9739285714285715,0.026071428571428572,0.4422248152809827,0.3535363665992691,0.12712840593897862,0.9135476170176485,11729,iscx,mendeley,logistic,37,validation_f1,-0.1349935531616211,0.021656099939718843,0.0005376001354306936
317,5283,2105,4024,0.3701082786256288,0.43236273772429357,0.656550823951705,0.5213785954910599,0.9433928571428571,0.056607142857142856,0.35657898340442395,0.3535363665992691,0.12712840593897862,0.793503282462273,11729,iscx,mendeley,logistic,37,validation_fpr_limit,2.9301509857177734,0.021656099939718843,0.0005376001354306936
1501,55,168,1349,0.9274324764074194,0.9608262108262108,0.8892551087673038,0.9236562820951729,0.03534704370179949,0.9646529562982005,0.9269540325327521,0.9762328722818668,0.9701788047373978,0.45688252521965506,3073,iscx,iscx,random_forest,37,default,0.5000000000000001,1.0145194998476654,0.10582719999365509
1302,254,88,1429,0.8887081028311097,0.8490790255496138,0.9419907712590639,0.893125,0.16323907455012854,0.8367609254498715,0.8893758483544677,0.9762328722818668,0.9701788047373978,0.5476732834363814,3073,iscx,iscx,random_forest,37,validation_f1,0.24720489305035437,1.0145194998476654,0.10582719999365509
1541,15,287,1230,0.9017246989912138,0.9879518072289156,0.8108108108108109,0.8906589427950761,0.009640102827763496,0.9903598971722365,0.9005853539915236,0.9762328722818668,0.9701788047373978,0.40514155548324116,3073,iscx,iscx,random_forest,37,validation_fpr_limit,0.7161513419448043,1.0145194998476654,0.10582719999365509
115,5485,565,5564,0.4841844999573706,0.5035749841614626,0.9078153042910753,0.6478053324019094,0.9794642857142857,0.020535714285714286,0.4641755092883948,0.43145262406959206,0.32059512155327136,0.9420240429704152,11729,iscx,mendeley,random_forest,37,default,0.5000000000000001,1.0145194998476654,0.13837090018205345
85,5515,394,5735,0.4962059851649757,0.5097777777777778,0.9357154511339534,0.6599919443005927,0.9848214285714286,0.015178571428571428,0.4754470112812624,0.43145262406959206,0.32059512155327136,0.9591610537982778,11729,iscx,mendeley,random_forest,37,validation_f1,0.24720489305035437,1.0145194998476654,0.13837090018205345
174,5426,1003,5126,0.45187142978941086,0.4857846853677028,0.8363517702724751,0.6145914513518375,0.9689285714285715,0.031071428571428573,0.4337115994219518,0.43145262406959206,0.32059512155327136,0.8996504390826158,11729,iscx,mendeley,random_forest,37,validation_fpr_limit,0.7161513419448043,1.0145194998476654,0.13837090018205345
1458,98,177,1340,0.910510901399284,0.9318497913769124,0.8833223467369808,0.9069373942470389,0.06298200514138817,0.9370179948586118,0.9101701707977963,0.9726654869003803,0.9671020635030917,0.4679466319557436,3073,iscx,iscx,mlp,37,default,5e-324,33.670322800055146,0.0034430997911840677
1304,252,83,1434,0.8909860071591279,0.8505338078291815,0.9452867501647989,0.895410552606931,0.16195372750642673,0.8380462724935732,0.8916665113291861,0.9726654869003803,0.9671020635030917,0.5486495281483892,3073,iscx,iscx,mlp,37,validation_f1,-1.400486707687378,33.670322800055146,0.0034430997911840677
1540,16,371,1146,0.8740644321509925,0.9862306368330465,0.7554383651944627,0.8555431131019037,0.010282776349614395,0.9897172236503856,0.8725777944224242,0.9726654869003803,0.9671020635030917,0.37813211845102507,3073,iscx,iscx,mlp,37,validation_fpr_limit,1.5044327974319458,33.670322800055146,0.0034430997911840677
156,5444,773,5356,0.4699462869809873,0.49592592592592594,0.8738782835699135,0.6327603520585977,0.9721428571428572,0.027857142857142858,0.45086771321352814,0.3445823684801598,0.11358333041978418,0.9207946116463467,11729,iscx,mendeley,mlp,37,default,5e-324,33.670322800055146,0.013590299990028143
75,5525,467,5662,0.4891295080569529,0.5061231786895504,0.9238048621308533,0.653961653961654,0.9866071428571429,0.013392857142857142,0.4685988596368552,0.3445823684801598,0.11358333041978418,0.9537897518970074,11729,iscx,mendeley,mlp,37,validation_f1,-1.400486707687378,33.670322800055146,0.013590299990028143
188,5412,1133,4996,0.4419814135902464,0.48001537279016143,0.815141132321749,0.6042208381205781,0.9664285714285714,0.03357142857142857,0.4243562804465888,0.3445823684801598,0.11358333041978418,0.8873731775939978,11729,iscx,mendeley,mlp,37,validation_fpr_limit,1.5044327974319458,33.670322800055146,0.013590299990028143
1474,82,200,1317,0.9082329970712658,0.9413867047891351,0.8681608437705999,0.9032921810699589,0.05269922879177378,0.9473007712082262,0.907730807489413,0.9690385773939987,0.9628973603360713,0.455255450699642,3073,iscx,iscx,dqn,37,default,5e-324,52.59890970005654,0.0023131000343710184
1388,168,126,1391,0.9043280182232346,0.8922386144964721,0.916941331575478,0.9044213263979194,0.10796915167095116,0.8920308483290489,0.9044860899522634,0.9690385773939987,0.9628973603360713,0.5073218353400586,3073,iscx,iscx,dqn,37,validation_f1,-0.55364990234375,52.59890970005654,0.0023131000343710184
1539,17,449,1068,0.8483566547347868,0.9843317972350231,0.7040210942649967,0.8209069946195234,0.010925449871465296,0.9890745501285347,0.8465478221967657,0.9690385773939987,0.9628973603360713,0.3530751708428246,3073,iscx,iscx,dqn,37,validation_fpr_limit,0.9159355163574219,52.59890970005654,0.0023131000343710184
154,5446,782,5347,0.4690084406172734,0.4954136940609654,0.8724098547887094,0.6319583973525588,0.9725,0.0275,0.44995492739435466,0.41158373396924813,0.23215607008833877,0.9201978003239832,11729,iscx,mendeley,dqn,37,default,5e-324,52.59890970005654,0.011689200066030025
112,5488,587,5542,0.48205303094893,0.5024478694469628,0.9042258117147985,0.6459583891835189,0.98,0.02,0.4621129058573993,0.41158373396924813,0.23215607008833877,0.9404041265240003,11729,iscx,mendeley,dqn,37,validation_f1,-0.55364990234375,52.59890970005654,0.011689200066030025
207,5393,1337,4792,0.4262085429277858,0.4704958271968581,0.7818567466144558,0.5874708839033959,0.9630357142857143,0.03696428571428571,0.40941051616437074,0.41158373396924813,0.23215607008833877,0.8683604740387075,11729,iscx,mendeley,dqn,37,validation_fpr_limit,0.9159355163574219,52.59890970005654,0.011689200066030025
1475,81,203,1314,0.9075821672632607,0.9419354838709677,0.8661832564271589,0.9024725274725275,0.05205655526992288,0.9479434447300771,0.907063350578618,0.9688251735596813,0.9628516063872514,0.45395379108363165,3073,iscx,iscx,ddqn,37,default,5e-324,92.97791519993916,0.0054085999727249146
1306,250,106,1411,0.8841522941750732,0.8494882600842866,0.9301252471984179,0.8879798615481435,0.16066838046272494,0.8393316195372751,0.8847284333678465,0.9688251735596813,0.9628516063872514,0.5405141555483242,3073,iscx,iscx,ddqn,37,validation_f1,-0.8617744445800781,92.97791519993916,0.0054085999727249146
1544,12,456,1061,0.8477058249267816,0.9888164026095061,0.6994067237969677,0.8193050193050193,0.007712082262210797,0.9922879177377892,0.8458473207673785,0.9688251735596813,0.9628516063872514,0.3491701919947934,3073,iscx,iscx,ddqn,37,validation_fpr_limit,0.7940902709960938,92.97791519993916,0.0054085999727249146
155,5445,807,5322,0.46696223036917045,0.49428810253552524,0.8683308859520313,0.6299715909090909,0.9723214285714286,0.027678571428571427,0.4480047286903014,0.36334285173411174,0.16114661270773606,0.917981072555205,11729,iscx,mendeley,ddqn,37,default,5e-324,92.97791519993916,0.012222399935126305
95,5505,502,5627,0.4878506266518885,0.5054796981674452,0.918094305759504,0.6519900353397833,0.9830357142857142,0.016964285714285713,0.4675292957368949,0.36334285173411174,0.16114661270773606,0.949100520078438,11729,iscx,mendeley,ddqn,37,validation_f1,-0.8617744445800781,92.97791519993916,0.012222399935126305
207,5393,1286,4843,0.4305567397050047,0.47313403673309884,0.7901778430412791,0.5918728994805988,0.9630357142857143,0.03696428571428571,0.4135710643777824,0.36334285173411174,0.16114661270773606,0.8727086708159263,11729,iscx,mendeley,ddqn,37,validation_fpr_limit,0.7940902709960938,92.97791519993916,0.012222399935126305
0,1556,0,1517,0.4936544093719492,0.4936544093719492,1.0,0.6610021786492375,1.0,0.0,0.5,0.4936544093719492,0.5,1.0,3073,iscx,iscx,always_malicious,51,default,0.5000000000000001,8.190004155039787e-05,3.610015846788883e-05
0,1556,0,1517,0.4936544093719492,0.4936544093719492,1.0,0.6610021786492375,1.0,0.0,0.5,0.4936544093719492,0.5,1.0,3073,iscx,iscx,always_malicious,51,validation_f1,1.0,8.190004155039787e-05,3.610015846788883e-05
1556,0,1517,0,0.5063455906280507,0.0,0.0,0.0,0.0,1.0,0.5,0.4936544093719492,0.5,0.0,3073,iscx,iscx,always_malicious,51,validation_fpr_limit,1.0000000000000002,8.190004155039787e-05,3.610015846788883e-05
0,5600,0,6129,0.5225509421093018,0.5225509421093018,1.0,0.6864150520775003,1.0,0.0,0.5,0.5225509421093018,0.5,1.0,11729,iscx,mendeley,always_malicious,51,default,0.5000000000000001,8.190004155039787e-05,7.040007039904594e-05
0,5600,0,6129,0.5225509421093018,0.5225509421093018,1.0,0.6864150520775003,1.0,0.0,0.5,0.5225509421093018,0.5,1.0,11729,iscx,mendeley,always_malicious,51,validation_f1,1.0,8.190004155039787e-05,7.040007039904594e-05
5600,0,6129,0,0.47744905789069825,0.0,0.0,0.0,0.0,1.0,0.5,0.5225509421093018,0.5,0.0,11729,iscx,mendeley,always_malicious,51,validation_fpr_limit,1.0000000000000002,8.190004155039787e-05,7.040007039904594e-05
1364,192,288,1229,0.8438008460787504,0.8648838845883181,0.8101516150296638,0.8366235534377128,0.12339331619537275,0.8766066838046273,0.8433791494171455,0.9406952918396636,0.9345532126897731,0.4624145785876993,3073,iscx,iscx,logistic,51,default,5e-324,0.020524000050500035,0.00046859984286129475
1347,209,278,1239,0.8415229417507322,0.8556629834254144,0.8167435728411339,0.8357504215851602,0.13431876606683804,0.865681233933162,0.841212403387148,0.9406952918396636,0.9345532126897731,0.4712007809957696,3073,iscx,iscx,logistic,51,validation_f1,-0.1349935531616211,0.020524000050500035,0.00046859984286129475
1544,12,726,791,0.7598438008460787,0.9850560398505604,0.5214238628872775,0.6818965517241379,0.007712082262210797,0.9922879177377892,0.7568558903125333,0.9406952918396636,0.9345532126897731,0.26130816791409045,3073,iscx,iscx,logistic,51,validation_fpr_limit,2.9301509857177734,0.020524000050500035,0.00046859984286129475
155,5445,930,5199,0.4564754028476426,0.4884441939120631,0.8482623592755751,0.6199248792702557,0.9723214285714286,0.027678571428571427,0.4379704653520733,0.3535363665992691,0.12712840593897862,0.9074942450336773,11729,iscx,mendeley,logistic,51,default,5e-324,0.020524000050500035,0.0005665000062435865
146,5454,868,5261,0.46099411714553673,0.4909939337377508,0.8583782019905368,0.6246734742341487,0.9739285714285715,0.026071428571428572,0.4422248152809827,0.3535363665992691,0.12712840593897862,0.9135476170176485,11729,iscx,mendeley,logistic,51,validation_f1,-0.1349935531616211,0.020524000050500035,0.0005665000062435865
317,5283,2105,4024,0.3701082786256288,0.43236273772429357,0.656550823951705,0.5213785954910599,0.9433928571428571,0.056607142857142856,0.35657898340442395,0.3535363665992691,0.12712840593897862,0.793503282462273,11729,iscx,mendeley,logistic,51,validation_fpr_limit,2.9301509857177734,0.020524000050500035,0.0005665000062435865
1498,58,169,1348,0.9261308167914091,0.9587482219061166,0.8885959129861569,0.9223400615805679,0.037275064267352186,0.9627249357326478,0.9256604243594024,0.9757089448543063,0.9695128305934626,0.4575333550276603,3073,iscx,iscx,random_forest,51,default,0.5000000000000001,1.502986100036651,0.12454200000502169
1300,256,91,1426,0.8870810283110967,0.8478002378121284,0.9400131839156229,0.8915286026883401,0.16452442159383032,0.8354755784061697,0.8877443811608963,0.9757089448543063,0.9695128305934626,0.5473478685323788,3073,iscx,iscx,random_forest,51,validation_f1,0.24963297656353503,1.502986100036651,0.12454200000502169
1546,10,298,1219,0.8997722095671982,0.9918633034987795,0.8035596572181938,0.887836853605244,0.006426735218508998,0.993573264781491,0.8985664609998424,0.9757089448543063,0.9695128305934626,0.3999349170191995,3073,iscx,iscx,random_forest,51,validation_fpr_limit,0.7356454843020486,1.502986100036651,0.12454200000502169
116,5484,567,5562,0.484099241197033,0.503530689842477,0.9074889867841409,0.6476855895196506,0.9792857142857143,0.020714285714285713,0.4641016362492133,0.43158667704856635,0.3334000973125422,0.9417682666894024,11729,iscx,mendeley,random_forest,51,default,0.5000000000000001,1.502986100036651,0.1735105998814106
85,5515,392,5737,0.496376502685651,0.5098649129043725,0.9360417686408876,0.6601461365859271,0.9848214285714286,0.015178571428571428,0.4756101700347295,0.43158667704856635,0.3334000973125422,0.959331571318953,11729,iscx,mendeley,random_forest,51,validation_f1,0.24963297656353503,1.502986100036651,0.1735105998814106
176,5424,1028,5101,0.4499104783016455,0.48465558194774344,0.8322728014357971,0.6125855650294224,0.9685714285714285,0.03142857142857143,0.43185068643218427,0.43158667704856635,0.3334000973125422,0.8973484525534998,11729,iscx,mendeley,random_forest,51,validation_fpr_limit,0.7356454843020486,1.502986100036651,0.1735105998814106
1454,102,162,1355,0.9140904653433127,0.9299931365820179,0.8932102834541858,0.9112306657700068,0.06555269922879177,0.9344473007712082,0.9138287921126971,0.9727924410897157,0.9666881597253407,0.474129515131793,3073,iscx,iscx,mlp,51,default,5e-324,33.01985919987783,0.0037298998795449734
1320,236,101,1416,0.8903351773511227,0.8571428571428571,0.9334212261041529,0.8936573051435784,0.15167095115681234,0.8483290488431876,0.8908751374736703,0.9727924410897157,0.9666881597253407,0.5375854214123007,3073,iscx,iscx,mlp,51,validation_f1,-1.022915005683899,33.01985919987783,0.0037298998795449734
1542,14,398,1119,0.8659290595509275,0.9876434245366285,0.7376400791034937,0.8445283018867924,0.008997429305912597,0.9910025706940874,0.8643213248987905,0.9727924410897157,0.9666881597253407,0.36869508623494957,3073,iscx,iscx,mlp,51,validation_fpr_limit,2.316795825958252,33.01985919987783,0.0037298998795449734
143,5457,682,5447,0.47659647028732205,0.4995414526779164,0.8887257301354218,0.6395819879058299,0.9744642857142857,0.025535714285714287,0.45713072221056805,0.34344024426397657,0.11557731976784841,0.9296615227214596,11729,iscx,mendeley,mlp,51,default,5e-324,33.01985919987783,0.011640100041404366
87,5513,520,5609,0.48563389888311026,0.504315770544866,0.9151574481970958,0.6502811431221378,0.9844642857142857,0.015535714285714286,0.46534658124140504,0.34344024426397657,0.11557731976784841,0.9482479324750618,11729,iscx,mendeley,mlp,51,validation_f1,-1.022915005683899,33.01985919987783,0.011640100041404366
196,5404,1240,4889,0.4335407963168216,0.4749829981540853,0.7976831457007668,0.5954207770064548,0.965,0.035,0.4163415728503834,0.34344024426397657,0.11557731976784841,0.8775684201551709,11729,iscx,mendeley,mlp,51,validation_fpr_limit,2.316795825958252,33.01985919987783,0.011640100041404366
1459,97,182,1335,0.9092092417832737,0.9322625698324022,0.8800263678312459,0.9053916581892166,0.062339331619537273,0.9376606683804627,0.9088435181058543,0.9694311593727736,0.9632362784754784,0.46599414253172794,3073,iscx,iscx,dqn,51,default,5e-324,55.569039799971506,0.0029360998887568712
1303,253,111,1406,0.8815489749430524,0.8474984930681133,0.926829268292683,0.8853904282115869,0.16259640102827763,0.8374035989717223,0.8821164336322027,0.9694311593727736,0.9632362784754784,0.5398633257403189,3073,iscx,iscx,dqn,51,validation_f1,-0.68658447265625,55.569039799971506,0.0029360998887568712
1546,10,474,1043,0.84249918646274,0.9905033238366572,0.6875411997363217,0.8116731517509728,0.006426735218508998,0.993573264781491,0.8405572322589063,0.9694311593727736,0.9632362784754784,0.3426618939147413,3073,iscx,iscx,dqn,51,validation_fpr_limit,1.3741645812988281,55.569039799971506,0.0029360998887568712
148,5452,722,5407,0.47361241367550516,0.49792798600239435,0.8821993799967368,0.6365669884624441,0.9735714285714285,0.02642857142857143,0.45431397571265414,0.39169061916574965,0.1941242016875277,0.9258248785062665,11729,iscx,mendeley,dqn,51,default,5e-324,55.569039799971506,0.013169000158086419
103,5497,528,5601,0.48631596896581125,0.5046855289241304,0.9138521781693588,0.6502583154350728,0.9816071428571429,0.01839285714285714,0.46612251765610796,0.39169061916574965,0.1941242016875277,0.9462017222269589,11729,iscx,mendeley,dqn,51,validation_f1,-0.68658447265625,55.569039799971506,0.013169000158086419
209,5391,1426,4703,0.41879103077841245,0.4659203487220131,0.7673356175558819,0.5797941194600259,0.9626785714285714,0.037321428571428575,0.40232852306365524,0.39169061916574965,0.1941242016875277,0.8606019268479836,11729,iscx,mendeley,dqn,51,validation_fpr_limit,1.3741645812988281,55.569039799971506,0.013169000158086419
1452,104,167,1350,0.9118125610152945,0.9284731774415406,0.8899143045484509,0.9087849209020532,0.06683804627249357,0.9331619537275064,0.9115381291379787,0.968913717300228,0.9627393397535726,0.4731532704197852,3073,iscx,iscx,ddqn,51,default,5e-324,46.30844520009123,0.0021102000027894974
1325,231,127,1390,0.883501464367068,0.8574953732264035,0.9162821357943309,0.8859145952836202,0.14845758354755784,0.8515424164524421,0.8839122761233865,0.968913717300228,0.9627393397535726,0.52749755938822,3073,iscx,iscx,ddqn,51,validation_f1,-0.5096855163574219,46.30844520009123,0.0021102000027894974
1542,14,470,1047,0.84249918646274,0.9868049010367578,0.6901779828609097,0.8122575640031032,0.008997429305912597,0.9910025706940874,0.8405902767774985,0.968913717300228,0.9627393397535726,0.3452652131467621,3073,iscx,iscx,ddqn,51,validation_fpr_limit,1.4227256774902344,46.30844520009123,0.0021102000027894974
144,5456,704,5425,0.4748060363202319,0.4985754985754986,0.8851362375591451,0.6378600823045267,0.9742857142857143,0.025714285714285714,0.4554252616367154,0.4635320614462972,0.2720827506234995,0.9277005712336943,11729,iscx,mendeley,ddqn,51,default,5e-324,46.30844520009123,0.010138000128790736
105,5495,537,5592,0.48571915764344786,0.5043744926490484,0.9123837493881547,0.6496282527881041,0.98125,0.01875,0.46556687469407737,0.4635320614462972,0.2720827506234995,0.9452638758632449,11729,iscx,mendeley,ddqn,51,validation_f1,-0.5096855163574219,46.30844520009123,0.010138000128790736
209,5391,1392,4737,0.42168982862989174,0.4677132701421801,0.7728830151737641,0.582764347665621,0.9626785714285714,0.037321428571428575,0.40510222187259637,0.4635320614462972,0.2720827506234995,0.8635007246994628,11729,iscx,mendeley,ddqn,51,validation_fpr_limit,1.4227256774902344,46.30844520009123,0.010138000128790736
0,1556,0,1517,0.4936544093719492,0.4936544093719492,1.0,0.6610021786492375,1.0,0.0,0.5,0.4936544093719492,0.5,1.0,3073,iscx,iscx,always_malicious,71,default,0.5000000000000001,7.84001313149929e-05,2.869986928999424e-05
0,1556,0,1517,0.4936544093719492,0.4936544093719492,1.0,0.6610021786492375,1.0,0.0,0.5,0.4936544093719492,0.5,1.0,3073,iscx,iscx,always_malicious,71,validation_f1,1.0,7.84001313149929e-05,2.869986928999424e-05
1556,0,1517,0,0.5063455906280507,0.0,0.0,0.0,0.0,1.0,0.5,0.4936544093719492,0.5,0.0,3073,iscx,iscx,always_malicious,71,validation_fpr_limit,1.0000000000000002,7.84001313149929e-05,2.869986928999424e-05
0,5600,0,6129,0.5225509421093018,0.5225509421093018,1.0,0.6864150520775003,1.0,0.0,0.5,0.5225509421093018,0.5,1.0,11729,iscx,mendeley,always_malicious,71,default,0.5000000000000001,7.84001313149929e-05,6.340001709759235e-05
0,5600,0,6129,0.5225509421093018,0.5225509421093018,1.0,0.6864150520775003,1.0,0.0,0.5,0.5225509421093018,0.5,1.0,11729,iscx,mendeley,always_malicious,71,validation_f1,1.0,7.84001313149929e-05,6.340001709759235e-05
5600,0,6129,0,0.47744905789069825,0.0,0.0,0.0,0.0,1.0,0.5,0.5225509421093018,0.5,0.0,11729,iscx,mendeley,always_malicious,71,validation_fpr_limit,1.0000000000000002,7.84001313149929e-05,6.340001709759235e-05
1364,192,288,1229,0.8438008460787504,0.8648838845883181,0.8101516150296638,0.8366235534377128,0.12339331619537275,0.8766066838046273,0.8433791494171455,0.9406952918396636,0.9345532126897731,0.4624145785876993,3073,iscx,iscx,logistic,71,default,5e-324,0.021134000038728118,0.0003768999595195055
1347,209,278,1239,0.8415229417507322,0.8556629834254144,0.8167435728411339,0.8357504215851602,0.13431876606683804,0.865681233933162,0.841212403387148,0.9406952918396636,0.9345532126897731,0.4712007809957696,3073,iscx,iscx,logistic,71,validation_f1,-0.1349935531616211,0.021134000038728118,0.0003768999595195055
1544,12,726,791,0.7598438008460787,0.9850560398505604,0.5214238628872775,0.6818965517241379,0.007712082262210797,0.9922879177377892,0.7568558903125333,0.9406952918396636,0.9345532126897731,0.26130816791409045,3073,iscx,iscx,logistic,71,validation_fpr_limit,2.9301509857177734,0.021134000038728118,0.0003768999595195055
155,5445,930,5199,0.4564754028476426,0.4884441939120631,0.8482623592755751,0.6199248792702557,0.9723214285714286,0.027678571428571427,0.4379704653520733,0.3535363665992691,0.12712840593897862,0.9074942450336773,11729,iscx,mendeley,logistic,71,default,5e-324,0.021134000038728118,0.0004569999873638153
146,5454,868,5261,0.46099411714553673,0.4909939337377508,0.8583782019905368,0.6246734742341487,0.9739285714285715,0.026071428571428572,0.4422248152809827,0.3535363665992691,0.12712840593897862,0.9135476170176485,11729,iscx,mendeley,logistic,71,validation_f1,-0.1349935531616211,0.021134000038728118,0.0004569999873638153
317,5283,2105,4024,0.3701082786256288,0.43236273772429357,0.656550823951705,0.5213785954910599,0.9433928571428571,0.056607142857142856,0.35657898340442395,0.3535363665992691,0.12712840593897862,0.793503282462273,11729,iscx,mendeley,logistic,71,validation_fpr_limit,2.9301509857177734,0.021134000038728118,0.0004569999873638153
1479,77,169,1348,0.9199479336153595,0.9459649122807018,0.8885959129861569,0.9163834126444595,0.04948586118251928,0.9505141388174807,0.9195550259018188,0.9754972531389774,0.9693050314092386,0.4637162382037097,3073,iscx,iscx,random_forest,71,default,0.5000000000000001,1.0213266001082957,0.09222959983162582
1311,245,95,1422,0.8893589326391149,0.8530293941211757,0.9373764007910349,0.8932160804020101,0.15745501285347044,0.8425449871465296,0.8899606939687823,0.9754972531389774,0.9693050314092386,0.5424666449723398,3073,iscx,iscx,random_forest,71,validation_f1,0.26492452893438345,1.0213266001082957,0.09222959983162582
1540,16,276,1241,0.9049788480312398,0.9872712808273667,0.8180619644034278,0.8947368421052632,0.010282776349614395,0.9897172236503856,0.9038895940269067,0.9754972531389774,0.9693050314092386,0.40904653433127236,3073,iscx,iscx,random_forest,71,validation_fpr_limit,0.7141154003941429,1.0213266001082957,0.09222959983162582
123,5477,602,5527,0.4817119959075795,0.5022719011268629,0.9017784304127916,0.6451876495651666,0.9780357142857142,0.021964285714285714,0.46187135806353863,0.44978033518701044,0.3467708260494604,0.9381873987552221,11729,iscx,mendeley,random_forest,71,default,0.5000000000000001,1.0213266001082957,0.13401550007984042
92,5508,405,5724,0.4958649501236252,0.5096153846153846,0.933920704845815,0.6594090202177294,0.9835714285714285,0.016428571428571428,0.47517463813719324,0.44978033518701044,0.3467708260494604,0.9576263961122006,11729,iscx,mendeley,random_forest,71,validation_f1,0.26492452893438345,1.0213266001082957,0.13401550007984042
172,5428,1004,5125,0.451615653508398,0.4856438927319246,0.836188611519008,0.6144347200575471,0.9692857142857143,0.030714285714285715,0.43345144861664686,0.44978033518701044,0.3467708260494604,0.8997356978429534,11729,iscx,mendeley,random_forest,71,validation_fpr_limit,0.7141154003941429,1.0213266001082957,0.13401550007984042
1510,46,236,1281,0.9082329970712658,0.9653353428786737,0.8444297956493079,0.9008438818565401,0.02956298200514139,0.9704370179948586,0.9074334068220833,0.9716932866366379,0.965598961554821,0.4318255776114546,3073,iscx,iscx,mlp,71,default,5e-324,31.78383419988677,0.004617600003257394
1315,241,99,1418,0.8893589326391149,0.8547317661241712,0.934739617666447,0.8929471032745592,0.15488431876606684,0.8451156812339332,0.8899276494501901,0.9716932866366379,0.965598961554821,0.5398633257403189,3073,iscx,iscx,mlp,71,validation_f1,-1.6818387508392334,31.78383419988677,0.004617600003257394
1543,13,411,1106,0.8620240807028962,0.9883824843610366,0.7290705339485827,0.8391502276176024,0.008354755784061696,0.9916452442159382,0.8603578890822605,0.9716932866366379,0.965598961554821,0.3641392775789131,3073,iscx,iscx,mlp,71,validation_fpr_limit,1.1804901361465454,31.78383419988677,0.004617600003257394
160,5440,836,5293,0.4649160201210674,0.49315196124103233,0.8635992821014847,0.6278021587000355,0.9714285714285714,0.02857142857142857,0.44608535533645666,0.3436911228578797,0.11510203249190033,0.9150822747037258,11729,iscx,mendeley,mlp,71,default,5e-324,31.78383419988677,0.012816899921745062
85,5515,516,5613,0.48580441640378547,0.5044033069734004,0.9158100832109642,0.6505186301211102,0.9848214285714286,0.015178571428571428,0.4654943273197678,0.3436911228578797,0.11510203249190033,0.9487594850370875,11729,iscx,mendeley,mlp,71,validation_f1,-1.6818387508392334,31.78383419988677,0.012816899921745062
194,5406,1233,4896,0.4339670901185097,0.4752475247524752,0.7988252569750367,0.5959466861420486,0.9653571428571428,0.03464285714285714,0.41673405705894695,0.3436911228578797,0.11510203249190033,0.8783357489982095,11729,iscx,mendeley,mlp,71,validation_fpr_limit,1.1804901361465454,31.78383419988677,0.012816899921745062
1442,114,162,1355,0.9101854864952815,0.9223961878829136,0.8932102834541858,0.9075686537173476,0.07326478149100257,0.9267352185089974,0.9099727509815916,0.9697056177555021,0.9636501822532295,0.4780344939798243,3073,iscx,iscx,dqn,71,default,5e-324,58.44744769996032,0.003481999970972538
1329,227,118,1399,0.8877318581191018,0.8603936039360394,0.9222148978246539,0.8902322621699014,0.14588688946015424,0.8541131105398457,0.8881640041822498,0.9697056177555021,0.9636501822532295,0.5291246339082329,3073,iscx,iscx,dqn,71,validation_f1,-0.45145416259765625,58.44744769996032,0.003481999970972538
1546,10,456,1061,0.8483566547347868,0.9906629318394025,0.6994067237969677,0.8199381761978362,0.006426735218508998,0.993573264781491,0.8464899942892293,0.9697056177555021,0.9636501822532295,0.34851936218678814,3073,iscx,iscx,dqn,71,validation_fpr_limit,1.407073974609375,58.44744769996032,0.003481999970972538
143,5457,714,5415,0.473868189956518,0.4980684326710817,0.8835046500244738,0.637021351685195,0.9744642857142857,0.025535714285714287,0.45452018215509404,0.36095781714031244,0.148500206861991,0.9269332423906557,11729,iscx,mendeley,dqn,71,default,5e-324,58.44744769996032,0.007808299968019128
105,5495,561,5568,0.4836729473953449,0.5032992859079816,0.9084679393049437,0.6477431363424849,0.98125,0.01875,0.4636089696524719,0.36095781714031244,0.148500206861991,0.943217665615142,11729,iscx,mendeley,dqn,71,validation_f1,-0.45145416259765625,58.44744769996032,0.007808299968019128
212,5388,1425,4704,0.419132065819763,0.4661117717003567,0.767498776309349,0.5799889032735344,0.9621428571428572,0.03785714285714286,0.4026779595832459,0.36095781714031244,0.148500206861991,0.8604314093273083,11729,iscx,mendeley,dqn,71,validation_fpr_limit,1.407073974609375,58.44744769996032,0.007808299968019128
1462,94,185,1332,0.9092092417832737,0.9340813464235624,0.8780487804878049,0.9051987767584098,0.060411311053984576,0.9395886889460154,0.9088187347169101,0.9695550184398446,0.963386249752166,0.46404165310771234,3073,iscx,iscx,ddqn,71,default,5e-324,49.837210500147194,0.0038288000505417585
1320,236,114,1403,0.8861047835990888,0.8560097620500305,0.924851680949242,0.8891001267427123,0.15167095115681234,0.8483290488431876,0.8865903648962148,0.9695550184398446,0.963386249752166,0.5333550276602669,3073,iscx,iscx,ddqn,71,validation_f1,-0.6124000549316406,49.837210500147194,0.0038288000505417585
1544,12,448,1069,0.8503091441588024,0.9888991674375578,0.7046802900461437,0.8229407236335643,0.007712082262210797,0.9922879177377892,0.8484841038919665,0.9695550184398446,0.963386249752166,0.35177351122681416,3073,iscx,iscx,ddqn,71,validation_fpr_limit,1.2538719177246094,49.837210500147194,0.0038288000505417585
151,5449,743,5386,0.4720777559894279,0.49709275496077526,0.8787730461739273,0.634991747229427,0.9730357142857143,0.026964285714285715,0.45286866594410646,0.3860121410232957,0.1845552758548353,0.9237786682581636,11729,iscx,mendeley,ddqn,71,default,5e-324,49.837210500147194,0.012607899960130453
104,5496,546,5583,0.4848665700400716,0.503926347143244,0.9109153206069506,0.648884239888424,0.9814285714285714,0.018571428571428572,0.4647433745891896,0.3860121410232957,0.1845552758548353,0.944581805780544,11729,iscx,mendeley,ddqn,71,validation_f1,-0.6124000549316406,49.837210500147194,0.012607899960130453
212,5388,1357,4772,0.42492966152272144,0.4696850393700787,0.7785935715451134,0.5859168764196697,0.9621428571428572,0.03785714285714286,0.4082253572011281,0.3860121410232957,0.1845552758548353,0.8662290050302669,11729,iscx,mendeley,ddqn,71,validation_fpr_limit,1.2538719177246094,49.837210500147194,0.012607899960130453
0,1556,0,1517,0.4936544093719492,0.4936544093719492,1.0,0.6610021786492375,1.0,0.0,0.5,0.4936544093719492,0.5,1.0,3073,mendeley,iscx,always_malicious,11,default,0.5000000000000001,8.130003698170185e-05,6.410013884305954e-05
0,1556,0,1517,0.4936544093719492,0.4936544093719492,1.0,0.6610021786492375,1.0,0.0,0.5,0.4936544093719492,0.5,1.0,3073,mendeley,iscx,always_malicious,11,validation_f1,1.0,8.130003698170185e-05,6.410013884305954e-05
1556,0,1517,0,0.5063455906280507,0.0,0.0,0.0,0.0,1.0,0.5,0.4936544093719492,0.5,0.0,3073,mendeley,iscx,always_malicious,11,validation_fpr_limit,1.0000000000000002,8.130003698170185e-05,6.410013884305954e-05
0,5600,0,6129,0.5225509421093018,0.5225509421093018,1.0,0.6864150520775003,1.0,0.0,0.5,0.5225509421093018,0.5,1.0,11729,mendeley,mendeley,always_malicious,11,default,0.5000000000000001,8.130003698170185e-05,7.459986954927444e-05
0,5600,0,6129,0.5225509421093018,0.5225509421093018,1.0,0.6864150520775003,1.0,0.0,0.5,0.5225509421093018,0.5,1.0,11729,mendeley,mendeley,always_malicious,11,validation_f1,1.0,8.130003698170185e-05,7.459986954927444e-05
5600,0,6129,0,0.47744905789069825,0.0,0.0,0.0,0.0,1.0,0.5,0.5225509421093018,0.5,0.0,11729,mendeley,mendeley,always_malicious,11,validation_fpr_limit,1.0000000000000002,8.130003698170185e-05,7.459986954927444e-05
3,1553,1,1516,0.49430523917995445,0.4939719778429456,0.999340804218853,0.6611426079372001,0.9980719794344473,0.0019280205655526992,0.5006344123922029,0.5157366905363512,0.33677998959521316,0.9986983403839896,3073,mendeley,iscx,logistic,11,default,5e-324,0.0626199000980705,0.0005554999224841595
2,1554,0,1517,0.49430523917995445,0.4939759036144578,1.0,0.6612903225806451,0.9987146529562982,0.0012853470437017994,0.5006426735218509,0.5157366905363512,0.33677998959521316,0.9993491701919948,3073,mendeley,iscx,logistic,11,validation_f1,-0.7554547786712646,0.0626199000980705,0.0005554999224841595
1090,466,1126,391,0.48193947282785554,0.456242707117853,0.25774555042847724,0.32940185341196293,0.2994858611825193,0.7005141388174807,0.479129844622979,0.5157366905363512,0.33677998959521316,0.27888057273023104,3073,mendeley,iscx,logistic,11,validation_fpr_limit,3.159719944000244,0.0626199000980705,0.0005554999224841595
4507,1093,872,5257,0.8324665359365675,0.8278740157480315,0.8577255669766684,0.8425354595720811,0.19517857142857142,0.8048214285714286,0.8312734977740485,0.8709111524761906,0.8939330000233083,0.5413931281439168,11729,mendeley,mendeley,logistic,11,default,5e-324,0.0626199000980705,0.0005407999269664288
4318,1282,586,5543,0.8407366356893171,0.8121611721611721,0.9043889704682656,0.8557974370850703,0.22892857142857143,0.7710714285714285,0.8377301995198471,0.8709111524761906,0.8939330000233083,0.5818910393042885,11729,mendeley,mendeley,logistic,11,validation_f1,-0.7554547786712646,0.0626199000980705,0.0005407999269664288
5509,91,5363,766,0.5349987211185949,0.8938156359393232,0.1249796051558166,0.21929573432579444,0.01625,0.98375,0.5543648025779083,0.8709111524761906,0.8939330000233083,0.07306675760934436,11729,mendeley,mendeley,logistic,11,validation_fpr_limit,3.159719944000244,0.0626199000980705,0.0005407999269664288
0,1556,0,1517,0.4936544093719492,0.4936544093719492,1.0,0.6610021786492375,1.0,0.0,0.5,0.5862936971546616,0.5258564885030494,1.0,3073,mendeley,iscx,random_forest,11,default,0.5000000000000001,2.027354200137779,0.09214799990877509
1,1555,0,1517,0.49397982427595183,0.4938151041666667,1.0,0.6611462192198736,0.9993573264781491,0.0006426735218508997,0.5003213367609255,0.5862936971546616,0.5258564885030494,0.9996745850959974,3073,mendeley,iscx,random_forest,11,validation_f1,0.5390842755685104,2.027354200137779,0.09214799990877509
1005,551,1074,443,0.4712007809957696,0.44567404426559354,0.2920237310481213,0.352847471127041,0.35411311053984573,0.6458868894601543,0.4689553102541378,0.5862936971546616,0.5258564885030494,0.3234624145785877,3073,mendeley,iscx,random_forest,11,validation_fpr_limit,0.9188783815449402,2.027354200137779,0.09214799990877509
4237,1363,491,5638,0.8419302583340438,0.8053135266390515,0.9198890520476424,0.8587966488956588,0.24339285714285713,0.7566071428571428,0.8382480974523926,0.913639524920874,0.9189184031419714,0.5968965811237105,11729,mendeley,mendeley,random_forest,11,default,0.5000000000000001,2.027354200137779,0.17771660001017153
4309,1291,542,5587,0.8437206923011339,0.8123000872346612,0.911567955620819,0.8590758822172676,0.2305357142857143,0.7694642857142857,0.8405161206675524,0.913639524920874,0.9189184031419714,0.5864097536021826,11729,mendeley,mendeley,random_forest,11,validation_f1,0.5390842755685104,2.027354200137779,0.17771660001017153
5555,45,4770,1359,0.5894790689743371,0.967948717948718,0.22173274596182085,0.36081242532855434,0.008035714285714285,0.9919642857142857,0.6068485158380533,0.913639524920874,0.9189184031419714,0.11970329951402507,11729,mendeley,mendeley,random_forest,11,validation_fpr_limit,0.9188783815449402,2.027354200137779,0.17771660001017153
0,1556,0,1517,0.4936544093719492,0.4936544093719492,1.0,0.6610021786492375,1.0,0.0,0.5,0.6153489699041395,0.5413899541274299,1.0,3073,mendeley,iscx,mlp,11,default,5e-324,35.270411300007254,0.0039773001335561275
0,1556,0,1517,0.4936544093719492,0.4936544093719492,1.0,0.6610021786492375,1.0,0.0,0.5,0.6153489699041395,0.5413899541274299,1.0,3073,mendeley,iscx,mlp,11,validation_f1,-0.3909945487976074,35.270411300007254,0.0039773001335561275
1096,460,934,583,0.546371623820371,0.5589645254074784,0.3843111404087014,0.45546875,0.29562982005141386,0.7043701799485861,0.5443406601786438,0.6153489699041395,0.5413899541274299,0.33940774487471526,3073,mendeley,iscx,mlp,11,validation_fpr_limit,2.6787075996398926,35.270411300007254,0.0039773001335561275
4393,1207,610,5519,0.845084832466536,0.8205471305382099,0.9004731603850546,0.8586542201478025,0.21553571428571427,0.7844642857142857,0.8424687230496701,0.9000726977021806,0.9096152949677179,0.5734504220308637,11729,mendeley,mendeley,mlp,11,default,5e-324,35.270411300007254,0.012891300022602081
4213,1387,466,5663,0.8420155170943815,0.8032624113475177,0.9239680208843204,0.8593975263677062,0.24767857142857144,0.7523214285714286,0.8381447247278745,0.9000726977021806,0.9096152949677179,0.601074260380254,11729,mendeley,mendeley,mlp,11,validation_f1,-0.3909945487976074,35.270411300007254,0.012891300022602081
5535,65,4687,1442,0.5948503708756074,0.9568679495686795,0.23527492249959212,0.3776846516500786,0.011607142857142858,0.9883928571428572,0.6118338898212247,0.9000726977021806,0.9096152949677179,0.1284849518288004,11729,mendeley,mendeley,mlp,11,validation_fpr_limit,2.6787075996398926,35.270411300007254,0.012891300022602081
0,1556,0,1517,0.4936544093719492,0.4936544093719492,1.0,0.6610021786492375,1.0,0.0,0.5,0.4806809281724114,0.33951993092848315,1.0,3073,mendeley,iscx,dqn,11,default,5e-324,50.61342790001072,0.003268500091508031
0,1556,0,1517,0.4936544093719492,0.4936544093719492,1.0,0.6610021786492375,1.0,0.0,0.5,0.4806809281724114,0.33951993092848315,1.0,3073,mendeley,iscx,dqn,11,validation_f1,-0.49256134033203125,50.61342790001072,0.003268500091508031
699,857,1065,452,0.3745525545069964,0.34530175706646293,0.2979564930784443,0.3198867657466384,0.550771208226221,0.44922879177377895,0.3735926424261116,0.4806809281724114,0.33951993092848315,0.42596810933940776,3073,mendeley,iscx,dqn,11,validation_fpr_limit,1.5811691284179688,50.61342790001072,0.003268500091508031
4335,1265,586,5543,0.8421860346150567,0.8141891891891891,0.9043889704682656,0.8569220066475999,0.22589285714285715,0.7741071428571429,0.8392480566627043,0.8899668763691668,0.9032352049973196,0.580441640378549,11729,mendeley,mendeley,dqn,11,default,5e-324,50.61342790001072,0.008040999993681908
4189,1411,460,5669,0.8404808594083042,0.8007062146892655,0.9249469734051232,0.8583541524717996,0.2519642857142857,0.7480357142857142,0.8364913438454187,0.8899668763691668,0.9032352049973196,0.6036320231903828,11729,mendeley,mendeley,dqn,11,validation_f1,-0.49256134033203125,50.61342790001072,0.008040999993681908
5543,57,4942,1187,0.5737914570722141,0.9541800643086816,0.19366944036547562,0.32198562321985624,0.01017857142857143,0.9898214285714285,0.5917454344684521,0.8899668763691668,0.9032352049973196,0.10606189786000511,11729,mendeley,mendeley,dqn,11,validation_fpr_limit,1.5811691284179688,50.61342790001072,0.008040999993681908
0,1556,0,1517,0.4936544093719492,0.4936544093719492,1.0,0.6610021786492375,1.0,0.0,0.5,0.4606206851846299,0.31312096157854513,1.0,3073,mendeley,iscx,ddqn,11,default,5e-324,43.38800420006737,0.003369899932295084
0,1556,0,1517,0.4936544093719492,0.4936544093719492,1.0,0.6610021786492375,1.0,0.0,0.5,0.4606206851846299,0.31312096157854513,1.0,3073,mendeley,iscx,ddqn,11,validation_f1,-0.4161872863769531,43.38800420006737,0.003369899932295084
718,838,1090,427,0.3726000650829808,0.3375494071146245,0.2814765985497693,0.30697340043134436,0.538560411311054,0.461439588688946,0.37145809361935767,0.4606206851846299,0.31312096157854513,0.4116498535632932,3073,mendeley,iscx,ddqn,11,validation_fpr_limit,1.6802101135253906,43.38800420006737,0.003369899932295084
4335,1265,587,5542,0.8421007758547191,0.8141618921698252,0.9042258117147985,0.8568336425479283,0.22589285714285715,0.7741071428571429,0.8391664772859707,0.8878657568240956,0.9028376949164394,0.5803563816182112,11729,mendeley,mendeley,ddqn,11,default,5e-324,43.38800420006737,0.011990200029686093
4195,1405,463,5666,0.8407366356893171,0.8013010889548862,0.9244574971447218,0.8584848484848485,0.25089285714285714,0.7491071428571429,0.8367823200009323,0.8878657568240956,0.9028376949164394,0.6028646943473442,11729,mendeley,mendeley,ddqn,11,validation_f1,-0.4161872863769531,43.38800420006737,0.011990200029686093
5542,58,4983,1146,0.5702105891380339,0.9518272425249169,0.18697993147332354,0.3125596618028092,0.010357142857142856,0.9896428571428572,0.5883113943080903,0.8878657568240956,0.9028376949164394,0.10265154744650012,11729,mendeley,mendeley,ddqn,11,validation_fpr_limit,1.6802101135253906,43.38800420006737,0.011990200029686093
0,1556,0,1517,0.4936544093719492,0.4936544093719492,1.0,0.6610021786492375,1.0,0.0,0.5,0.4936544093719492,0.5,1.0,3073,mendeley,iscx,always_malicious,23,default,0.5000000000000001,7.429998368024826e-05,5.91999851167202e-05
0,1556,0,1517,0.4936544093719492,0.4936544093719492,1.0,0.6610021786492375,1.0,0.0,0.5,0.4936544093719492,0.5,1.0,3073,mendeley,iscx,always_malicious,23,validation_f1,1.0,7.429998368024826e-05,5.91999851167202e-05
1556,0,1517,0,0.5063455906280507,0.0,0.0,0.0,0.0,1.0,0.5,0.4936544093719492,0.5,0.0,3073,mendeley,iscx,always_malicious,23,validation_fpr_limit,1.0000000000000002,7.429998368024826e-05,5.91999851167202e-05
0,5600,0,6129,0.5225509421093018,0.5225509421093018,1.0,0.6864150520775003,1.0,0.0,0.5,0.5225509421093018,0.5,1.0,11729,mendeley,mendeley,always_malicious,23,default,0.5000000000000001,7.429998368024826e-05,6.92000612616539e-05
0,5600,0,6129,0.5225509421093018,0.5225509421093018,1.0,0.6864150520775003,1.0,0.0,0.5,0.5225509421093018,0.5,1.0,11729,mendeley,mendeley,always_malicious,23,validation_f1,1.0,7.429998368024826e-05,6.92000612616539e-05
5600,0,6129,0,0.47744905789069825,0.0,0.0,0.0,0.0,1.0,0.5,0.5225509421093018,0.5,0.0,11729,mendeley,mendeley,always_malicious,23,validation_fpr_limit,1.0000000000000002,7.429998368024826e-05,6.92000612616539e-05
3,1553,1,1516,0.49430523917995445,0.4939719778429456,0.999340804218853,0.6611426079372001,0.9980719794344473,0.0019280205655526992,0.5006344123922029,0.5157366905363512,0.33677998959521316,0.9986983403839896,3073,mendeley,iscx,logistic,23,default,5e-324,0.05223809997551143,0.0005077000241726637
2,1554,0,1517,0.49430523917995445,0.4939759036144578,1.0,0.6612903225806451,0.9987146529562982,0.0012853470437017994,0.5006426735218509,0.5157366905363512,0.33677998959521316,0.9993491701919948,3073,mendeley,iscx,logistic,23,validation_f1,-0.7554547786712646,0.05223809997551143,0.0005077000241726637
1090,466,1126,391,0.48193947282785554,0.456242707117853,0.25774555042847724,0.32940185341196293,0.2994858611825193,0.7005141388174807,0.479129844622979,0.5157366905363512,0.33677998959521316,0.27888057273023104,3073,mendeley,iscx,logistic,23,validation_fpr_limit,3.159719944000244,0.05223809997551143,0.0005077000241726637
4507,1093,872,5257,0.8324665359365675,0.8278740157480315,0.8577255669766684,0.8425354595720811,0.19517857142857142,0.8048214285714286,0.8312734977740485,0.8709111524761906,0.8939330000233083,0.5413931281439168,11729,mendeley,mendeley,logistic,23,default,5e-324,0.05223809997551143,0.0004331998061388731
4318,1282,586,5543,0.8407366356893171,0.8121611721611721,0.9043889704682656,0.8557974370850703,0.22892857142857143,0.7710714285714285,0.8377301995198471,0.8709111524761906,0.8939330000233083,0.5818910393042885,11729,mendeley,mendeley,logistic,23,validation_f1,-0.7554547786712646,0.05223809997551143,0.0004331998061388731
5509,91,5363,766,0.5349987211185949,0.8938156359393232,0.1249796051558166,0.21929573432579444,0.01625,0.98375,0.5543648025779083,0.8709111524761906,0.8939330000233083,0.07306675760934436,11729,mendeley,mendeley,logistic,23,validation_fpr_limit,3.159719944000244,0.05223809997551143,0.0004331998061388731
0,1556,0,1517,0.4936544093719492,0.4936544093719492,1.0,0.6610021786492375,1.0,0.0,0.5,0.583121637504182,0.5279840471231781,1.0,3073,mendeley,iscx,random_forest,23,default,0.5000000000000001,2.1770798000507057,0.09102370007894933
0,1556,0,1517,0.4936544093719492,0.4936544093719492,1.0,0.6610021786492375,1.0,0.0,0.5,0.583121637504182,0.5279840471231781,1.0,3073,mendeley,iscx,random_forest,23,validation_f1,0.465054871214327,2.1770798000507057,0.09102370007894933
989,567,1065,452,0.4689228766677514,0.4435721295387635,0.2979564930784443,0.35646687697160884,0.3643958868894602,0.6356041131105399,0.4667803030944921,0.583121637504182,0.5279840471231781,0.3315977871786528,3073,mendeley,iscx,random_forest,23,validation_fpr_limit,0.9200229944487431,2.1770798000507057,0.09102370007894933
4236,1364,484,5645,0.8424418108960696,0.8053930660579255,0.9210311633219123,0.8593393210534328,0.24357142857142858,0.7564285714285715,0.8387298673752419,0.9144348956583281,0.9197922785119922,0.5975786512064114,11729,mendeley,mendeley,random_forest,23,default,0.5000000000000001,2.1770798000507057,0.16773719992488623
4227,1373,482,5647,0.8418449995737062,0.8044159544159544,0.9213574808288465,0.8589246330519431,0.24517857142857144,0.7548214285714285,0.8380894547001375,0.9144348956583281,0.9197922785119922,0.5985164975701254,11729,mendeley,mendeley,random_forest,23,validation_f1,0.465054871214327,2.1770798000507057,0.16773719992488623
5544,56,4694,1435,0.5950208883962828,0.9624413145539906,0.23413281122532223,0.3766404199475066,0.01,0.99,0.6120664056126611,0.9144348956583281,0.9197922785119922,0.12712081166339842,11729,mendeley,mendeley,random_forest,23,validation_fpr_limit,0.9200229944487431,2.1770798000507057,0.16773719992488623
0,1556,0,1517,0.4936544093719492,0.4936544093719492,1.0,0.6610021786492375,1.0,0.0,0.5,0.6351157918447874,0.5613640946733931,1.0,3073,mendeley,iscx,mlp,23,default,5e-324,23.74311659997329,0.002950799884274602
0,1556,0,1517,0.4936544093719492,0.4936544093719492,1.0,0.6610021786492375,1.0,0.0,0.5,0.6351157918447874,0.5613640946733931,1.0,3073,mendeley,iscx,mlp,23,validation_f1,-0.7017288208007812,23.74311659997329,0.002950799884274602
1380,176,997,520,0.6182883176049463,0.7471264367816092,0.34278180619644033,0.4699502937189336,0.11311053984575835,0.8868894601542416,0.614835633175341,0.6351157918447874,0.5613640946733931,0.2264887731858119,3073,mendeley,iscx,mlp,23,validation_fpr_limit,2.368642807006836,23.74311659997329,0.002950799884274602
4383,1217,616,5513,0.8437206923011339,0.8191679049034175,0.8994942078642519,0.8574539233221868,0.21732142857142858,0.7826785714285714,0.8410863896464117,0.8997890101994246,0.9098821178006201,0.5737914570722141,11729,mendeley,mendeley,mlp,23,default,5e-324,23.74311659997329,0.0075309001840651035
4189,1411,458,5671,0.8406513769289794,0.8007624964699237,0.9252732909120575,0.858526985088184,0.2519642857142857,0.7480357142857142,0.8366545025988859,0.8997890101994246,0.9098821178006201,0.6038025407110581,11729,mendeley,mendeley,mlp,23,validation_f1,-0.7017288208007812,23.74311659997329,0.0075309001840651035
5535,65,4792,1337,0.5858982010401569,0.9536376604850214,0.21814325338554413,0.3550657283229319,0.011607142857142858,0.9883928571428572,0.6032680552642007,0.8997890101994246,0.9098821178006201,0.11953278199334981,11729,mendeley,mendeley,mlp,23,validation_fpr_limit,2.368642807006836,23.74311659997329,0.0075309001840651035
0,1556,0,1517,0.4936544093719492,0.4936544093719492,1.0,0.6610021786492375,1.0,0.0,0.5,0.6295590566560961,0.5350102438007637,1.0,3073,mendeley,iscx,dqn,23,default,5e-324,42.2198958999943,0.0029853000305593014
0,1556,0,1517,0.4936544093719492,0.4936544093719492,1.0,0.6610021786492375,1.0,0.0,0.5,0.6295590566560961,0.5350102438007637,1.0,3073,mendeley,iscx,dqn,23,validation_f1,-0.191131591796875,42.2198958999943,0.0029853000305593014
1463,93,1126,391,0.6033192320208266,0.8078512396694215,0.25774555042847724,0.39080459770114945,0.05976863753213368,0.9402313624678663,0.5989884564481718,0.6295590566560961,0.5350102438007637,0.15750081353726,3073,mendeley,iscx,dqn,23,validation_fpr_limit,1.8620376586914062,42.2198958999943,0.0029853000305593014
4240,1360,509,5620,0.8406513769289794,0.8051575931232091,0.9169521944852341,0.8574261957433824,0.24285714285714285,0.7571428571428571,0.8370475258140456,0.8830908423608356,0.8989476988788663,0.5951061471566204,11729,mendeley,mendeley,dqn,23,default,5e-324,42.2198958999943,0.011744200019165874
4194,1406,463,5666,0.8406513769289794,0.8011877828054299,0.9244574971447218,0.8584198166805544,0.25107142857142856,0.7489285714285714,0.8366930342866465,0.8830908423608356,0.8989476988788663,0.6029499531076818,11729,mendeley,mendeley,dqn,23,validation_f1,-0.191131591796875,42.2198958999943,0.011744200019165874
5546,54,5114,1015,0.5593827265751556,0.9494855004677268,0.16560613476913036,0.2820227841066963,0.009642857142857142,0.9903571428571428,0.5779816388131366,0.8830908423608356,0.8989476988788663,0.0911416148009208,11729,mendeley,mendeley,dqn,23,validation_fpr_limit,1.8620376586914062,42.2198958999943,0.011744200019165874
0,1556,0,1517,0.4936544093719492,0.4936544093719492,1.0,0.6610021786492375,1.0,0.0,0.5,0.6253261547470191,0.5279425296511007,1.0,3073,mendeley,iscx,ddqn,23,default,5e-324,40.86799430008978,0.002063299994915724
0,1556,0,1517,0.4936544093719492,0.4936544093719492,1.0,0.6610021786492375,1.0,0.0,0.5,0.6253261547470191,0.5279425296511007,1.0,3073,mendeley,iscx,ddqn,23,validation_f1,-0.21708297729492188,40.86799430008978,0.002063299994915724
1411,145,1119,398,0.5886755613407094,0.7329650092081031,0.2623599208965063,0.3864077669902913,0.09318766066838047,0.9068123393316195,0.5845861301140629,0.6253261547470191,0.5279425296511007,0.1767002928734136,3073,mendeley,iscx,ddqn,23,validation_fpr_limit,1.6066780090332031,40.86799430008978,0.002063299994915724
4315,1285,580,5549,0.8409924119703299,0.811969563944981,0.9053679229890683,0.8561289824886215,0.2294642857142857,0.7705357142857143,0.8379518186373913,0.8836286767322731,0.8994007266391627,0.5826583681473272,11729,mendeley,mendeley,ddqn,23,default,5e-324,40.86799430008978,0.01107220002450049
4189,1411,462,5667,0.840310341887629,0.8006499011020062,0.924620655898189,0.858181267509654,0.2519642857142857,0.7480357142857142,0.8363281850919516,0.8836286767322731,0.8994007266391627,0.6034615056697076,11729,mendeley,mendeley,ddqn,23,validation_f1,-0.21708297729492188,40.86799430008978,0.01107220002450049
5544,56,5090,1039,0.5612584193025834,0.9488584474885845,0.16952194485234132,0.28765227021040973,0.01,0.99,0.5797609724261706,0.8836286767322731,0.8994007266391627,0.09335834256969903,11729,mendeley,mendeley,ddqn,23,validation_fpr_limit,1.6066780090332031,40.86799430008978,0.01107220002450049
0,1556,0,1517,0.4936544093719492,0.4936544093719492,1.0,0.6610021786492375,1.0,0.0,0.5,0.4936544093719492,0.5,1.0,3073,mendeley,iscx,always_malicious,37,default,0.5000000000000001,7.309997454285622e-05,6.0999998822808266e-05
0,1556,0,1517,0.4936544093719492,0.4936544093719492,1.0,0.6610021786492375,1.0,0.0,0.5,0.4936544093719492,0.5,1.0,3073,mendeley,iscx,always_malicious,37,validation_f1,1.0,7.309997454285622e-05,6.0999998822808266e-05
1556,0,1517,0,0.5063455906280507,0.0,0.0,0.0,0.0,1.0,0.5,0.4936544093719492,0.5,0.0,3073,mendeley,iscx,always_malicious,37,validation_fpr_limit,1.0000000000000002,7.309997454285622e-05,6.0999998822808266e-05
0,5600,0,6129,0.5225509421093018,0.5225509421093018,1.0,0.6864150520775003,1.0,0.0,0.5,0.5225509421093018,0.5,1.0,11729,mendeley,mendeley,always_malicious,37,default,0.5000000000000001,7.309997454285622e-05,6.320001557469368e-05
0,5600,0,6129,0.5225509421093018,0.5225509421093018,1.0,0.6864150520775003,1.0,0.0,0.5,0.5225509421093018,0.5,1.0,11729,mendeley,mendeley,always_malicious,37,validation_f1,1.0,7.309997454285622e-05,6.320001557469368e-05
5600,0,6129,0,0.47744905789069825,0.0,0.0,0.0,0.0,1.0,0.5,0.5225509421093018,0.5,0.0,11729,mendeley,mendeley,always_malicious,37,validation_fpr_limit,1.0000000000000002,7.309997454285622e-05,6.320001557469368e-05
3,1553,1,1516,0.49430523917995445,0.4939719778429456,0.999340804218853,0.6611426079372001,0.9980719794344473,0.0019280205655526992,0.5006344123922029,0.5157366905363512,0.33677998959521316,0.9986983403839896,3073,mendeley,iscx,logistic,37,default,5e-324,0.05481739994138479,0.00037070014514029026
2,1554,0,1517,0.49430523917995445,0.4939759036144578,1.0,0.6612903225806451,0.9987146529562982,0.0012853470437017994,0.5006426735218509,0.5157366905363512,0.33677998959521316,0.9993491701919948,3073,mendeley,iscx,logistic,37,validation_f1,-0.7554547786712646,0.05481739994138479,0.00037070014514029026
1090,466,1126,391,0.48193947282785554,0.456242707117853,0.25774555042847724,0.32940185341196293,0.2994858611825193,0.7005141388174807,0.479129844622979,0.5157366905363512,0.33677998959521316,0.27888057273023104,3073,mendeley,iscx,logistic,37,validation_fpr_limit,3.159719944000244,0.05481739994138479,0.00037070014514029026
4507,1093,872,5257,0.8324665359365675,0.8278740157480315,0.8577255669766684,0.8425354595720811,0.19517857142857142,0.8048214285714286,0.8312734977740485,0.8709111524761906,0.8939330000233083,0.5413931281439168,11729,mendeley,mendeley,logistic,37,default,5e-324,0.05481739994138479,0.00045510008931159973
4318,1282,586,5543,0.8407366356893171,0.8121611721611721,0.9043889704682656,0.8557974370850703,0.22892857142857143,0.7710714285714285,0.8377301995198471,0.8709111524761906,0.8939330000233083,0.5818910393042885,11729,mendeley,mendeley,logistic,37,validation_f1,-0.7554547786712646,0.05481739994138479,0.00045510008931159973
5509,91,5363,766,0.5349987211185949,0.8938156359393232,0.1249796051558166,0.21929573432579444,0.01625,0.98375,0.5543648025779083,0.8709111524761906,0.8939330000233083,0.07306675760934436,11729,mendeley,mendeley,logistic,37,validation_fpr_limit,3.159719944000244,0.05481739994138479,0.00045510008931159973
0,1556,0,1517,0.4936544093719492,0.4936544093719492,1.0,0.6610021786492375,1.0,0.0,0.5,0.5915272229382023,0.5332817612897869,1.0,3073,mendeley,iscx,random_forest,37,default,0.5000000000000001,2.0514376999344677,0.10138779995031655
0,1556,0,1517,0.4936544093719492,0.4936544093719492,1.0,0.6610021786492375,1.0,0.0,0.5,0.5915272229382023,0.5332817612897869,1.0,3073,mendeley,iscx,random_forest,37,validation_f1,0.4805563865035581,2.0514376999344677,0.10138779995031655
1036,520,1062,455,0.48519362186788156,0.4666666666666667,0.2999340804218853,0.3651685393258427,0.3341902313624679,0.6658097686375322,0.48287192452970873,0.5915272229382023,0.5332817612897869,0.31727953140253823,3073,mendeley,iscx,random_forest,37,validation_fpr_limit,0.9193978794432084,2.0514376999344677,0.10138779995031655
4235,1365,485,5644,0.8422712933753943,0.8052503923526894,0.9208680045684451,0.8591870908814127,0.24375,0.75625,0.8385590022842225,0.9127160412450985,0.917827468358856,0.5975786512064114,11729,mendeley,mendeley,random_forest,37,default,0.5000000000000001,2.0514376999344677,0.16422070004045963
4230,1370,484,5645,0.8419302583340438,0.804704205274412,0.9210311633219123,0.8589470480827754,0.24464285714285713,0.7553571428571428,0.8381941530895276,0.9127160412450985,0.917827468358856,0.5980902037684372,11729,mendeley,mendeley,random_forest,37,validation_f1,0.4805563865035581,2.0514376999344677,0.16422070004045963
5554,46,4698,1431,0.5955324409583085,0.968855788761002,0.23348017621145375,0.37628188272416513,0.008214285714285714,0.9917857142857143,0.612632945248584,0.9127160412450985,0.917827468358856,0.12592718901867167,11729,mendeley,mendeley,random_forest,37,validation_fpr_limit,0.9193978794432084,2.0514376999344677,0.16422070004045963
0,1556,0,1517,0.4936544093719492,0.4936544093719492,1.0,0.6610021786492375,1.0,0.0,0.5,0.6282005148289177,0.5699152111544737,1.0,3073,mendeley,iscx,mlp,37,default,5e-324,28.393182599917054,0.0029245999176055193
0,1556,0,1517,0.4936544093719492,0.4936544093719492,1.0,0.6610021786492375,1.0,0.0,0.5,0.6282005148289177,0.5699152111544737,1.0,3073,mendeley,iscx,mlp,37,validation_f1,0.01471266895532608,28.393182599917054,0.0029245999176055193
1307,249,940,577,0.6130816791409046,0.698547215496368,0.3803559657218194,0.4925309432351686,0.16002570694087404,0.839974293059126,0.6101651293904726,0.6282005148289177,0.5699152111544737,0.26879271070615035,3073,mendeley,iscx,mlp,37,validation_fpr_limit,2.3083155155181885,28.393182599917054,0.0029245999176055193
4246,1354,485,5644,0.8432091397391082,0.8065161474707059,0.9208680045684451,0.8599070617810619,0.2417857142857143,0.7582142857142857,0.8395411451413655,0.8998150336257105,0.9092977181082909,0.5966408048426975,11729,mendeley,mendeley,mlp,37,default,5e-324,28.393182599917054,0.01259390008635819
4250,1350,485,5644,0.8435501747804587,0.8069774092078925,0.9208680045684451,0.8601691686352206,0.24107142857142858,0.7589285714285714,0.8398982879985082,0.8998150336257105,0.9092977181082909,0.5962997698013471,11729,mendeley,mendeley,mlp,37,validation_f1,0.01471266895532608,28.393182599917054,0.01259390008635819
5533,67,4699,1430,0.5936567482308808,0.9552438209752839,0.2333170174579866,0.3750327825858904,0.011964285714285714,0.9880357142857142,0.6106763658718504,0.8998150336257105,0.9092977181082909,0.12763236422542415,11729,mendeley,mendeley,mlp,37,validation_fpr_limit,2.3083155155181885,28.393182599917054,0.01259390008635819
0,1556,0,1517,0.4936544093719492,0.4936544093719492,1.0,0.6610021786492375,1.0,0.0,0.5,0.4947699726568303,0.3352675673981085,1.0,3073,mendeley,iscx,dqn,37,default,5e-324,47.4713249001652,0.0031973998993635178
0,1556,0,1517,0.4936544093719492,0.4936544093719492,1.0,0.6610021786492375,1.0,0.0,0.5,0.4947699726568303,0.3352675673981085,1.0,3073,mendeley,iscx,dqn,37,validation_f1,-0.21310043334960938,47.4713249001652,0.0031973998993635178
699,857,1050,467,0.3794337780670355,0.3527190332326284,0.3078444297956493,0.3287574797606477,0.550771208226221,0.44922879177377895,0.3785366107847141,0.4947699726568303,0.3352675673981085,0.43084933289944677,3073,mendeley,iscx,dqn,37,validation_fpr_limit,1.8792076110839844,47.4713249001652,0.0031973998993635178
4275,1325,543,5586,0.8407366356893171,0.8082766603964694,0.911404796867352,0.8567484662576688,0.23660714285714285,0.7633928571428571,0.8373988270051045,0.8859675593217212,0.901910792951542,0.5892232926933242,11729,mendeley,mendeley,dqn,37,default,5e-324,47.4713249001652,0.013044800143688917
4194,1406,461,5668,0.8408218944496547,0.8012439920836867,0.924783814651656,0.8585927440733166,0.25107142857142856,0.7489285714285714,0.8368561930401137,0.8859675593217212,0.901910792951542,0.603120470628357,11729,mendeley,mendeley,dqn,37,validation_f1,-0.21310043334960938,47.4713249001652,0.013044800143688917
5517,83,5018,1111,0.5650950635177765,0.9304857621440537,0.18126937510197422,0.3034275570121535,0.014821428571428572,0.9851785714285715,0.5832239732652729,0.8859675593217212,0.901910792951542,0.10179895984312388,11729,mendeley,mendeley,dqn,37,validation_fpr_limit,1.8792076110839844,47.4713249001652,0.013044800143688917
0,1556,0,1517,0.4936544093719492,0.4936544093719492,1.0,0.6610021786492375,1.0,0.0,0.5,0.5035515700128553,0.3573493551235103,1.0,3073,mendeley,iscx,ddqn,37,default,5e-324,50.93052890012041,0.003123900154605508
0,1556,0,1517,0.4936544093719492,0.4936544093719492,1.0,0.6610021786492375,1.0,0.0,0.5,0.5035515700128553,0.3573493551235103,1.0,3073,mendeley,iscx,ddqn,37,validation_f1,-0.17838668823242188,50.93052890012041,0.003123900154605508
708,848,997,520,0.39960950211519686,0.38011695906432746,0.34278180619644033,0.36048526863084923,0.5449871465295629,0.455012853470437,0.3988973298334387,0.5035515700128553,0.3573493551235103,0.44516758867556133,3073,mendeley,iscx,ddqn,37,validation_fpr_limit,1.8815155029296875,50.93052890012041,0.003123900154605508
4274,1326,539,5590,0.8409924119703299,0.8082706766917294,0.9120574318812205,0.8570333461096206,0.2367857142857143,0.7632142857142857,0.837635858797753,0.8870440515796141,0.902033453371559,0.5896495864950123,11729,mendeley,mendeley,ddqn,37,default,5e-324,50.93052890012041,0.014128500130027533
4194,1406,461,5668,0.8408218944496547,0.8012439920836867,0.924783814651656,0.8585927440733166,0.25107142857142856,0.7489285714285714,0.8368561930401137,0.8870440515796141,0.902033453371559,0.603120470628357,11729,mendeley,mendeley,ddqn,37,validation_f1,-0.17838668823242188,50.93052890012041,0.014128500130027533
5520,80,5015,1114,0.5656066160798022,0.932998324958124,0.1817588513623756,0.30424689334972005,0.014285714285714285,0.9857142857142858,0.5837365685383307,0.8870440515796141,0.902033453371559,0.10179895984312388,11729,mendeley,mendeley,ddqn,37,validation_fpr_limit,1.8815155029296875,50.93052890012041,0.014128500130027533
0,1556,0,1517,0.4936544093719492,0.4936544093719492,1.0,0.6610021786492375,1.0,0.0,0.5,0.4936544093719492,0.5,1.0,3073,mendeley,iscx,always_malicious,51,default,0.5000000000000001,8.119991980493069e-05,4.069996066391468e-05
0,1556,0,1517,0.4936544093719492,0.4936544093719492,1.0,0.6610021786492375,1.0,0.0,0.5,0.4936544093719492,0.5,1.0,3073,mendeley,iscx,always_malicious,51,validation_f1,1.0,8.119991980493069e-05,4.069996066391468e-05
1556,0,1517,0,0.5063455906280507,0.0,0.0,0.0,0.0,1.0,0.5,0.4936544093719492,0.5,0.0,3073,mendeley,iscx,always_malicious,51,validation_fpr_limit,1.0000000000000002,8.119991980493069e-05,4.069996066391468e-05
0,5600,0,6129,0.5225509421093018,0.5225509421093018,1.0,0.6864150520775003,1.0,0.0,0.5,0.5225509421093018,0.5,1.0,11729,mendeley,mendeley,always_malicious,51,default,0.5000000000000001,8.119991980493069e-05,8.310005068778992e-05
0,5600,0,6129,0.5225509421093018,0.5225509421093018,1.0,0.6864150520775003,1.0,0.0,0.5,0.5225509421093018,0.5,1.0,11729,mendeley,mendeley,always_malicious,51,validation_f1,1.0,8.119991980493069e-05,8.310005068778992e-05
5600,0,6129,0,0.47744905789069825,0.0,0.0,0.0,0.0,1.0,0.5,0.5225509421093018,0.5,0.0,11729,mendeley,mendeley,always_malicious,51,validation_fpr_limit,1.0000000000000002,8.119991980493069e-05,8.310005068778992e-05
3,1553,1,1516,0.49430523917995445,0.4939719778429456,0.999340804218853,0.6611426079372001,0.9980719794344473,0.0019280205655526992,0.5006344123922029,0.5157366905363512,0.33677998959521316,0.9986983403839896,3073,mendeley,iscx,logistic,51,default,5e-324,0.05702689988538623,0.00040120002813637257
2,1554,0,1517,0.49430523917995445,0.4939759036144578,1.0,0.6612903225806451,0.9987146529562982,0.0012853470437017994,0.5006426735218509,0.5157366905363512,0.33677998959521316,0.9993491701919948,3073,mendeley,iscx,logistic,51,validation_f1,-0.7554547786712646,0.05702689988538623,0.00040120002813637257
1090,466,1126,391,0.48193947282785554,0.456242707117853,0.25774555042847724,0.32940185341196293,0.2994858611825193,0.7005141388174807,0.479129844622979,0.5157366905363512,0.33677998959521316,0.27888057273023104,3073,mendeley,iscx,logistic,51,validation_fpr_limit,3.159719944000244,0.05702689988538623,0.00040120002813637257
4507,1093,872,5257,0.8324665359365675,0.8278740157480315,0.8577255669766684,0.8425354595720811,0.19517857142857142,0.8048214285714286,0.8312734977740485,0.8709111524761906,0.8939330000233083,0.5413931281439168,11729,mendeley,mendeley,logistic,51,default,5e-324,0.05702689988538623,0.00045720022171735764
4318,1282,586,5543,0.8407366356893171,0.8121611721611721,0.9043889704682656,0.8557974370850703,0.22892857142857143,0.7710714285714285,0.8377301995198471,0.8709111524761906,0.8939330000233083,0.5818910393042885,11729,mendeley,mendeley,logistic,51,validation_f1,-0.7554547786712646,0.05702689988538623,0.00045720022171735764
5509,91,5363,766,0.5349987211185949,0.8938156359393232,0.1249796051558166,0.21929573432579444,0.01625,0.98375,0.5543648025779083,0.8709111524761906,0.8939330000233083,0.07306675760934436,11729,mendeley,mendeley,logistic,51,validation_fpr_limit,3.159719944000244,0.05702689988538623,0.00045720022171735764
0,1556,0,1517,0.4936544093719492,0.4936544093719492,1.0,0.6610021786492375,1.0,0.0,0.5,0.5943939928179366,0.542882253060007,1.0,3073,mendeley,iscx,random_forest,51,default,0.5000000000000001,2.0621392000466585,0.08002640004269779
1,1555,0,1517,0.49397982427595183,0.4938151041666667,1.0,0.6611462192198736,0.9993573264781491,0.0006426735218508997,0.5003213367609255,0.5943939928179366,0.542882253060007,0.9996745850959974,3073,mendeley,iscx,random_forest,51,validation_f1,0.5474299914898527,2.0621392000466585,0.08002640004269779
1008,548,1061,456,0.47640741945981124,0.4541832669322709,0.3005932762030323,0.3617612058706862,0.35218508997429304,0.6478149100257069,0.4742040931143696,0.5943939928179366,0.542882253060007,0.32671656361861373,3073,mendeley,iscx,random_forest,51,validation_fpr_limit,0.919606700195273,2.0621392000466585,0.08002640004269779
4240,1360,492,5637,0.8421007758547191,0.8056309847077319,0.9197258932941752,0.8589059881151913,0.24285714285714285,0.7571428571428571,0.8384343752185162,0.912021592197913,0.9172939392350185,0.5965555460823599,11729,mendeley,mendeley,random_forest,51,default,0.5000000000000001,2.0621392000466585,0.16220220015384257
4349,1251,590,5539,0.843038622218433,0.8157584683357879,0.9037363354543971,0.8574967102716928,0.22339285714285714,0.7766071428571428,0.8401717391557699,0.912021592197913,0.9172939392350185,0.5789069826924716,11729,mendeley,mendeley,random_forest,51,validation_f1,0.5474299914898527,2.0621392000466585,0.16220220015384257
5543,57,4684,1445,0.5957882172393213,0.9620505992010653,0.23576439875999347,0.3787183855326956,0.01017857142857143,0.9898214285714285,0.612792913665711,0.912021592197913,0.9172939392350185,0.12805865802711228,11729,mendeley,mendeley,random_forest,51,validation_fpr_limit,0.919606700195273,2.0621392000466585,0.16220220015384257
0,1556,0,1517,0.4936544093719492,0.4936544093719492,1.0,0.6610021786492375,1.0,0.0,0.5,0.6166157762647768,0.5490355237047819,1.0,3073,mendeley,iscx,mlp,51,default,5e-324,24.734855700051412,0.003213099902495742
0,1556,0,1517,0.4936544093719492,0.4936544093719492,1.0,0.6610021786492375,1.0,0.0,0.5,0.6166157762647768,0.5490355237047819,1.0,3073,mendeley,iscx,mlp,51,validation_f1,-0.49668747186660767,24.734855700051412,0.003213099902495742
1332,224,995,522,0.6033192320208266,0.6997319034852547,0.34410019775873435,0.4613345117101193,0.14395886889460155,0.8560411311053985,0.6000706644320664,0.6166157762647768,0.5490355237047819,0.24275951838594206,3073,mendeley,iscx,mlp,51,validation_fpr_limit,2.485037326812744,24.734855700051412,0.003213099902495742
4346,1254,598,5531,0.8421007758547191,0.8151805453205601,0.9024310654266602,0.8565897475607868,0.22392857142857142,0.7760714285714285,0.8392512469990443,0.8975847798882414,0.9085903957765191,0.5784806888907835,11729,mendeley,mendeley,mlp,51,default,5e-324,24.734855700051412,0.010132799856364727
4196,1404,462,5667,0.8409071532099923,0.8014425116673738,0.924620655898189,0.8586363636363636,0.2507142857142857,0.7492857142857143,0.8369531850919516,0.8975847798882414,0.9085903957765191,0.6028646943473442,11729,mendeley,mendeley,mlp,51,validation_f1,-0.49668747186660767,24.734855700051412,0.010132799856364727
5531,69,4704,1425,0.5930599369085173,0.9538152610441767,0.23250122369065102,0.3738685556867375,0.012321428571428572,0.9876785714285714,0.6100898975596112,0.8975847798882414,0.9085903957765191,0.12737658794441128,11729,mendeley,mendeley,mlp,51,validation_fpr_limit,2.485037326812744,24.734855700051412,0.010132799856364727
0,1556,0,1517,0.4936544093719492,0.4936544093719492,1.0,0.6610021786492375,1.0,0.0,0.5,0.608318065693429,0.4608524130124231,1.0,3073,mendeley,iscx,dqn,51,default,5e-324,43.32344039995223,0.003620400093495846
0,1556,0,1517,0.4936544093719492,0.4936544093719492,1.0,0.6610021786492375,1.0,0.0,0.5,0.608318065693429,0.4608524130124231,1.0,3073,mendeley,iscx,dqn,51,validation_f1,-0.4098548889160156,43.32344039995223,0.003620400093495846
1073,483,1005,512,0.5157826228441262,0.5145728643216081,0.3375082399472643,0.40764331210191085,0.31041131105398456,0.6895886889460154,0.5135484644466399,0.608318065693429,0.4608524130124231,0.32378782948259033,3073,mendeley,iscx,dqn,51,validation_fpr_limit,1.6070518493652344,43.32344039995223,0.003620400093495846
4339,1261,600,5529,0.8413334470116804,0.8142857142857143,0.902104747919726,0.8559486028330366,0.22517857142857142,0.7748214285714285,0.8384630882455772,0.8906929861897808,0.9035465614292708,0.5789069826924716,11729,mendeley,mendeley,dqn,51,default,5e-324,43.32344039995223,0.0070876001846045256
4190,1410,462,5667,0.8403956006479666,0.8007630351844002,0.924620655898189,0.858246251703771,0.2517857142857143,0.7482142857142857,0.8364174708062373,0.8906929861897808,0.9035465614292708,0.60337624690937,11729,mendeley,mendeley,dqn,51,validation_f1,-0.4098548889160156,43.32344039995223,0.0070876001846045256
5548,52,4920,1209,0.5760934436013301,0.9587628865979382,0.1972589329417523,0.32719891745602164,0.009285714285714286,0.9907142857142858,0.593986609328019,0.8906929861897808,0.9035465614292708,0.10751129678574474,11729,mendeley,mendeley,dqn,51,validation_fpr_limit,1.6070518493652344,43.32344039995223,0.0070876001846045256
0,1556,0,1517,0.4936544093719492,0.4936544093719492,1.0,0.6610021786492375,1.0,0.0,0.5,0.4770289345933526,0.34645716159447426,1.0,3073,mendeley,iscx,ddqn,51,default,5e-324,43.70718970010057,0.0021612998098134995
0,1556,0,1517,0.4936544093719492,0.4936544093719492,1.0,0.6610021786492375,1.0,0.0,0.5,0.4770289345933526,0.34645716159447426,1.0,3073,mendeley,iscx,ddqn,51,validation_f1,-0.8853034973144531,43.70718970010057,0.0021612998098134995
704,852,1005,512,0.39570452326716565,0.375366568914956,0.3375082399472643,0.3554321416174939,0.5475578406169666,0.4524421593830334,0.3949751996651488,0.4770289345933526,0.34645716159447426,0.4438659290595509,3073,mendeley,iscx,ddqn,51,validation_fpr_limit,1.5236282348632812,43.70718970010057,0.0021612998098134995
4385,1215,630,5499,0.8426975871770824,0.8190348525469169,0.8972099853157122,0.8563419761737912,0.21696428571428572,0.7830357142857143,0.8401228498007132,0.8908672371205915,0.9034569115213388,0.5724273169068121,11729,mendeley,mendeley,ddqn,51,default,5e-324,43.70718970010057,0.010217400034889579
4024,1576,338,5791,0.8368147327137864,0.786073028369757,0.9448523413281122,0.8581802015411973,0.2814285714285714,0.7185714285714285,0.8317118849497704,0.8908672371205915,0.9034569115213388,0.6281012874072811,11729,mendeley,mendeley,ddqn,51,validation_f1,-0.8853034973144531,43.70718970010057,0.010217400034889579
5548,52,4943,1186,0.5741324921135647,0.9579967689822294,0.19350628161200847,0.32197638115922356,0.009285714285714286,0.9907142857142858,0.5921102836631471,0.8908672371205915,0.9034569115213388,0.10555034529797937,11729,mendeley,mendeley,ddqn,51,validation_fpr_limit,1.5236282348632812,43.70718970010057,0.010217400034889579
0,1556,0,1517,0.4936544093719492,0.4936544093719492,1.0,0.6610021786492375,1.0,0.0,0.5,0.4936544093719492,0.5,1.0,3073,mendeley,iscx,always_malicious,71,default,0.5000000000000001,8.050003089010715e-05,6.0900114476680756e-05
0,1556,0,1517,0.4936544093719492,0.4936544093719492,1.0,0.6610021786492375,1.0,0.0,0.5,0.4936544093719492,0.5,1.0,3073,mendeley,iscx,always_malicious,71,validation_f1,1.0,8.050003089010715e-05,6.0900114476680756e-05
1556,0,1517,0,0.5063455906280507,0.0,0.0,0.0,0.0,1.0,0.5,0.4936544093719492,0.5,0.0,3073,mendeley,iscx,always_malicious,71,validation_fpr_limit,1.0000000000000002,8.050003089010715e-05,6.0900114476680756e-05
0,5600,0,6129,0.5225509421093018,0.5225509421093018,1.0,0.6864150520775003,1.0,0.0,0.5,0.5225509421093018,0.5,1.0,11729,mendeley,mendeley,always_malicious,71,default,0.5000000000000001,8.050003089010715e-05,5.959998816251755e-05
0,5600,0,6129,0.5225509421093018,0.5225509421093018,1.0,0.6864150520775003,1.0,0.0,0.5,0.5225509421093018,0.5,1.0,11729,mendeley,mendeley,always_malicious,71,validation_f1,1.0,8.050003089010715e-05,5.959998816251755e-05
5600,0,6129,0,0.47744905789069825,0.0,0.0,0.0,0.0,1.0,0.5,0.5225509421093018,0.5,0.0,11729,mendeley,mendeley,always_malicious,71,validation_fpr_limit,1.0000000000000002,8.050003089010715e-05,5.959998816251755e-05
3,1553,1,1516,0.49430523917995445,0.4939719778429456,0.999340804218853,0.6611426079372001,0.9980719794344473,0.0019280205655526992,0.5006344123922029,0.5157366905363512,0.33677998959521316,0.9986983403839896,3073,mendeley,iscx,logistic,71,default,5e-324,0.051833099918439984,0.0004344000481069088
2,1554,0,1517,0.49430523917995445,0.4939759036144578,1.0,0.6612903225806451,0.9987146529562982,0.0012853470437017994,0.5006426735218509,0.5157366905363512,0.33677998959521316,0.9993491701919948,3073,mendeley,iscx,logistic,71,validation_f1,-0.7554547786712646,0.051833099918439984,0.0004344000481069088
1090,466,1126,391,0.48193947282785554,0.456242707117853,0.25774555042847724,0.32940185341196293,0.2994858611825193,0.7005141388174807,0.479129844622979,0.5157366905363512,0.33677998959521316,0.27888057273023104,3073,mendeley,iscx,logistic,71,validation_fpr_limit,3.159719944000244,0.051833099918439984,0.0004344000481069088
4507,1093,872,5257,0.8324665359365675,0.8278740157480315,0.8577255669766684,0.8425354595720811,0.19517857142857142,0.8048214285714286,0.8312734977740485,0.8709111524761906,0.8939330000233083,0.5413931281439168,11729,mendeley,mendeley,logistic,71,default,5e-324,0.051833099918439984,0.0006793001666665077
4318,1282,586,5543,0.8407366356893171,0.8121611721611721,0.9043889704682656,0.8557974370850703,0.22892857142857143,0.7710714285714285,0.8377301995198471,0.8709111524761906,0.8939330000233083,0.5818910393042885,11729,mendeley,mendeley,logistic,71,validation_f1,-0.7554547786712646,0.051833099918439984,0.0006793001666665077
5509,91,5363,766,0.5349987211185949,0.8938156359393232,0.1249796051558166,0.21929573432579444,0.01625,0.98375,0.5543648025779083,0.8709111524761906,0.8939330000233083,0.07306675760934436,11729,mendeley,mendeley,logistic,71,validation_fpr_limit,3.159719944000244,0.051833099918439984,0.0006793001666665077
0,1556,0,1517,0.4936544093719492,0.4936544093719492,1.0,0.6610021786492375,1.0,0.0,0.5,0.5880277491354334,0.5335906004443216,1.0,3073,mendeley,iscx,random_forest,71,default,0.5000000000000001,2.0166954998858273,0.09079129993915558
0,1556,0,1517,0.4936544093719492,0.4936544093719492,1.0,0.6610021786492375,1.0,0.0,0.5,0.5880277491354334,0.5335906004443216,1.0,3073,mendeley,iscx,random_forest,71,validation_f1,0.5502416800672907,2.0166954998858273,0.09079129993915558
964,592,1056,461,0.4637162382037097,0.43779677113010446,0.3038892551087673,0.3587548638132296,0.38046272493573263,0.6195372750642674,0.46171326508651733,0.5880277491354334,0.5335906004443216,0.3426618939147413,3073,mendeley,iscx,random_forest,71,validation_fpr_limit,0.9183742407250732,2.0166954998858273,0.09079129993915558
4264,1336,526,5603,0.8412481882513428,0.8074650526012394,0.9141784956762931,0.8575145393327211,0.23857142857142857,0.7614285714285715,0.8378035335524323,0.9144976176064289,0.9198583578071463,0.5916105379827777,11729,mendeley,mendeley,random_forest,71,default,0.5000000000000001,2.0166954998858273,0.1523682998958975
4391,1209,618,5511,0.8442322448631597,0.8200892857142857,0.8991678903573177,0.857809946299323,0.21589285714285714,0.7841071428571429,0.8416375166072303,0.9144976176064289,0.9198583578071463,0.5729388694688379,11729,mendeley,mendeley,random_forest,71,validation_f1,0.5502416800672907,2.0166954998858273,0.1523682998958975
5540,60,4637,1492,0.5995396026941768,0.961340206185567,0.24343286017294827,0.38849108189037884,0.010714285714285714,0.9892857142857143,0.6163592872293313,0.9144976176064289,0.9198583578071463,0.13232159604399352,11729,mendeley,mendeley,random_forest,71,validation_fpr_limit,0.9183742407250732,2.0166954998858273,0.1523682998958975
0,1556,0,1517,0.4936544093719492,0.4936544093719492,1.0,0.6610021786492375,1.0,0.0,0.5,0.6378779520107224,0.5842029407926956,1.0,3073,mendeley,iscx,mlp,71,default,5e-324,23.79149469989352,0.002231899881735444
0,1556,0,1517,0.4936544093719492,0.4936544093719492,1.0,0.6610021786492375,1.0,0.0,0.5,0.6378779520107224,0.5842029407926956,1.0,3073,mendeley,iscx,mlp,71,validation_f1,-0.7734783887863159,23.79149469989352,0.002231899881735444
1339,217,979,538,0.6108037748128864,0.7125827814569536,0.35464733025708634,0.4735915492957746,0.13946015424164523,0.8605398457583547,0.6075935880077206,0.6378779520107224,0.5842029407926956,0.2456882525219655,3073,mendeley,iscx,mlp,71,validation_fpr_limit,2.5874390602111816,23.79149469989352,0.002231899881735444
4388,1212,619,5510,0.8438912098218092,0.8196965188931865,0.8990047316038505,0.8575208155007392,0.21642857142857144,0.7835714285714286,0.8412880800876396,0.9005807532955934,0.9098591007621845,0.5731093869895132,11729,mendeley,mendeley,mlp,71,default,5e-324,23.79149469989352,0.011258099926635623
4186,1414,457,5672,0.8404808594083042,0.8004515946937624,0.9254364496655245,0.858418463866818,0.2525,0.7475,0.8364682248327623,0.9005807532955934,0.9098591007621845,0.6041435757524085,11729,mendeley,mendeley,mlp,71,validation_f1,-0.7734783887863159,23.79149469989352,0.011258099926635623
5537,63,4789,1340,0.586324494841845,0.955096222380613,0.21863272964594552,0.35581518852894317,0.01125,0.98875,0.6036913648229728,0.9005807532955934,0.9098591007621845,0.11961804075368744,11729,mendeley,mendeley,mlp,71,validation_fpr_limit,2.5874390602111816,23.79149469989352,0.011258099926635623
0,1556,0,1517,0.4936544093719492,0.4936544093719492,1.0,0.6610021786492375,1.0,0.0,0.5,0.4449571714251497,0.29920074629774296,1.0,3073,mendeley,iscx,dqn,71,default,5e-324,41.376114999875426,0.002822499955072999
0,1556,0,1517,0.4936544093719492,0.4936544093719492,1.0,0.6610021786492375,1.0,0.0,0.5,0.4449571714251497,0.29920074629774296,1.0,3073,mendeley,iscx,dqn,71,validation_f1,-0.11339950561523438,41.376114999875426,0.002822499955072999
731,825,1158,359,0.3547022453628376,0.3032094594594595,0.23665128543177325,0.26582747130692336,0.5302056555269923,0.4697943444730077,0.3532228149523905,0.4449571714251497,0.29920074629774296,0.38529124633908235,3073,mendeley,iscx,dqn,71,validation_fpr_limit,1.3926467895507812,41.376114999875426,0.002822499955072999
4309,1291,554,5575,0.8426975871770824,0.8119720361200117,0.9096100505792136,0.8580223162754905,0.2305357142857143,0.7694642857142857,0.8395371681467496,0.8895780941749796,0.9037934847213484,0.5853866484781312,11729,mendeley,mendeley,dqn,71,default,5e-324,41.376114999875426,0.007740899920463562
4253,1347,510,5619,0.841674482053031,0.8066322136089578,0.916789035731767,0.8581901489117983,0.2405357142857143,0.7594642857142857,0.8381266607230263,0.8895780941749796,0.9037934847213484,0.5939125245118936,11729,mendeley,mendeley,dqn,71,validation_f1,-0.11339950561523438,41.376114999875426,0.007740899920463562
5546,54,5044,1085,0.5653508397987893,0.9525899912203687,0.17702724751182902,0.298569069895432,0.009642857142857142,0.9903571428571428,0.5836921951844859,0.8895780941749796,0.9037934847213484,0.09710972802455452,11729,mendeley,mendeley,dqn,71,validation_fpr_limit,1.3926467895507812,41.376114999875426,0.007740899920463562
0,1556,1,1516,0.49332899446794665,0.4934895833333333,0.999340804218853,0.6607103944214425,1.0,0.0,0.4996704021094265,0.4415858555174782,0.29289729255244334,0.9996745850959974,3073,mendeley,iscx,ddqn,71,default,5e-324,43.00155759998597,0.0029760999605059624
0,1556,0,1517,0.4936544093719492,0.4936544093719492,1.0,0.6610021786492375,1.0,0.0,0.5,0.4415858555174782,0.29289729255244334,1.0,3073,mendeley,iscx,ddqn,71,validation_f1,-0.25466156005859375,43.00155759998597,0.0029760999605059624
735,821,1200,317,0.3423364790107387,0.27855887521968364,0.2089650626235992,0.23879472693032014,0.5276349614395887,0.4723650385604113,0.34066505059200525,0.4415858555174782,0.29289729255244334,0.3703221607549626,3073,mendeley,iscx,ddqn,71,validation_fpr_limit,1.1673431396484375,43.00155759998597,0.0029760999605059624
4376,1224,617,5512,0.843038622218433,0.8182897862232779,0.8993310491107848,0.8568985619898951,0.21857142857142858,0.7814285714285715,0.8403798102696781,0.8883741352751928,0.9029926374612498,0.57430300963424,11729,mendeley,mendeley,ddqn,71,default,5e-324,43.00155759998597,0.006910900119692087
4221,1379,473,5656,0.8421007758547191,0.8039800995024876,0.9228259096100506,0.8593132786387117,0.24625,0.75375,0.8382879548050253,0.8883741352751928,0.9029926374612498,0.5997953789751898,11729,mendeley,mendeley,ddqn,71,validation_f1,-0.25466156005859375,43.00155759998597,0.006910900119692087
5547,53,5083,1046,0.5621110069059596,0.9517743403093721,0.1706640561266112,0.2894299944659657,0.009464285714285715,0.9905357142857143,0.5805998852061628,0.8883741352751928,0.9029926374612498,0.09369937761104953,11729,mendeley,mendeley,ddqn,71,validation_fpr_limit,1.1673431396484375,43.00155759998597,0.006910900119692087
