tn,fp,fn,tp,accuracy,precision,recall,f1,fpr,specificity,balanced_accuracy,average_precision,roc_auc,predicted_malicious_fraction,n,source,target,model,seed,operating_point,threshold,fit_seconds,inference_seconds
0,1556,0,1517,0.4936544093719492,0.4936544093719492,1.0,0.6610021786492375,1.0,0.0,0.5,0.4936544093719492,0.5,1.0,3073,iscx,iscx,always_malicious,11,default,0.5000000000000001,2.300133928656578e-06,3.4400029107928276e-05
0,1556,0,1517,0.4936544093719492,0.4936544093719492,1.0,0.6610021786492375,1.0,0.0,0.5,0.4936544093719492,0.5,1.0,3073,iscx,iscx,always_malicious,11,validation_f1,1.0,2.300133928656578e-06,3.4400029107928276e-05
1556,0,1517,0,0.5063455906280507,0.0,0.0,0.0,0.0,1.0,0.5,0.4936544093719492,0.5,0.0,3073,iscx,iscx,always_malicious,11,validation_fpr_limit,1.0000000000000002,2.300133928656578e-06,3.4400029107928276e-05
0,5600,0,6129,0.5225509421093018,0.5225509421093018,1.0,0.6864150520775003,1.0,0.0,0.5,0.5225509421093018,0.5,1.0,11729,iscx,mendeley,always_malicious,11,default,0.5000000000000001,2.300133928656578e-06,6.54999166727066e-05
0,5600,0,6129,0.5225509421093018,0.5225509421093018,1.0,0.6864150520775003,1.0,0.0,0.5,0.5225509421093018,0.5,1.0,11729,iscx,mendeley,always_malicious,11,validation_f1,1.0,2.300133928656578e-06,6.54999166727066e-05
5600,0,6129,0,0.47744905789069825,0.0,0.0,0.0,0.0,1.0,0.5,0.5225509421093018,0.5,0.0,11729,iscx,mendeley,always_malicious,11,validation_fpr_limit,1.0000000000000002,2.300133928656578e-06,6.54999166727066e-05
1369,187,319,1198,0.8353400585746827,0.8649819494584837,0.7897165458141068,0.8256374913852516,0.12017994858611825,0.8798200514138818,0.8347682986139943,0.9364943705576451,0.930786137570262,0.4506996420436056,3073,iscx,iscx,logistic,11,default,5e-324,0.02520060003735125,0.0003611999563872814
1298,258,181,1336,0.8571428571428571,0.8381430363864492,0.8806855636123929,0.8588878174220508,0.16580976863753213,0.8341902313624678,0.8574378974874304,0.9364943705576451,0.930786137570262,0.5187113569801497,3073,iscx,iscx,logistic,11,validation_f1,-0.47409725189208984,0.02520060003735125,0.0003611999563872814
1545,11,772,745,0.7452001301659616,0.9854497354497355,0.4911008569545155,0.6555213374395072,0.007069408740359897,0.9929305912596401,0.7420157241070778,0.9364943705576451,0.930786137570262,0.2460136674259681,3073,iscx,iscx,logistic,11,validation_fpr_limit,2.386249542236328,0.02520060003735125,0.0003611999563872814
160,5440,1008,5121,0.450251513342996,0.4848972635167124,0.8355359765051396,0.6136608747753146,0.9714285714285714,0.02857142857142857,0.43205370253828407,0.3515997250176772,0.1256767300654966,0.9004177679256543,11729,iscx,mendeley,logistic,11,default,5e-324,0.02520060003735125,0.0005367998965084553
115,5485,811,5318,0.46321084491431497,0.49227066555586413,0.8676782509381629,0.6281596976139854,0.9794642857142857,0.020535714285714286,0.4441069826119386,0.3515997250176772,0.1256767300654966,0.9210503879273595,11729,iscx,mendeley,logistic,11,validation_f1,-0.47409725189208984,0.02520060003735125,0.0005367998965084553
330,5270,2280,3849,0.3562963594509336,0.42208575501699747,0.6279980420949584,0.5048530954879329,0.9410714285714286,0.05892857142857143,0.3434633067617649,0.3515997250176772,0.1256767300654966,0.7774746355187996,11729,iscx,mendeley,logistic,11,validation_fpr_limit,2.386249542236328,0.02520060003735125,0.0005367998965084553
1414,142,157,1360,0.9027009437032216,0.9054593874833555,0.8965062623599209,0.9009605829744949,0.09125964010282776,0.9087403598971723,0.9026233111285467,0.9706066367614758,0.9643805508436519,0.4887731858119102,3073,iscx,iscx,random_forest,11,default,0.5000000000000001,1.2296622002031654,0.08921250002458692
1506,50,226,1291,0.9101854864952815,0.9627143922445935,0.8510217534607778,0.9034289713086074,0.032133676092544985,0.967866323907455,0.9094440386841164,0.9706066367614758,0.9643805508436519,0.43638138626749107,3073,iscx,iscx,random_forest,11,validation_f1,0.635,1.2296622002031654,0.08921250002458692
1526,30,275,1242,0.900748454279206,0.9764150943396226,0.8187211601845749,0.8906418070993187,0.019280205655526992,0.980719794344473,0.899720477264524,0.9706066367614758,0.9643805508436519,0.4139277578913114,3073,iscx,iscx,random_forest,11,validation_fpr_limit,0.82,1.2296622002031654,0.08921250002458692
110,5490,556,5573,0.48452553499872114,0.5037512428816777,0.9092837330722793,0.648324802233597,0.9803571428571428,0.019642857142857142,0.46446329510756823,0.44961169308164756,0.35696265412675116,0.943217665615142,11729,iscx,mendeley,random_forest,11,default,0.5000000000000001,1.2296622002031654,0.1305439998395741
128,5472,698,5431,0.47395344871685563,0.4981197835458131,0.8861151900799478,0.6377407233442931,0.9771428571428571,0.022857142857142857,0.45448616646854534,0.44961169308164756,0.35696265412675116,0.929576263961122,11729,iscx,mendeley,random_forest,11,validation_f1,0.635,1.2296622002031654,0.1305439998395741
165,5435,960,5169,0.4547702276408901,0.48745756318370426,0.8433675966715615,0.617821072132911,0.9705357142857143,0.029464285714285714,0.4364159411929236,0.44961169308164756,0.35696265412675116,0.9040838946201722,11729,iscx,mendeley,random_forest,11,validation_fpr_limit,0.82,1.2296622002031654,0.1305439998395741
1461,95,210,1307,0.900748454279206,0.9322396576319544,0.8615688859591298,0.8955121616992121,0.061053984575835475,0.9389460154241646,0.9002574506916472,0.9670606661227463,0.9614874608761373,0.4562316954116499,3073,iscx,iscx,mlp,11,default,5e-324,6.295603699982166,0.0037918000016361475
1310,246,105,1412,0.8857793686950862,0.8516284680337757,0.930784442979565,0.8894488188976378,0.15809768637532134,0.8419023136246787,0.8863433783021218,0.9670606661227463,0.9614874608761373,0.5395379108363163,3073,iscx,iscx,mlp,11,validation_f1,-1.3117828369140625,6.295603699982166,0.0037918000016361475
1543,13,495,1022,0.8346892287666775,0.9874396135265701,0.6736980883322347,0.8009404388714734,0.008354755784061696,0.9916452442159382,0.8326716662740865,0.9670606661227463,0.9614874608761373,0.3368044256426944,3073,iscx,iscx,mlp,11,validation_fpr_limit,1.9333173036575317,6.295603699982166,0.0037918000016361475
166,5434,932,5197,0.4572427316906812,0.4888533534004327,0.8479360417686409,0.6201670644391408,0.9703571428571428,0.029642857142857144,0.43878944945574905,0.34438529179595645,0.11044271379623803,0.9063858811492881,11729,iscx,mendeley,mlp,11,default,5e-324,6.295603699982166,0.010810500010848045
110,5490,607,5522,0.48017733822150227,0.501452960406829,0.9009626366454561,0.6443031328393909,0.9803571428571428,0.019642857142857142,0.4603027468941566,0.34438529179595645,0.11044271379623803,0.9388694688379231,11729,iscx,mendeley,mlp,11,validation_f1,-1.3117828369140625,6.295603699982166,0.010810500010848045
227,5373,1589,4540,0.4064285105294569,0.45798446484414407,0.7407407407407407,0.5660142126916843,0.9594642857142858,0.040535714285714286,0.3906382275132275,0.34438529179595645,0.11044271379623803,0.8451700912268736,11729,iscx,mendeley,mlp,11,validation_fpr_limit,1.9333173036575317,6.295603699982166,0.010810500010848045
1428,128,149,1368,0.9098600715912789,0.9144385026737968,0.9017798286090969,0.9080650514437438,0.08226221079691516,0.9177377892030848,0.9097588089060908,0.9646168173351569,0.9593162665455598,0.48682069638789455,3073,iscx,iscx,dqn,11,default,5e-324,5.3569032999221236,0.0031609998550266027
1413,143,138,1379,0.9085584119752684,0.9060446780551905,0.9090309822017139,0.9075353734781179,0.09190231362467867,0.9080976863753213,0.9085643342885176,0.9646168173351569,0.9593162665455598,0.49528148389196225,3073,iscx,iscx,dqn,11,validation_f1,-0.14680200815200806,5.3569032999221236,0.0031609998550266027
1541,15,535,982,0.8210218027985682,0.9849548645937813,0.6473302570863546,0.781225139220366,0.009640102827763496,0.9903598971722365,0.8188450771292956,0.9646168173351569,0.9593162665455598,0.3244386592905955,3073,iscx,iscx,dqn,11,validation_fpr_limit,1.3477914333343506,5.3569032999221236,0.0031609998550266027
136,5464,824,5305,0.46389291499701596,0.4926176989506918,0.8655571871430903,0.6278849567996213,0.9757142857142858,0.024285714285714285,0.44492145071440226,0.3437463200439557,0.10934815164440716,0.9181515900758803,11729,iscx,mendeley,dqn,11,default,5e-324,5.3569032999221236,0.010649999836459756
122,5478,760,5369,0.46815585301389717,0.49497556928182906,0.8759993473649861,0.6325400565504241,0.9782142857142857,0.021785714285714287,0.4488925308253502,0.3437463200439557,0.10934815164440716,0.924801773382215,11729,iscx,mendeley,dqn,11,validation_f1,-0.14680200815200806,5.3569032999221236,0.010649999836459756
238,5362,1696,4433,0.39824366953704493,0.45257784583971417,0.7232827541197585,0.5567696558653604,0.9575,0.0425,0.38289137705987925,0.3437463200439557,0.10934815164440716,0.8351095575070339,11729,iscx,mendeley,dqn,11,validation_fpr_limit,1.3477914333343506,5.3569032999221236,0.010649999836459756
1428,128,149,1368,0.9098600715912789,0.9144385026737968,0.9017798286090969,0.9080650514437438,0.08226221079691516,0.9177377892030848,0.9097588089060908,0.9646168173351569,0.9593162665455598,0.48682069638789455,3073,iscx,iscx,ddqn,11,default,5e-324,6.392200999893248,0.0051969001069664955
1413,143,138,1379,0.9085584119752684,0.9060446780551905,0.9090309822017139,0.9075353734781179,0.09190231362467867,0.9080976863753213,0.9085643342885176,0.9646168173351569,0.9593162665455598,0.49528148389196225,3073,iscx,iscx,ddqn,11,validation_f1,-0.14680200815200806,6.392200999893248,0.0051969001069664955
1541,15,535,982,0.8210218027985682,0.9849548645937813,0.6473302570863546,0.781225139220366,0.009640102827763496,0.9903598971722365,0.8188450771292956,0.9646168173351569,0.9593162665455598,0.3244386592905955,3073,iscx,iscx,ddqn,11,validation_fpr_limit,1.3477914333343506,6.392200999893248,0.0051969001069664955
136,5464,824,5305,0.46389291499701596,0.4926176989506918,0.8655571871430903,0.6278849567996213,0.9757142857142858,0.024285714285714285,0.44492145071440226,0.3437463200439557,0.10934815164440716,0.9181515900758803,11729,iscx,mendeley,ddqn,11,default,5e-324,6.392200999893248,0.011962199816480279
122,5478,760,5369,0.46815585301389717,0.49497556928182906,0.8759993473649861,0.6325400565504241,0.9782142857142857,0.021785714285714287,0.4488925308253502,0.3437463200439557,0.10934815164440716,0.924801773382215,11729,iscx,mendeley,ddqn,11,validation_f1,-0.14680200815200806,6.392200999893248,0.011962199816480279
238,5362,1696,4433,0.39824366953704493,0.45257784583971417,0.7232827541197585,0.5567696558653604,0.9575,0.0425,0.38289137705987925,0.3437463200439557,0.10934815164440716,0.8351095575070339,11729,iscx,mendeley,ddqn,11,validation_fpr_limit,1.3477914333343506,6.392200999893248,0.011962199816480279
0,1556,0,1517,0.4936544093719492,0.4936544093719492,1.0,0.6610021786492375,1.0,0.0,0.5,0.4936544093719492,0.5,1.0,3073,iscx,iscx,always_malicious,23,default,0.5000000000000001,7.140007801353931e-05,2.950010821223259e-05
0,1556,0,1517,0.4936544093719492,0.4936544093719492,1.0,0.6610021786492375,1.0,0.0,0.5,0.4936544093719492,0.5,1.0,3073,iscx,iscx,always_malicious,23,validation_f1,1.0,7.140007801353931e-05,2.950010821223259e-05
1556,0,1517,0,0.5063455906280507,0.0,0.0,0.0,0.0,1.0,0.5,0.4936544093719492,0.5,0.0,3073,iscx,iscx,always_malicious,23,validation_fpr_limit,1.0000000000000002,7.140007801353931e-05,2.950010821223259e-05
0,5600,0,6129,0.5225509421093018,0.5225509421093018,1.0,0.6864150520775003,1.0,0.0,0.5,0.5225509421093018,0.5,1.0,11729,iscx,mendeley,always_malicious,23,default,0.5000000000000001,7.140007801353931e-05,0.00010730000212788582
0,5600,0,6129,0.5225509421093018,0.5225509421093018,1.0,0.6864150520775003,1.0,0.0,0.5,0.5225509421093018,0.5,1.0,11729,iscx,mendeley,always_malicious,23,validation_f1,1.0,7.140007801353931e-05,0.00010730000212788582
5600,0,6129,0,0.47744905789069825,0.0,0.0,0.0,0.0,1.0,0.5,0.5225509421093018,0.5,0.0,11729,iscx,mendeley,always_malicious,23,validation_fpr_limit,1.0000000000000002,7.140007801353931e-05,0.00010730000212788582
1369,187,319,1198,0.8353400585746827,0.8649819494584837,0.7897165458141068,0.8256374913852516,0.12017994858611825,0.8798200514138818,0.8347682986139943,0.9364943705576451,0.930786137570262,0.4506996420436056,3073,iscx,iscx,logistic,23,default,5e-324,0.022805199958384037,0.00048649986274540424
1298,258,181,1336,0.8571428571428571,0.8381430363864492,0.8806855636123929,0.8588878174220508,0.16580976863753213,0.8341902313624678,0.8574378974874304,0.9364943705576451,0.930786137570262,0.5187113569801497,3073,iscx,iscx,logistic,23,validation_f1,-0.47409725189208984,0.022805199958384037,0.00048649986274540424
1545,11,772,745,0.7452001301659616,0.9854497354497355,0.4911008569545155,0.6555213374395072,0.007069408740359897,0.9929305912596401,0.7420157241070778,0.9364943705576451,0.930786137570262,0.2460136674259681,3073,iscx,iscx,logistic,23,validation_fpr_limit,2.386249542236328,0.022805199958384037,0.00048649986274540424
160,5440,1008,5121,0.450251513342996,0.4848972635167124,0.8355359765051396,0.6136608747753146,0.9714285714285714,0.02857142857142857,0.43205370253828407,0.3515997250176772,0.1256767300654966,0.9004177679256543,11729,iscx,mendeley,logistic,23,default,5e-324,0.022805199958384037,0.0007637001108378172
115,5485,811,5318,0.46321084491431497,0.49227066555586413,0.8676782509381629,0.6281596976139854,0.9794642857142857,0.020535714285714286,0.4441069826119386,0.3515997250176772,0.1256767300654966,0.9210503879273595,11729,iscx,mendeley,logistic,23,validation_f1,-0.47409725189208984,0.022805199958384037,0.0007637001108378172
330,5270,2280,3849,0.3562963594509336,0.42208575501699747,0.6279980420949584,0.5048530954879329,0.9410714285714286,0.05892857142857143,0.3434633067617649,0.3515997250176772,0.1256767300654966,0.7774746355187996,11729,iscx,mendeley,logistic,23,validation_fpr_limit,2.386249542236328,0.022805199958384037,0.0007637001108378172
1422,134,167,1350,0.9020501138952164,0.9097035040431267,0.8899143045484509,0.8997000999666778,0.08611825192802057,0.9138817480719794,0.9018980263102152,0.9697389632532099,0.962751201888452,0.48291571753986334,3073,iscx,iscx,random_forest,23,default,0.5000000000000001,1.0080540000926703,0.09072429989464581
1423,133,167,1350,0.902375528799219,0.9103169251517195,0.8899143045484509,0.9,0.08547557840616966,0.9145244215938303,0.9022193630711406,0.9697389632532099,0.962751201888452,0.4825903026358607,3073,iscx,iscx,random_forest,23,validation_f1,0.5171240287490287,1.0080540000926703,0.09072429989464581
1525,31,265,1252,0.9036771884152294,0.9758378799688231,0.8253131179960448,0.8942857142857142,0.01992287917737789,0.9800771208226221,0.9026951194093334,0.9697389632532099,0.962751201888452,0.41750732183534006,3073,iscx,iscx,random_forest,23,validation_fpr_limit,0.7965383295194508,1.0080540000926703,0.09072429989464581
114,5486,574,5555,0.48333191235399436,0.5031247169640432,0.9063468755098711,0.6470588235294118,0.9796428571428571,0.02035714285714286,0.463352009183507,0.4469055092517586,0.35180535160711374,0.9413419728877143,11729,iscx,mendeley,random_forest,23,default,0.5000000000000001,1.0080540000926703,0.18567609996534884
114,5486,581,5548,0.482735101031631,0.5028094979155338,0.9052047642356013,0.6465070209170891,0.9796428571428571,0.02035714285714286,0.46278095354637205,0.4469055092517586,0.35180535160711374,0.9407451615653508,11729,iscx,mendeley,random_forest,23,validation_f1,0.5171240287490287,1.0080540000926703,0.18567609996534884
165,5435,912,5217,0.4588626481370961,0.48976717987232443,0.8511992168379834,0.6217746260651927,0.9705357142857143,0.029464285714285714,0.44033175127613455,0.4469055092517586,0.35180535160711374,0.9081763151163782,11729,iscx,mendeley,random_forest,23,validation_fpr_limit,0.7965383295194508,1.0080540000926703,0.18567609996534884
1449,107,174,1343,0.9085584119752684,0.9262068965517242,0.8852999340804218,0.9052915402763735,0.06876606683804627,0.9312339331619537,0.9082669336211877,0.9667113692031885,0.961297243070395,0.4718516108037748,3073,iscx,iscx,mlp,23,default,5e-324,3.318855300080031,0.0027621998451650143
1347,209,121,1396,0.8926130816791409,0.8697819314641745,0.9202373104812129,0.8942985265855221,0.13431876606683804,0.865681233933162,0.8929592722071875,0.9667113692031885,0.961297243070395,0.5222909209241783,3073,iscx,iscx,mlp,23,validation_f1,-0.7159175276756287,3.318855300080031,0.0027621998451650143
1543,13,491,1026,0.835990888382688,0.987487969201155,0.6763348714568227,0.8028169014084507,0.008354755784061696,0.9916452442159382,0.8339900578363805,0.9667113692031885,0.961297243070395,0.33810608525870484,3073,iscx,iscx,mlp,23,validation_fpr_limit,2.20109486579895,3.318855300080031,0.0027621998451650143
164,5436,832,5297,0.4655980902037684,0.4935246436224727,0.8642519171153532,0.6282765982682956,0.9707142857142858,0.029285714285714286,0.44676881570053373,0.346199571006943,0.11446715556021723,0.9150822747037258,11729,iscx,mendeley,mlp,23,default,5e-324,3.318855300080031,0.01825039996765554
120,5480,639,5490,0.4783016454940745,0.5004557885141294,0.895741556534508,0.6421428153693198,0.9785714285714285,0.02142857142857143,0.45858506398153975,0.346199571006943,0.11446715556021723,0.9352886009037429,11729,iscx,mendeley,mlp,23,validation_f1,-0.7159175276756287,3.318855300080031,0.01825039996765554
227,5373,1541,4588,0.4105209310256629,0.46059632567011344,0.7485723609071626,0.5702921068986948,0.9594642857142858,0.040535714285714286,0.3945540375964385,0.346199571006943,0.11446715556021723,0.8492625117230795,11729,iscx,mendeley,mlp,23,validation_fpr_limit,2.20109486579895,3.318855300080031,0.01825039996765554
1437,119,163,1354,0.9082329970712658,0.9192124915139172,0.8925510876730389,0.905685618729097,0.07647814910025708,0.9235218508997429,0.9080364692863909,0.9655185264836894,0.9600970492092193,0.4793361535958347,3073,iscx,iscx,dqn,23,default,5e-324,7.150102500105277,0.0040982000064104795
1297,259,110,1407,0.8799219004230394,0.8445378151260504,0.9274884640738299,0.884071630537229,0.16645244215938304,0.833547557840617,0.8805180109572235,0.9655185264836894,0.9600970492092193,0.5421412300683371,3073,iscx,iscx,dqn,23,validation_f1,-0.5100147128105164,7.150102500105277,0.0040982000064104795
1543,13,587,930,0.804751057598438,0.9862142099681867,0.6130520764667106,0.7560975609756098,0.008354755784061696,0.9916452442159382,0.8023486603413243,0.9655185264836894,0.9600970492092193,0.3068662544744549,3073,iscx,iscx,dqn,23,validation_fpr_limit,1.4983028173446655,7.150102500105277,0.0040982000064104795
147,5453,861,5268,0.4616761872282377,0.4913720735006063,0.8595203132648067,0.6252818991097923,0.97375,0.02625,0.44288515663240335,0.3466407049376167,0.11391387257301354,0.9140591695796743,11729,iscx,mendeley,dqn,23,default,5e-324,7.150102500105277,0.007845500018447638
113,5487,601,5528,0.48094466706454087,0.5018610985020426,0.9019415891662588,0.6448903406439571,0.9798214285714286,0.020178571428571428,0.4610600802974151,0.3466407049376167,0.11391387257301354,0.939125245118936,11729,iscx,mendeley,dqn,23,validation_f1,-0.5100147128105164,7.150102500105277,0.007845500018447638
243,5357,1756,4373,0.3935544377184756,0.44943473792394656,0.7134932289117311,0.551484961220758,0.9566071428571429,0.04339285714285714,0.3784430430272941,0.3466407049376167,0.11391387257301354,0.8295677380850882,11729,iscx,mendeley,dqn,23,validation_fpr_limit,1.4983028173446655,7.150102500105277,0.007845500018447638
1437,119,163,1354,0.9082329970712658,0.9192124915139172,0.8925510876730389,0.905685618729097,0.07647814910025708,0.9235218508997429,0.9080364692863909,0.9655185264836894,0.9600970492092193,0.4793361535958347,3073,iscx,iscx,ddqn,23,default,5e-324,5.5324289000127465,0.0021734999027103186
1297,259,110,1407,0.8799219004230394,0.8445378151260504,0.9274884640738299,0.884071630537229,0.16645244215938304,0.833547557840617,0.8805180109572235,0.9655185264836894,0.9600970492092193,0.5421412300683371,3073,iscx,iscx,ddqn,23,validation_f1,-0.5100147128105164,5.5324289000127465,0.0021734999027103186
1543,13,587,930,0.804751057598438,0.9862142099681867,0.6130520764667106,0.7560975609756098,0.008354755784061696,0.9916452442159382,0.8023486603413243,0.9655185264836894,0.9600970492092193,0.3068662544744549,3073,iscx,iscx,ddqn,23,validation_fpr_limit,1.4983028173446655,5.5324289000127465,0.0021734999027103186
147,5453,861,5268,0.4616761872282377,0.4913720735006063,0.8595203132648067,0.6252818991097923,0.97375,0.02625,0.44288515663240335,0.3466407049376167,0.11391387257301354,0.9140591695796743,11729,iscx,mendeley,ddqn,23,default,5e-324,5.5324289000127465,0.007772799814119935
113,5487,601,5528,0.48094466706454087,0.5018610985020426,0.9019415891662588,0.6448903406439571,0.9798214285714286,0.020178571428571428,0.4610600802974151,0.3466407049376167,0.11391387257301354,0.939125245118936,11729,iscx,mendeley,ddqn,23,validation_f1,-0.5100147128105164,5.5324289000127465,0.007772799814119935
243,5357,1756,4373,0.3935544377184756,0.44943473792394656,0.7134932289117311,0.551484961220758,0.9566071428571429,0.04339285714285714,0.3784430430272941,0.3466407049376167,0.11391387257301354,0.8295677380850882,11729,iscx,mendeley,ddqn,23,validation_fpr_limit,1.4983028173446655,5.5324289000127465,0.007772799814119935
0,1556,0,1517,0.4936544093719492,0.4936544093719492,1.0,0.6610021786492375,1.0,0.0,0.5,0.4936544093719492,0.5,1.0,3073,iscx,iscx,always_malicious,37,default,0.5000000000000001,7.670000195503235e-05,2.759997732937336e-05
0,1556,0,1517,0.4936544093719492,0.4936544093719492,1.0,0.6610021786492375,1.0,0.0,0.5,0.4936544093719492,0.5,1.0,3073,iscx,iscx,always_malicious,37,validation_f1,1.0,7.670000195503235e-05,2.759997732937336e-05
1556,0,1517,0,0.5063455906280507,0.0,0.0,0.0,0.0,1.0,0.5,0.4936544093719492,0.5,0.0,3073,iscx,iscx,always_malicious,37,validation_fpr_limit,1.0000000000000002,7.670000195503235e-05,2.759997732937336e-05
0,5600,0,6129,0.5225509421093018,0.5225509421093018,1.0,0.6864150520775003,1.0,0.0,0.5,0.5225509421093018,0.5,1.0,11729,iscx,mendeley,always_malicious,37,default,0.5000000000000001,7.670000195503235e-05,8.150003850460052e-05
0,5600,0,6129,0.5225509421093018,0.5225509421093018,1.0,0.6864150520775003,1.0,0.0,0.5,0.5225509421093018,0.5,1.0,11729,iscx,mendeley,always_malicious,37,validation_f1,1.0,7.670000195503235e-05,8.150003850460052e-05
5600,0,6129,0,0.47744905789069825,0.0,0.0,0.0,0.0,1.0,0.5,0.5225509421093018,0.5,0.0,11729,iscx,mendeley,always_malicious,37,validation_fpr_limit,1.0000000000000002,7.670000195503235e-05,8.150003850460052e-05
1369,187,319,1198,0.8353400585746827,0.8649819494584837,0.7897165458141068,0.8256374913852516,0.12017994858611825,0.8798200514138818,0.8347682986139943,0.9364943705576451,0.930786137570262,0.4506996420436056,3073,iscx,iscx,logistic,37,default,5e-324,0.019519299967214465,0.000714499969035387
1298,258,181,1336,0.8571428571428571,0.8381430363864492,0.8806855636123929,0.8588878174220508,0.16580976863753213,0.8341902313624678,0.8574378974874304,0.9364943705576451,0.930786137570262,0.5187113569801497,3073,iscx,iscx,logistic,37,validation_f1,-0.47409725189208984,0.019519299967214465,0.000714499969035387
1545,11,772,745,0.7452001301659616,0.9854497354497355,0.4911008569545155,0.6555213374395072,0.007069408740359897,0.9929305912596401,0.7420157241070778,0.9364943705576451,0.930786137570262,0.2460136674259681,3073,iscx,iscx,logistic,37,validation_fpr_limit,2.386249542236328,0.019519299967214465,0.000714499969035387
160,5440,1008,5121,0.450251513342996,0.4848972635167124,0.8355359765051396,0.6136608747753146,0.9714285714285714,0.02857142857142857,0.43205370253828407,0.3515997250176772,0.1256767300654966,0.9004177679256543,11729,iscx,mendeley,logistic,37,default,5e-324,0.019519299967214465,0.00045510008931159973
115,5485,811,5318,0.46321084491431497,0.49227066555586413,0.8676782509381629,0.6281596976139854,0.9794642857142857,0.020535714285714286,0.4441069826119386,0.3515997250176772,0.1256767300654966,0.9210503879273595,11729,iscx,mendeley,logistic,37,validation_f1,-0.47409725189208984,0.019519299967214465,0.00045510008931159973
330,5270,2280,3849,0.3562963594509336,0.42208575501699747,0.6279980420949584,0.5048530954879329,0.9410714285714286,0.05892857142857143,0.3434633067617649,0.3515997250176772,0.1256767300654966,0.7774746355187996,11729,iscx,mendeley,logistic,37,validation_fpr_limit,2.386249542236328,0.019519299967214465,0.00045510008931159973
1421,135,162,1355,0.9033517735112269,0.9093959731543624,0.8932102834541858,0.9012304622547389,0.08676092544987146,0.9132390745501285,0.9032246790021572,0.9695875570055864,0.9625643732641036,0.48486820696387894,3073,iscx,iscx,random_forest,37,default,0.5000000000000001,1.0832557999528944,0.10546829993836582
1516,40,233,1284,0.9111617312072893,0.9697885196374623,0.8464073829927489,0.9039070749736009,0.02570694087403599,0.974293059125964,0.9103502210593564,0.9695875570055864,0.9625643732641036,0.43084933289944677,3073,iscx,iscx,random_forest,37,validation_f1,0.68,1.0832557999528944,0.10546829993836582
1525,31,271,1246,0.9017246989912138,0.975724353954581,0.8213579433091628,0.8919112383679313,0.01992287917737789,0.9800771208226221,0.9007175320658924,0.9695875570055864,0.9625643732641036,0.41555483241132446,3073,iscx,iscx,random_forest,37,validation_fpr_limit,0.8132380952380952,1.0832557999528944,0.10546829993836582
110,5490,562,5567,0.48401398243669536,0.5034819571312291,0.9083047805514766,0.6478529035261259,0.9803571428571428,0.019642857142857142,0.4639738188471669,0.4410780049342865,0.33964751882152766,0.9427061130531162,11729,iscx,mendeley,random_forest,37,default,0.5000000000000001,1.0832557999528944,0.13728319993242621
132,5468,736,5393,0.4710546508653764,0.4965472792560538,0.8799151574481971,0.6348440258975868,0.9764285714285714,0.023571428571428573,0.45174329300981286,0.4410780049342865,0.33964751882152766,0.9259953960269418,11729,iscx,mendeley,random_forest,37,validation_f1,0.68,1.0832557999528944,0.13728319993242621
165,5435,975,5154,0.4534913462358257,0.48673151383511193,0.8409202153695545,0.6165809307333413,0.9705357142857143,0.029464285714285714,0.4351922505419201,0.4410780049342865,0.33964751882152766,0.9028050132151079,11729,iscx,mendeley,random_forest,37,validation_fpr_limit,0.8132380952380952,1.0832557999528944,0.13728319993242621
1458,98,200,1317,0.9030263586072242,0.9307420494699646,0.8681608437705999,0.8983628922237381,0.06298200514138817,0.9370179948586118,0.9025894193146058,0.9662345126076358,0.9607871712705871,0.4604620891636837,3073,iscx,iscx,mlp,37,default,5e-324,3.33425259985961,0.00259750010445714
1319,237,117,1400,0.8848031239830785,0.855222968845449,0.922874093605801,0.8877615726062144,0.15231362467866325,0.8476863753213367,0.8852802344635688,0.9662345126076358,0.9607871712705871,0.5327041978522616,3073,iscx,iscx,mlp,37,validation_f1,-1.258789300918579,3.33425259985961,0.00259750010445714
1543,13,498,1019,0.8337129840546698,0.9874031007751938,0.6717205009887937,0.7995292271479011,0.008354755784061696,0.9916452442159382,0.831682872602366,0.9662345126076358,0.9607871712705871,0.3358281809306866,3073,iscx,iscx,mlp,37,validation_fpr_limit,2.2070913314819336,3.33425259985961,0.00259750010445714
167,5433,942,5187,0.4564754028476426,0.4884180790960452,0.8463044542339696,0.6193802615081497,0.9701785714285714,0.02982142857142857,0.4380629414026991,0.3468558055088172,0.11548204671002027,0.9054480347855742,11729,iscx,mendeley,mlp,37,default,5e-324,3.33425259985961,0.010412100004032254
114,5486,612,5517,0.4800920794611646,0.5014087067163501,0.9001468428781204,0.6440579033387812,0.9796428571428571,0.02035714285714286,0.46025199286763163,0.3468558055088172,0.11548204671002027,0.9381021399948845,11729,iscx,mendeley,mlp,37,validation_f1,-1.258789300918579,3.33425259985961,0.010412100004032254
237,5363,1576,4553,0.40838946201722226,0.459156918112142,0.7428618045358133,0.5675288251791836,0.9576785714285714,0.04232142857142857,0.39259161655362096,0.3468558055088172,0.11548204671002027,0.8454258675078864,11729,iscx,mendeley,mlp,37,validation_fpr_limit,2.2070913314819336,3.33425259985961,0.010412100004032254
1426,130,147,1370,0.9098600715912789,0.9133333333333333,0.9030982201713909,0.9081869406695393,0.08354755784061697,0.916452442159383,0.9097753311653869,0.9657315859715839,0.9601055221627045,0.48812235600390497,3073,iscx,iscx,dqn,37,default,5e-324,5.521127499872819,0.003428099909797311
1427,129,147,1370,0.9101854864952815,0.9139426284189459,0.9030982201713909,0.9084880636604774,0.08290488431876607,0.9170951156812339,0.9100966679263124,0.9657315859715839,0.9601055221627045,0.48779694109990235,3073,iscx,iscx,dqn,37,validation_f1,0.01014527678489685,5.521127499872819,0.003428099909797311
1543,13,525,992,0.8249267816465994,0.9870646766169154,0.6539222148978246,0.7866772402854877,0.008354755784061696,0.9916452442159382,0.8227837295568814,0.9657315859715839,0.9601055221627045,0.32704197852261635,3073,iscx,iscx,dqn,37,validation_fpr_limit,1.4503101110458374,5.521127499872819,0.003428099909797311
132,5468,778,5351,0.4674737829311962,0.4945928459192162,0.873062489802578,0.6314609393438754,0.9764285714285714,0.023571428571428573,0.44831695918700326,0.3451017499882479,0.11227638510127497,0.9224145280927615,11729,iscx,mendeley,dqn,37,default,5e-324,5.521127499872819,0.007119299843907356
132,5468,778,5351,0.4674737829311962,0.4945928459192162,0.873062489802578,0.6314609393438754,0.9764285714285714,0.023571428571428573,0.44831695918700326,0.3451017499882479,0.11227638510127497,0.9224145280927615,11729,iscx,mendeley,dqn,37,validation_f1,0.01014527678489685,5.521127499872819,0.007119299843907356
235,5365,1647,4482,0.4021655725125757,0.4551640093429471,0.7312775330396476,0.5610916374561843,0.9580357142857143,0.04196428571428571,0.38662090937696664,0.3451017499882479,0.11227638510127497,0.8395430130445903,11729,iscx,mendeley,dqn,37,validation_fpr_limit,1.4503101110458374,5.521127499872819,0.007119299843907356
1426,130,147,1370,0.9098600715912789,0.9133333333333333,0.9030982201713909,0.9081869406695393,0.08354755784061697,0.916452442159383,0.9097753311653869,0.9657315859715839,0.9601055221627045,0.48812235600390497,3073,iscx,iscx,ddqn,37,default,5e-324,6.930393100017682,0.0045940999407321215
1427,129,147,1370,0.9101854864952815,0.9139426284189459,0.9030982201713909,0.9084880636604774,0.08290488431876607,0.9170951156812339,0.9100966679263124,0.9657315859715839,0.9601055221627045,0.48779694109990235,3073,iscx,iscx,ddqn,37,validation_f1,0.01014527678489685,6.930393100017682,0.0045940999407321215
1543,13,525,992,0.8249267816465994,0.9870646766169154,0.6539222148978246,0.7866772402854877,0.008354755784061696,0.9916452442159382,0.8227837295568814,0.9657315859715839,0.9601055221627045,0.32704197852261635,3073,iscx,iscx,ddqn,37,validation_fpr_limit,1.4503101110458374,6.930393100017682,0.0045940999407321215
132,5468,778,5351,0.4674737829311962,0.4945928459192162,0.873062489802578,0.6314609393438754,0.9764285714285714,0.023571428571428573,0.44831695918700326,0.3451017499882479,0.11227638510127497,0.9224145280927615,11729,iscx,mendeley,ddqn,37,default,5e-324,6.930393100017682,0.036236600019037724
132,5468,778,5351,0.4674737829311962,0.4945928459192162,0.873062489802578,0.6314609393438754,0.9764285714285714,0.023571428571428573,0.44831695918700326,0.3451017499882479,0.11227638510127497,0.9224145280927615,11729,iscx,mendeley,ddqn,37,validation_f1,0.01014527678489685,6.930393100017682,0.036236600019037724
235,5365,1647,4482,0.4021655725125757,0.4551640093429471,0.7312775330396476,0.5610916374561843,0.9580357142857143,0.04196428571428571,0.38662090937696664,0.3451017499882479,0.11227638510127497,0.8395430130445903,11729,iscx,mendeley,ddqn,37,validation_fpr_limit,1.4503101110458374,6.930393100017682,0.036236600019037724
0,1556,0,1517,0.4936544093719492,0.4936544093719492,1.0,0.6610021786492375,1.0,0.0,0.5,0.4936544093719492,0.5,1.0,3073,iscx,iscx,always_malicious,51,default,0.5000000000000001,6.860005669295788e-05,5.589984357357025e-05
0,1556,0,1517,0.4936544093719492,0.4936544093719492,1.0,0.6610021786492375,1.0,0.0,0.5,0.4936544093719492,0.5,1.0,3073,iscx,iscx,always_malicious,51,validation_f1,1.0,6.860005669295788e-05,5.589984357357025e-05
1556,0,1517,0,0.5063455906280507,0.0,0.0,0.0,0.0,1.0,0.5,0.4936544093719492,0.5,0.0,3073,iscx,iscx,always_malicious,51,validation_fpr_limit,1.0000000000000002,6.860005669295788e-05,5.589984357357025e-05
0,5600,0,6129,0.5225509421093018,0.5225509421093018,1.0,0.6864150520775003,1.0,0.0,0.5,0.5225509421093018,0.5,1.0,11729,iscx,mendeley,always_malicious,51,default,0.5000000000000001,6.860005669295788e-05,7.779989391565323e-05
0,5600,0,6129,0.5225509421093018,0.5225509421093018,1.0,0.6864150520775003,1.0,0.0,0.5,0.5225509421093018,0.5,1.0,11729,iscx,mendeley,always_malicious,51,validation_f1,1.0,6.860005669295788e-05,7.779989391565323e-05
5600,0,6129,0,0.47744905789069825,0.0,0.0,0.0,0.0,1.0,0.5,0.5225509421093018,0.5,0.0,11729,iscx,mendeley,always_malicious,51,validation_fpr_limit,1.0000000000000002,6.860005669295788e-05,7.779989391565323e-05
1369,187,319,1198,0.8353400585746827,0.8649819494584837,0.7897165458141068,0.8256374913852516,0.12017994858611825,0.8798200514138818,0.8347682986139943,0.9364943705576451,0.930786137570262,0.4506996420436056,3073,iscx,iscx,logistic,51,default,5e-324,0.02655340009368956,0.0007378000300377607
1298,258,181,1336,0.8571428571428571,0.8381430363864492,0.8806855636123929,0.8588878174220508,0.16580976863753213,0.8341902313624678,0.8574378974874304,0.9364943705576451,0.930786137570262,0.5187113569801497,3073,iscx,iscx,logistic,51,validation_f1,-0.47409725189208984,0.02655340009368956,0.0007378000300377607
1545,11,772,745,0.7452001301659616,0.9854497354497355,0.4911008569545155,0.6555213374395072,0.007069408740359897,0.9929305912596401,0.7420157241070778,0.9364943705576451,0.930786137570262,0.2460136674259681,3073,iscx,iscx,logistic,51,validation_fpr_limit,2.386249542236328,0.02655340009368956,0.0007378000300377607
160,5440,1008,5121,0.450251513342996,0.4848972635167124,0.8355359765051396,0.6136608747753146,0.9714285714285714,0.02857142857142857,0.43205370253828407,0.3515997250176772,0.1256767300654966,0.9004177679256543,11729,iscx,mendeley,logistic,51,default,5e-324,0.02655340009368956,0.0007643001154065132
115,5485,811,5318,0.46321084491431497,0.49227066555586413,0.8676782509381629,0.6281596976139854,0.9794642857142857,0.020535714285714286,0.4441069826119386,0.3515997250176772,0.1256767300654966,0.9210503879273595,11729,iscx,mendeley,logistic,51,validation_f1,-0.47409725189208984,0.02655340009368956,0.0007643001154065132
330,5270,2280,3849,0.3562963594509336,0.42208575501699747,0.6279980420949584,0.5048530954879329,0.9410714285714286,0.05892857142857143,0.3434633067617649,0.3515997250176772,0.1256767300654966,0.7774746355187996,11729,iscx,mendeley,logistic,51,validation_fpr_limit,2.386249542236328,0.02655340009368956,0.0007643001154065132
1415,141,158,1359,0.9027009437032216,0.906,0.8958470665787739,0.9008949287371562,0.09061696658097686,0.9093830334190232,0.9026150499988985,0.9704068913995028,0.9628886755587489,0.48812235600390497,3073,iscx,iscx,random_forest,51,default,0.5000000000000001,2.1025286000221968,0.12439530016854405
1513,43,226,1291,0.9124633908232997,0.9677661169415293,0.8510217534607778,0.9056471413539109,0.027634961439588688,0.9723650385604113,0.9116933960105946,0.9704068913995028,0.9628886755587489,0.43410348193947285,3073,iscx,iscx,random_forest,51,validation_f1,0.6714397546897547,2.1025286000221968,0.12439530016854405
1526,30,283,1234,0.8981451350471852,0.9762658227848101,0.8134475939353988,0.88745055735347,0.019280205655526992,0.980719794344473,0.8970836941399358,0.9704068913995028,0.9628886755587489,0.4113244386592906,3073,iscx,iscx,random_forest,51,validation_fpr_limit,0.8325,2.1025286000221968,0.12439530016854405
111,5489,553,5576,0.4848665700400716,0.5039313149570719,0.9097732093326807,0.6485983482610213,0.9801785714285715,0.01982142857142857,0.4647973189520546,0.44631804001990405,0.35013919481155165,0.9433881831358172,11729,iscx,mendeley,random_forest,51,default,0.5000000000000001,2.1025286000221968,0.18181489990092814
137,5463,718,5411,0.4730156023531418,0.4976089755379805,0.8828520150106053,0.6364759160148209,0.9755357142857143,0.024464285714285713,0.4536581503624455,0.44631804001990405,0.35013919481155165,0.9271037599113309,11729,iscx,mendeley,random_forest,51,validation_f1,0.6714397546897547,2.1025286000221968,0.18181489990092814
166,5434,990,5139,0.452297723591099,0.48604937103944007,0.8384728340675477,0.6153754041432163,0.9703571428571428,0.029642857142857144,0.43405784560520244,0.44631804001990405,0.35013919481155165,0.9014408730497059,11729,iscx,mendeley,random_forest,51,validation_fpr_limit,0.8325,2.1025286000221968,0.18181489990092814
1430,126,143,1374,0.9124633908232997,0.916,0.9057350032959789,0.9108385813722241,0.08097686375321336,0.9190231362467867,0.9123790697713827,0.9666436663379514,0.9613019031948118,0.48812235600390497,3073,iscx,iscx,mlp,51,default,5e-324,6.166616600006819,0.00377810001373291
1420,136,133,1384,0.9124633908232997,0.9105263157894737,0.9123269611074489,0.9114257490945011,0.08740359897172237,0.9125964010282777,0.9124616810678633,0.9666436663379514,0.9613019031948118,0.49463065408395707,3073,iscx,iscx,mlp,51,validation_f1,-0.07830780744552612,6.166616600006819,0.00377810001373291
1542,14,516,1001,0.8275301008786202,0.9862068965517241,0.6598549769281477,0.7906793048973144,0.008997429305912597,0.9910025706940874,0.8254287738111175,0.9666436663379514,0.9613019031948118,0.33029612756264237,3073,iscx,iscx,mlp,51,validation_fpr_limit,2.8203625679016113,6.166616600006819,0.00377810001373291
129,5471,740,5389,0.47045783954301307,0.49622467771639045,0.8792625224343286,0.6344105009123551,0.9769642857142857,0.023035714285714284,0.4511491183600214,0.3470563054917969,0.11902856443605343,0.9259101372666041,11729,iscx,mendeley,mlp,51,default,5e-324,6.166616600006819,0.016560599906370044
125,5475,691,5438,0.47429448375820615,0.49830477412260604,0.8872573013542177,0.6381880061025701,0.9776785714285714,0.022321428571428572,0.45478936496282313,0.3470563054917969,0.11902856443605343,0.9304288515644983,11729,iscx,mendeley,mlp,51,validation_f1,-0.07830780744552612,6.166616600006819,0.016560599906370044
232,5368,1617,4512,0.4044675590416915,0.45668016194331984,0.7361722956436613,0.5636829283528015,0.9585714285714285,0.041428571428571426,0.3888004335361164,0.3470563054917969,0.11902856443605343,0.8423565521357319,11729,iscx,mendeley,mlp,51,validation_fpr_limit,2.8203625679016113,6.166616600006819,0.016560599906370044
1432,124,159,1358,0.9079075821672633,0.9163292847503374,0.8951878707976269,0.9056352117372457,0.07969151670951156,0.9203084832904884,0.9077481770440576,0.9657318679745153,0.9601872861638364,0.4822648877318581,3073,iscx,iscx,dqn,51,default,5e-324,12.654039300046861,0.0027632000856101513
1364,192,124,1393,0.8971688903351773,0.8788643533123028,0.9182597231377719,0.8981302385557705,0.12339331619537275,0.8766066838046273,0.8974332034711996,0.9657318679745153,0.9601872861638364,0.5157826228441262,3073,iscx,iscx,dqn,51,validation_f1,-0.33356404304504395,12.654039300046861,0.0027632000856101513
1543,13,533,984,0.8223234624145785,0.9869608826479438,0.6486486486486487,0.7828162291169452,0.008354755784061696,0.9916452442159382,0.8201469464322935,0.9657318679745153,0.9601872861638364,0.3244386592905955,3073,iscx,iscx,dqn,51,validation_fpr_limit,1.5757880210876465,12.654039300046861,0.0027632000856101513
147,5453,897,5232,0.45860687185608323,0.48965839962564345,0.8536465981399902,0.6223385274176282,0.97375,0.02625,0.4399482990699951,0.35421590743562803,0.12539697107428385,0.9109898542075199,11729,iscx,mendeley,dqn,51,default,5e-324,12.654039300046861,0.009612000081688166
117,5483,690,5439,0.47369767243584276,0.4979857169016664,0.8874204601076848,0.6379684475983813,0.9791071428571428,0.020892857142857144,0.454156658625271,0.35421590743562803,0.12539697107428385,0.9311961804075368,11729,iscx,mendeley,dqn,51,validation_f1,-0.33356404304504395,12.654039300046861,0.009612000081688166
244,5356,1672,4457,0.4008014323471737,0.4541934168959543,0.7271985642029695,0.5591519257307741,0.9564285714285714,0.04357142857142857,0.38538499638719903,0.35421590743562803,0.12539697107428385,0.836644215193111,11729,iscx,mendeley,dqn,51,validation_fpr_limit,1.5757880210876465,12.654039300046861,0.009612000081688166
1432,124,159,1358,0.9079075821672633,0.9163292847503374,0.8951878707976269,0.9056352117372457,0.07969151670951156,0.9203084832904884,0.9077481770440576,0.9657318679745153,0.9601872861638364,0.4822648877318581,3073,iscx,iscx,ddqn,51,default,5e-324,6.500365500105545,0.0030343998223543167
1364,192,124,1393,0.8971688903351773,0.8788643533123028,0.9182597231377719,0.8981302385557705,0.12339331619537275,0.8766066838046273,0.8974332034711996,0.9657318679745153,0.9601872861638364,0.5157826228441262,3073,iscx,iscx,ddqn,51,validation_f1,-0.33356404304504395,6.500365500105545,0.0030343998223543167
1543,13,533,984,0.8223234624145785,0.9869608826479438,0.6486486486486487,0.7828162291169452,0.008354755784061696,0.9916452442159382,0.8201469464322935,0.9657318679745153,0.9601872861638364,0.3244386592905955,3073,iscx,iscx,ddqn,51,validation_fpr_limit,1.5757880210876465,6.500365500105545,0.0030343998223543167
147,5453,897,5232,0.45860687185608323,0.48965839962564345,0.8536465981399902,0.6223385274176282,0.97375,0.02625,0.4399482990699951,0.35421590743562803,0.12539697107428385,0.9109898542075199,11729,iscx,mendeley,ddqn,51,default,5e-324,6.500365500105545,0.011467200005427003
117,5483,690,5439,0.47369767243584276,0.4979857169016664,0.8874204601076848,0.6379684475983813,0.9791071428571428,0.020892857142857144,0.454156658625271,0.35421590743562803,0.12539697107428385,0.9311961804075368,11729,iscx,mendeley,ddqn,51,validation_f1,-0.33356404304504395,6.500365500105545,0.011467200005427003
244,5356,1672,4457,0.4008014323471737,0.4541934168959543,0.7271985642029695,0.5591519257307741,0.9564285714285714,0.04357142857142857,0.38538499638719903,0.35421590743562803,0.12539697107428385,0.836644215193111,11729,iscx,mendeley,ddqn,51,validation_fpr_limit,1.5757880210876465,6.500365500105545,0.011467200005427003
0,1556,0,1517,0.4936544093719492,0.4936544093719492,1.0,0.6610021786492375,1.0,0.0,0.5,0.4936544093719492,0.5,1.0,3073,iscx,iscx,always_malicious,71,default,0.5000000000000001,7.240008562803268e-05,3.990018740296364e-05
0,1556,0,1517,0.4936544093719492,0.4936544093719492,1.0,0.6610021786492375,1.0,0.0,0.5,0.4936544093719492,0.5,1.0,3073,iscx,iscx,always_malicious,71,validation_f1,1.0,7.240008562803268e-05,3.990018740296364e-05
1556,0,1517,0,0.5063455906280507,0.0,0.0,0.0,0.0,1.0,0.5,0.4936544093719492,0.5,0.0,3073,iscx,iscx,always_malicious,71,validation_fpr_limit,1.0000000000000002,7.240008562803268e-05,3.990018740296364e-05
0,5600,0,6129,0.5225509421093018,0.5225509421093018,1.0,0.6864150520775003,1.0,0.0,0.5,0.5225509421093018,0.5,1.0,11729,iscx,mendeley,always_malicious,71,default,0.5000000000000001,7.240008562803268e-05,6.880005821585655e-05
0,5600,0,6129,0.5225509421093018,0.5225509421093018,1.0,0.6864150520775003,1.0,0.0,0.5,0.5225509421093018,0.5,1.0,11729,iscx,mendeley,always_malicious,71,validation_f1,1.0,7.240008562803268e-05,6.880005821585655e-05
5600,0,6129,0,0.47744905789069825,0.0,0.0,0.0,0.0,1.0,0.5,0.5225509421093018,0.5,0.0,11729,iscx,mendeley,always_malicious,71,validation_fpr_limit,1.0000000000000002,7.240008562803268e-05,6.880005821585655e-05
1369,187,319,1198,0.8353400585746827,0.8649819494584837,0.7897165458141068,0.8256374913852516,0.12017994858611825,0.8798200514138818,0.8347682986139943,0.9364943705576451,0.930786137570262,0.4506996420436056,3073,iscx,iscx,logistic,71,default,5e-324,0.02007440011948347,0.0003454000689089298
1298,258,181,1336,0.8571428571428571,0.8381430363864492,0.8806855636123929,0.8588878174220508,0.16580976863753213,0.8341902313624678,0.8574378974874304,0.9364943705576451,0.930786137570262,0.5187113569801497,3073,iscx,iscx,logistic,71,validation_f1,-0.47409725189208984,0.02007440011948347,0.0003454000689089298
1545,11,772,745,0.7452001301659616,0.9854497354497355,0.4911008569545155,0.6555213374395072,0.007069408740359897,0.9929305912596401,0.7420157241070778,0.9364943705576451,0.930786137570262,0.2460136674259681,3073,iscx,iscx,logistic,71,validation_fpr_limit,2.386249542236328,0.02007440011948347,0.0003454000689089298
160,5440,1008,5121,0.450251513342996,0.4848972635167124,0.8355359765051396,0.6136608747753146,0.9714285714285714,0.02857142857142857,0.43205370253828407,0.3515997250176772,0.1256767300654966,0.9004177679256543,11729,iscx,mendeley,logistic,71,default,5e-324,0.02007440011948347,0.0005155999679118395
115,5485,811,5318,0.46321084491431497,0.49227066555586413,0.8676782509381629,0.6281596976139854,0.9794642857142857,0.020535714285714286,0.4441069826119386,0.3515997250176772,0.1256767300654966,0.9210503879273595,11729,iscx,mendeley,logistic,71,validation_f1,-0.47409725189208984,0.02007440011948347,0.0005155999679118395
330,5270,2280,3849,0.3562963594509336,0.42208575501699747,0.6279980420949584,0.5048530954879329,0.9410714285714286,0.05892857142857143,0.3434633067617649,0.3515997250176772,0.1256767300654966,0.7774746355187996,11729,iscx,mendeley,logistic,71,validation_fpr_limit,2.386249542236328,0.02007440011948347,0.0005155999679118395
1415,141,156,1361,0.9033517735112269,0.9061251664447404,0.8971654581410679,0.9016230539913879,0.09061696658097686,0.9093830334190232,0.9032742457800456,0.9710702738513364,0.9627812808733242,0.4887731858119102,3073,iscx,iscx,random_forest,71,default,0.5000000000000001,1.4738805999513716,0.10398050001822412
1511,45,223,1294,0.9127888057273024,0.9663928304705004,0.8529993408042189,0.9061624649859944,0.02892030848329049,0.9710796915167095,0.9120395161604642,0.9710702738513364,0.9627812808733242,0.43573055645948583,3073,iscx,iscx,random_forest,71,validation_f1,0.655,1.4738805999513716,0.10398050001822412
1526,30,274,1243,0.9010738691832086,0.97643362136685,0.8193803559657218,0.8910394265232975,0.019280205655526992,0.980719794344473,0.9000500751550974,0.9710702738513364,0.9627812808733242,0.41425317279531404,3073,iscx,iscx,random_forest,71,validation_fpr_limit,0.81,1.4738805999513716,0.10398050001822412
114,5486,575,5554,0.48324665359365676,0.5030797101449276,0.906183716756404,0.646980022132914,0.9796428571428571,0.02035714285714286,0.4632704298067734,0.4466144666923358,0.3507266245950167,0.9412567141273765,11729,iscx,mendeley,random_forest,71,default,0.5000000000000001,1.4738805999513716,0.15828080009669065
130,5470,702,5427,0.4737829311961804,0.49802697990272554,0.8854625550660793,0.6374955949723952,0.9767857142857143,0.023214285714285715,0.4543384203901825,0.4466144666923358,0.3507266245950167,0.9290647113990963,11729,iscx,mendeley,random_forest,71,validation_f1,0.655,1.4738805999513716,0.15828080009669065
166,5434,988,5141,0.45246824111177425,0.4861465721040189,0.8387991515744819,0.6155411877394636,0.9703571428571428,0.029642857142857144,0.43422100435866956,0.4466144666923358,0.3507266245950167,0.9016113905703811,11729,iscx,mendeley,random_forest,71,validation_fpr_limit,0.81,1.4738805999513716,0.15828080009669065
1437,119,155,1362,0.9108363163032867,0.9196488858879136,0.8978246539222149,0.9086057371581054,0.07647814910025708,0.9235218508997429,0.9106732524109789,0.9670513682336934,0.9615760032400573,0.48193947282785554,3073,iscx,iscx,mlp,71,default,5e-324,3.2455102999228984,0.0043855998665094376
1417,139,142,1375,0.9085584119752684,0.9081902245706737,0.9063941990771259,0.907291322995711,0.08933161953727506,0.9106683804627249,0.9085312897699254,0.9670513682336934,0.9615760032400573,0.4926781646599414,3073,iscx,iscx,mlp,71,validation_f1,-0.3802308440208435,3.2455102999228984,0.0043855998665094376
1543,13,510,1007,0.8298080052066384,0.9872549019607844,0.6638101516150297,0.7938510051241624,0.008354755784061696,0.9916452442159382,0.827727697915484,0.9670513682336934,0.9615760032400573,0.3319232020826554,3073,iscx,iscx,mlp,71,validation_fpr_limit,2.610110282897949,3.2455102999228984,0.0043855998665094376
146,5454,770,5359,0.46934947565862395,0.49560713955424024,0.8743677598303149,0.6326289694250974,0.9739285714285715,0.026071428571428572,0.4502195942008717,0.34607432819961986,0.11490159487681514,0.9219029755307357,11729,iscx,mendeley,mlp,71,default,5e-324,3.2455102999228984,0.017885300097987056
123,5477,671,5458,0.4758291414442834,0.49913122999542753,0.8905204764235601,0.6397093295827473,0.9780357142857142,0.021964285714285714,0.4562423810689229,0.34607432819961986,0.11490159487681514,0.932304544291926,11729,iscx,mendeley,mlp,71,validation_f1,-0.3802308440208435,3.2455102999228984,0.017885300097987056
231,5369,1585,4544,0.4071105806121579,0.45838797538585696,0.7413933757546093,0.5665129036279766,0.95875,0.04125,0.39132168787730465,0.34607432819961986,0.11490159487681514,0.8451700912268736,11729,iscx,mendeley,mlp,71,validation_fpr_limit,2.610110282897949,3.2455102999228984,0.017885300097987056
1448,108,184,1333,0.9049788480312398,0.9250520471894518,0.8787079762689519,0.9012846517917512,0.06940874035989718,0.9305912596401028,0.9046496179545274,0.9661945165445053,0.9607562449903662,0.4689228766677514,3073,iscx,iscx,dqn,71,default,5e-324,6.474143500206992,0.0030115998815745115
1425,131,148,1369,0.9092092417832737,0.9126666666666666,0.9024390243902439,0.9075240304938681,0.08419023136246787,0.9158097686375322,0.909124396513888,0.9661945165445053,0.9607562449903662,0.48812235600390497,3073,iscx,iscx,dqn,71,validation_f1,-0.26056569814682007,6.474143500206992,0.0030115998815745115
1541,15,526,991,0.8239505369345916,0.9850894632206759,0.6532630191166776,0.7855727308759414,0.009640102827763496,0.9903598971722365,0.8218114581444571,0.9661945165445053,0.9607562449903662,0.3273673934266189,3073,iscx,iscx,dqn,71,validation_fpr_limit,1.271359920501709,6.474143500206992,0.0030115998815745115
159,5441,959,5170,0.45434393383920196,0.4872302327773066,0.8435307554250285,0.6176821983273596,0.9716071428571429,0.028392857142857143,0.4359618062839428,0.34287786056982916,0.1086165157448197,0.9046807059425356,11729,iscx,mendeley,dqn,71,default,5e-324,6.474143500206992,0.014588800026103854
130,5470,836,5293,0.4623582573109387,0.49177738548731764,0.8635992821014847,0.6266871892019891,0.9767857142857143,0.023214285714285715,0.44340678390788524,0.34287786056982916,0.1086165157448197,0.9176400375138546,11729,iscx,mendeley,dqn,71,validation_f1,-0.26056569814682007,6.474143500206992,0.014588800026103854
234,5366,1687,4442,0.39866996333873306,0.4528955954323002,0.7247511829009626,0.5574449394490808,0.9582142857142857,0.04178571428571429,0.3832684485933385,0.34287786056982916,0.1086165157448197,0.8362179213914229,11729,iscx,mendeley,dqn,71,validation_fpr_limit,1.271359920501709,6.474143500206992,0.014588800026103854
1448,108,184,1333,0.9049788480312398,0.9250520471894518,0.8787079762689519,0.9012846517917512,0.06940874035989718,0.9305912596401028,0.9046496179545274,0.9661945165445053,0.9607562449903662,0.4689228766677514,3073,iscx,iscx,ddqn,71,default,5e-324,6.348014299990609,0.005032400134950876
1425,131,148,1369,0.9092092417832737,0.9126666666666666,0.9024390243902439,0.9075240304938681,0.08419023136246787,0.9158097686375322,0.909124396513888,0.9661945165445053,0.9607562449903662,0.48812235600390497,3073,iscx,iscx,ddqn,71,validation_f1,-0.26056569814682007,6.348014299990609,0.005032400134950876
1541,15,526,991,0.8239505369345916,0.9850894632206759,0.6532630191166776,0.7855727308759414,0.009640102827763496,0.9903598971722365,0.8218114581444571,0.9661945165445053,0.9607562449903662,0.3273673934266189,3073,iscx,iscx,ddqn,71,validation_fpr_limit,1.271359920501709,6.348014299990609,0.005032400134950876
159,5441,959,5170,0.45434393383920196,0.4872302327773066,0.8435307554250285,0.6176821983273596,0.9716071428571429,0.028392857142857143,0.4359618062839428,0.34287786056982916,0.1086165157448197,0.9046807059425356,11729,iscx,mendeley,ddqn,71,default,5e-324,6.348014299990609,0.010583299910649657
130,5470,836,5293,0.4623582573109387,0.49177738548731764,0.8635992821014847,0.6266871892019891,0.9767857142857143,0.023214285714285715,0.44340678390788524,0.34287786056982916,0.1086165157448197,0.9176400375138546,11729,iscx,mendeley,ddqn,71,validation_f1,-0.26056569814682007,6.348014299990609,0.010583299910649657
234,5366,1687,4442,0.39866996333873306,0.4528955954323002,0.7247511829009626,0.5574449394490808,0.9582142857142857,0.04178571428571429,0.3832684485933385,0.34287786056982916,0.1086165157448197,0.8362179213914229,11729,iscx,mendeley,ddqn,71,validation_fpr_limit,1.271359920501709,6.348014299990609,0.010583299910649657
0,1556,0,1517,0.4936544093719492,0.4936544093719492,1.0,0.6610021786492375,1.0,0.0,0.5,0.4936544093719492,0.5,1.0,3073,mendeley,iscx,always_malicious,11,default,0.5000000000000001,7.159984670579433e-05,7.080007344484329e-05
0,1556,0,1517,0.4936544093719492,0.4936544093719492,1.0,0.6610021786492375,1.0,0.0,0.5,0.4936544093719492,0.5,1.0,3073,mendeley,iscx,always_malicious,11,validation_f1,1.0,7.159984670579433e-05,7.080007344484329e-05
1556,0,1517,0,0.5063455906280507,0.0,0.0,0.0,0.0,1.0,0.5,0.4936544093719492,0.5,0.0,3073,mendeley,iscx,always_malicious,11,validation_fpr_limit,1.0000000000000002,7.159984670579433e-05,7.080007344484329e-05
0,5600,0,6129,0.5225509421093018,0.5225509421093018,1.0,0.6864150520775003,1.0,0.0,0.5,0.5225509421093018,0.5,1.0,11729,mendeley,mendeley,always_malicious,11,default,0.5000000000000001,7.159984670579433e-05,0.00010329997166991234
0,5600,0,6129,0.5225509421093018,0.5225509421093018,1.0,0.6864150520775003,1.0,0.0,0.5,0.5225509421093018,0.5,1.0,11729,mendeley,mendeley,always_malicious,11,validation_f1,1.0,7.159984670579433e-05,0.00010329997166991234
5600,0,6129,0,0.47744905789069825,0.0,0.0,0.0,0.0,1.0,0.5,0.5225509421093018,0.5,0.0,11729,mendeley,mendeley,always_malicious,11,validation_fpr_limit,1.0000000000000002,7.159984670579433e-05,0.00010329997166991234
2,1554,2,1515,0.4936544093719492,0.49364613880742914,0.998681608437706,0.6607064980375055,0.9987146529562982,0.0012853470437017994,0.4999834777407039,0.47254907174153826,0.2908370939125218,0.9986983403839896,3073,mendeley,iscx,logistic,11,default,5e-324,0.07591430004686117,0.0004447000101208687
0,1556,0,1517,0.4936544093719492,0.4936544093719492,1.0,0.6610021786492375,1.0,0.0,0.5,0.47254907174153826,0.2908370939125218,1.0,3073,mendeley,iscx,logistic,11,validation_f1,-0.9914124011993408,0.07591430004686117,0.0004447000101208687
988,568,1148,369,0.4415880247315327,0.39381003201707576,0.24324324324324326,0.30073349633251834,0.36503856041131105,0.6349614395886889,0.43910234141596605,0.47254907174153826,0.2908370939125218,0.3049137650504393,3073,mendeley,iscx,logistic,11,validation_fpr_limit,3.0578999519348145,0.07591430004686117,0.0004447000101208687
4496,1104,867,5262,0.8319549833745418,0.8265786993402451,0.8585413607440039,0.8422569027611044,0.19714285714285715,0.8028571428571428,0.8306992518005734,0.8703285560103796,0.8942505477472438,0.5427572683093188,11729,mendeley,mendeley,logistic,11,default,5e-324,0.07591430004686117,0.000627199886366725
4274,1326,543,5586,0.8406513769289794,0.8081597222222222,0.911404796867352,0.856682769726248,0.2367857142857143,0.7632142857142857,0.8373095412908189,0.8703285560103796,0.8942505477472438,0.5893085514536619,11729,mendeley,mendeley,logistic,11,validation_f1,-0.9914124011993408,0.07591430004686117,0.000627199886366725
5508,92,5411,718,0.5308210418620514,0.8864197530864197,0.11714798498939469,0.2069462458567517,0.016428571428571428,0.9835714285714285,0.5503597067804116,0.8703285560103796,0.8942505477472438,0.069059595873476,11729,mendeley,mendeley,logistic,11,validation_fpr_limit,3.0578999519348145,0.07591430004686117,0.000627199886366725
81,1475,60,1457,0.5004881223560039,0.49693042291950884,0.96044825313118,0.6549786468869409,0.9479434447300771,0.05205655526992288,0.5062524042005514,0.5344770810467618,0.5364152713124435,0.954116498535633,3073,mendeley,iscx,random_forest,11,default,0.5000000000000001,3.3875128999352455,0.123474600026384
35,1521,9,1508,0.5021151968760169,0.4978540772532189,0.994067237969677,0.6634403871535416,0.9775064267352185,0.02249357326478149,0.5082804056172292,0.5344770810467618,0.5364152713124435,0.9856817442238854,3073,mendeley,iscx,random_forest,11,validation_f1,0.3,3.3875128999352455,0.123474600026384
1082,474,899,618,0.5532053368044256,0.5659340659340659,0.40738299274884643,0.4737447297815255,0.3046272493573265,0.6953727506426736,0.55137787169576,0.5344770810467618,0.5364152713124435,0.3553530751708428,3073,mendeley,iscx,random_forest,11,validation_fpr_limit,0.9853571428571428,3.3875128999352455,0.123474600026384
4305,1295,565,5564,0.841418705772018,0.811196967487972,0.9078153042910753,0.8567908838928241,0.23125,0.76875,0.8382826521455377,0.903790449315101,0.9116495932685362,0.5847898371557677,11729,mendeley,mendeley,random_forest,11,default,0.5000000000000001,3.3875128999352455,0.32396770012564957
3517,2083,128,6001,0.8114928808935118,0.7423305294408709,0.9791156795562082,0.8444381903890804,0.3719642857142857,0.6280357142857143,0.8035756969209612,0.903790449315101,0.9116495932685362,0.689231818569358,11729,mendeley,mendeley,random_forest,11,validation_f1,0.3,3.3875128999352455,0.32396770012564957
5569,31,5013,1116,0.5699548128570211,0.972972972972973,0.18208516886930984,0.3067619571192963,0.005535714285714285,0.9944642857142857,0.5882747272917977,0.903790449315101,0.9116495932685362,0.09779179810725552,11729,mendeley,mendeley,random_forest,11,validation_fpr_limit,0.9853571428571428,3.3875128999352455,0.32396770012564957
0,1556,2,1515,0.493003579563944,0.493324649951156,0.998681608437706,0.6604184829991282,1.0,0.0,0.499340804218853,0.5853395604217828,0.4597301703233109,0.9993491701919948,3073,mendeley,iscx,mlp,11,default,5e-324,5.712668200023472,0.005726999836042523
0,1556,0,1517,0.4936544093719492,0.4936544093719492,1.0,0.6610021786492375,1.0,0.0,0.5,0.5853395604217828,0.4597301703233109,1.0,3073,mendeley,iscx,mlp,11,validation_f1,-1.2003870010375977,5.712668200023472,0.005726999836042523
1203,353,957,560,0.5737064757565896,0.6133625410733844,0.3691496374423204,0.4609053497942387,0.2268637532133676,0.7731362467866324,0.5711429421144764,0.5853395604217828,0.4597301703233109,0.2971038073543768,3073,mendeley,iscx,mlp,11,validation_fpr_limit,2.1407063007354736,5.712668200023472,0.005726999836042523
4363,1237,613,5516,0.8422712933753943,0.8168221531171331,0.8999836841246532,0.856388759509393,0.22089285714285714,0.7791071428571429,0.8395454134908981,0.8894122857755179,0.9027586211919912,0.5757524085599796,11729,mendeley,mendeley,mlp,11,default,5e-324,5.712668200023472,0.014363700058311224
4190,1410,462,5667,0.8403956006479666,0.8007630351844002,0.924620655898189,0.858246251703771,0.2517857142857143,0.7482142857142857,0.8364174708062373,0.8894122857755179,0.9027586211919912,0.60337624690937,11729,mendeley,mendeley,mlp,11,validation_f1,-1.2003870010375977,5.712668200023472,0.014363700058311224
5541,59,5005,1124,0.5682496376502686,0.9501267962806424,0.18339043889704681,0.3074398249452954,0.010535714285714285,0.9894642857142857,0.5864273623056663,0.8894122857755179,0.9027586211919912,0.10086111347941001,11729,mendeley,mendeley,mlp,11,validation_fpr_limit,2.1407063007354736,5.712668200023472,0.014363700058311224
0,1556,1,1516,0.49332899446794665,0.4934895833333333,0.999340804218853,0.6607103944214425,1.0,0.0,0.4996704021094265,0.45803001887465666,0.28004890588751646,0.9996745850959974,3073,mendeley,iscx,dqn,11,default,5e-324,8.64888590015471,0.005204200046136975
0,1556,0,1517,0.4936544093719492,0.4936544093719492,1.0,0.6610021786492375,1.0,0.0,0.5,0.45803001887465666,0.28004890588751646,1.0,3073,mendeley,iscx,dqn,11,validation_f1,-0.4198106527328491,8.64888590015471,0.005204200046136975
666,890,1099,418,0.352749755938822,0.3195718654434251,0.27554383651944625,0.295929203539823,0.5719794344473008,0.42802056555269924,0.3517822010360727,0.45803001887465666,0.28004890588751646,0.42564269443540514,3073,mendeley,iscx,dqn,11,validation_fpr_limit,1.627946138381958,8.64888590015471,0.005204200046136975
4323,1277,591,5538,0.8407366356893171,0.8126192223037417,0.90357317670093,0.8556860321384425,0.22803571428571429,0.7719642857142858,0.8377687312076079,0.8802357765528805,0.8997022644104141,0.5810384517009123,11729,mendeley,mendeley,dqn,11,default,5e-324,8.64888590015471,0.0174321997910738
4194,1406,462,5667,0.8407366356893171,0.8012158914180687,0.924620655898189,0.8585062869262233,0.25107142857142856,0.7489285714285714,0.8367746136633802,0.8802357765528805,0.8997022644104141,0.6030352118680194,11729,mendeley,mendeley,dqn,11,validation_f1,-0.4198106527328491,8.64888590015471,0.0174321997910738
5520,80,5107,1022,0.5577628101287407,0.9274047186932849,0.16674824604340022,0.28267182962245885,0.014285714285714285,0.9857142857142858,0.576231265878843,0.8802357765528805,0.8997022644104141,0.09395515389206241,11729,mendeley,mendeley,dqn,11,validation_fpr_limit,1.627946138381958,8.64888590015471,0.0174321997910738
0,1556,1,1516,0.49332899446794665,0.4934895833333333,0.999340804218853,0.6607103944214425,1.0,0.0,0.4996704021094265,0.45803001887465666,0.28004890588751646,0.9996745850959974,3073,mendeley,iscx,ddqn,11,default,5e-324,9.929628999903798,0.003519000019878149
0,1556,0,1517,0.4936544093719492,0.4936544093719492,1.0,0.6610021786492375,1.0,0.0,0.5,0.45803001887465666,0.28004890588751646,1.0,3073,mendeley,iscx,ddqn,11,validation_f1,-0.4198106527328491,9.929628999903798,0.003519000019878149
666,890,1099,418,0.352749755938822,0.3195718654434251,0.27554383651944625,0.295929203539823,0.5719794344473008,0.42802056555269924,0.3517822010360727,0.45803001887465666,0.28004890588751646,0.42564269443540514,3073,mendeley,iscx,ddqn,11,validation_fpr_limit,1.627946138381958,9.929628999903798,0.003519000019878149
4323,1277,591,5538,0.8407366356893171,0.8126192223037417,0.90357317670093,0.8556860321384425,0.22803571428571429,0.7719642857142858,0.8377687312076079,0.8802357765528805,0.8997022644104141,0.5810384517009123,11729,mendeley,mendeley,ddqn,11,default,5e-324,9.929628999903798,0.021277699852362275
4194,1406,462,5667,0.8407366356893171,0.8012158914180687,0.924620655898189,0.8585062869262233,0.25107142857142856,0.7489285714285714,0.8367746136633802,0.8802357765528805,0.8997022644104141,0.6030352118680194,11729,mendeley,mendeley,ddqn,11,validation_f1,-0.4198106527328491,9.929628999903798,0.021277699852362275
5520,80,5107,1022,0.5577628101287407,0.9274047186932849,0.16674824604340022,0.28267182962245885,0.014285714285714285,0.9857142857142858,0.576231265878843,0.8802357765528805,0.8997022644104141,0.09395515389206241,11729,mendeley,mendeley,ddqn,11,validation_fpr_limit,1.627946138381958,9.929628999903798,0.021277699852362275
0,1556,0,1517,0.4936544093719492,0.4936544093719492,1.0,0.6610021786492375,1.0,0.0,0.5,0.4936544093719492,0.5,1.0,3073,mendeley,iscx,always_malicious,23,default,0.5000000000000001,8.330005221068859e-05,6.880005821585655e-05
0,1556,0,1517,0.4936544093719492,0.4936544093719492,1.0,0.6610021786492375,1.0,0.0,0.5,0.4936544093719492,0.5,1.0,3073,mendeley,iscx,always_malicious,23,validation_f1,1.0,8.330005221068859e-05,6.880005821585655e-05
1556,0,1517,0,0.5063455906280507,0.0,0.0,0.0,0.0,1.0,0.5,0.4936544093719492,0.5,0.0,3073,mendeley,iscx,always_malicious,23,validation_fpr_limit,1.0000000000000002,8.330005221068859e-05,6.880005821585655e-05
0,5600,0,6129,0.5225509421093018,0.5225509421093018,1.0,0.6864150520775003,1.0,0.0,0.5,0.5225509421093018,0.5,1.0,11729,mendeley,mendeley,always_malicious,23,default,0.5000000000000001,8.330005221068859e-05,0.00012329989112913609
0,5600,0,6129,0.5225509421093018,0.5225509421093018,1.0,0.6864150520775003,1.0,0.0,0.5,0.5225509421093018,0.5,1.0,11729,mendeley,mendeley,always_malicious,23,validation_f1,1.0,8.330005221068859e-05,0.00012329989112913609
5600,0,6129,0,0.47744905789069825,0.0,0.0,0.0,0.0,1.0,0.5,0.5225509421093018,0.5,0.0,11729,mendeley,mendeley,always_malicious,23,validation_fpr_limit,1.0000000000000002,8.330005221068859e-05,0.00012329989112913609
2,1554,2,1515,0.4936544093719492,0.49364613880742914,0.998681608437706,0.6607064980375055,0.9987146529562982,0.0012853470437017994,0.4999834777407039,0.47254907174153826,0.2908370939125218,0.9986983403839896,3073,mendeley,iscx,logistic,23,default,5e-324,0.07031009998172522,0.0006232999730855227
0,1556,0,1517,0.4936544093719492,0.4936544093719492,1.0,0.6610021786492375,1.0,0.0,0.5,0.47254907174153826,0.2908370939125218,1.0,3073,mendeley,iscx,logistic,23,validation_f1,-0.9914124011993408,0.07031009998172522,0.0006232999730855227
988,568,1148,369,0.4415880247315327,0.39381003201707576,0.24324324324324326,0.30073349633251834,0.36503856041131105,0.6349614395886889,0.43910234141596605,0.47254907174153826,0.2908370939125218,0.3049137650504393,3073,mendeley,iscx,logistic,23,validation_fpr_limit,3.0578999519348145,0.07031009998172522,0.0006232999730855227
4496,1104,867,5262,0.8319549833745418,0.8265786993402451,0.8585413607440039,0.8422569027611044,0.19714285714285715,0.8028571428571428,0.8306992518005734,0.8703285560103796,0.8942505477472438,0.5427572683093188,11729,mendeley,mendeley,logistic,23,default,5e-324,0.07031009998172522,0.0006846999749541283
4274,1326,543,5586,0.8406513769289794,0.8081597222222222,0.911404796867352,0.856682769726248,0.2367857142857143,0.7632142857142857,0.8373095412908189,0.8703285560103796,0.8942505477472438,0.5893085514536619,11729,mendeley,mendeley,logistic,23,validation_f1,-0.9914124011993408,0.07031009998172522,0.0006846999749541283
5508,92,5411,718,0.5308210418620514,0.8864197530864197,0.11714798498939469,0.2069462458567517,0.016428571428571428,0.9835714285714285,0.5503597067804116,0.8703285560103796,0.8942505477472438,0.069059595873476,11729,mendeley,mendeley,logistic,23,validation_fpr_limit,3.0578999519348145,0.07031009998172522,0.0006846999749541283
84,1472,60,1457,0.5014643670680117,0.49743939911232504,0.96044825313118,0.6554206027890238,0.9460154241645244,0.05398457583547558,0.5072164144833278,0.5553870171732509,0.5429830812064808,0.9531402538236251,3073,mendeley,iscx,random_forest,23,default,0.5000000000000001,5.445064899977297,0.1766780000180006
46,1510,14,1503,0.5040676863000325,0.498838367076004,0.990771259063942,0.6635761589403973,0.9704370179948586,0.02956298200514139,0.5101671205345417,0.5553870171732509,0.5429830812064808,0.9804751057598438,3073,mendeley,iscx,random_forest,23,validation_f1,0.3265,5.445064899977297,0.1766780000180006
1062,494,885,632,0.55125284738041,0.5612788632326821,0.4166117336849044,0.4782444192205827,0.31748071979434445,0.6825192802056556,0.54956550694528,0.5553870171732509,0.5429830812064808,0.36641718190693134,3073,mendeley,iscx,random_forest,23,validation_fpr_limit,0.9851666666666666,5.445064899977297,0.1766780000180006
4310,1290,566,5563,0.8417597408133686,0.8117612724354297,0.9076521455376081,0.8570328146664613,0.23035714285714284,0.7696428571428572,0.8386475013402326,0.9032935405016391,0.9112220444957229,0.584278284593742,11729,mendeley,mendeley,random_forest,23,default,0.5000000000000001,5.445064899977297,0.3252697999123484
3556,2044,149,5980,0.8130275385795891,0.7452642073778664,0.9756893457333986,0.8450505193245248,0.365,0.635,0.8053446728666993,0.9032935405016391,0.9112220444957229,0.6841162929491005,11729,mendeley,mendeley,random_forest,23,validation_f1,0.3265,5.445064899977297,0.3252697999123484
5564,36,5010,1119,0.5697842953363458,0.9688311688311688,0.18257464512971122,0.30724876441515653,0.0064285714285714285,0.9935714285714285,0.5880730368505699,0.9032935405016391,0.9112220444957229,0.09847386818995651,11729,mendeley,mendeley,random_forest,23,validation_fpr_limit,0.9851666666666666,5.445064899977297,0.3252697999123484
0,1556,0,1517,0.4936544093719492,0.4936544093719492,1.0,0.6610021786492375,1.0,0.0,0.5,0.6181894227045754,0.5074756868599744,1.0,3073,mendeley,iscx,mlp,23,default,5e-324,5.177497099852189,0.0030164001509547234
0,1556,0,1517,0.4936544093719492,0.4936544093719492,1.0,0.6610021786492375,1.0,0.0,0.5,0.6181894227045754,0.5074756868599744,1.0,3073,mendeley,iscx,mlp,23,validation_f1,-0.34165945649147034,5.177497099852189,0.0030164001509547234
1329,227,918,599,0.6273999349170192,0.725181598062954,0.3948582729070534,0.5113102859581733,0.14588688946015424,0.8541131105398457,0.6244856917234496,0.6181894227045754,0.5074756868599744,0.26879271070615035,3073,mendeley,iscx,mlp,23,validation_fpr_limit,2.131511688232422,5.177497099852189,0.0030164001509547234
4335,1265,589,5540,0.8419302583340438,0.8141072740631888,0.9038994942078643,0.8566568733570434,0.22589285714285715,0.7741071428571429,0.8390033185325037,0.890678269943942,0.9030227926951494,0.580185864097536,11729,mendeley,mendeley,mlp,23,default,5e-324,5.177497099852189,0.009834600146859884
4202,1398,466,5663,0.8410776707306675,0.8020110465939668,0.9239680208843204,0.8586808188021228,0.24964285714285714,0.7503571428571428,0.8371625818707316,0.890678269943942,0.9030227926951494,0.602012106743968,11729,mendeley,mendeley,mlp,23,validation_f1,-0.34165945649147034,5.177497099852189,0.009834600146859884
5535,65,4934,1195,0.5737914570722141,0.9484126984126984,0.1949747103932126,0.32345378264988495,0.011607142857142858,0.9883928571428572,0.5916837837680349,0.890678269943942,0.9030227926951494,0.10742603802540711,11729,mendeley,mendeley,mlp,23,validation_fpr_limit,2.131511688232422,5.177497099852189,0.009834600146859884
0,1556,1,1516,0.49332899446794665,0.4934895833333333,0.999340804218853,0.6607103944214425,1.0,0.0,0.4996704021094265,0.5996907603184345,0.4540335918713873,0.9996745850959974,3073,mendeley,iscx,dqn,23,default,5e-324,5.850354300113395,0.0020306999795138836
0,1556,0,1517,0.4936544093719492,0.4936544093719492,1.0,0.6610021786492375,1.0,0.0,0.5,0.5996907603184345,0.4540335918713873,1.0,3073,mendeley,iscx,dqn,23,validation_f1,-0.48935261368751526,5.850354300113395,0.0020306999795138836
1170,386,966,551,0.5600390497884803,0.5880469583778015,0.3632168754119974,0.4490627546862266,0.2480719794344473,0.7519280205655527,0.557572447988775,0.5996907603184345,0.4540335918713873,0.3049137650504393,3073,mendeley,iscx,dqn,23,validation_fpr_limit,1.510742425918579,5.850354300113395,0.0020306999795138836
4341,1259,602,5527,0.8413334470116804,0.8144709696433834,0.9017784304127916,0.8559039876113047,0.22482142857142856,0.7751785714285714,0.8384785009206814,0.8884804185265083,0.9019073695312683,0.5785659476511211,11729,mendeley,mendeley,dqn,23,default,5e-324,5.850354300113395,0.012665600050240755
4189,1411,460,5669,0.8404808594083042,0.8007062146892655,0.9249469734051232,0.8583541524717996,0.2519642857142857,0.7480357142857142,0.8364913438454187,0.8884804185265083,0.9019073695312683,0.6036320231903828,11729,mendeley,mendeley,dqn,23,validation_f1,-0.48935261368751526,5.850354300113395,0.012665600050240755
5522,78,4816,1313,0.5827436269076648,0.9439252336448598,0.21422744330233318,0.3492021276595745,0.013928571428571429,0.9860714285714286,0.6001494359368809,0.8884804185265083,0.9019073695312683,0.11859493562963594,11729,mendeley,mendeley,dqn,23,validation_fpr_limit,1.510742425918579,5.850354300113395,0.012665600050240755
0,1556,1,1516,0.49332899446794665,0.4934895833333333,0.999340804218853,0.6607103944214425,1.0,0.0,0.4996704021094265,0.5996907603184345,0.4540335918713873,0.9996745850959974,3073,mendeley,iscx,ddqn,23,default,5e-324,5.367758000036702,0.0072604999877512455
0,1556,0,1517,0.4936544093719492,0.4936544093719492,1.0,0.6610021786492375,1.0,0.0,0.5,0.5996907603184345,0.4540335918713873,1.0,3073,mendeley,iscx,ddqn,23,validation_f1,-0.48935261368751526,5.367758000036702,0.0072604999877512455
1170,386,966,551,0.5600390497884803,0.5880469583778015,0.3632168754119974,0.4490627546862266,0.2480719794344473,0.7519280205655527,0.557572447988775,0.5996907603184345,0.4540335918713873,0.3049137650504393,3073,mendeley,iscx,ddqn,23,validation_fpr_limit,1.510742425918579,5.367758000036702,0.0072604999877512455
4341,1259,602,5527,0.8413334470116804,0.8144709696433834,0.9017784304127916,0.8559039876113047,0.22482142857142856,0.7751785714285714,0.8384785009206814,0.8884804185265083,0.9019073695312683,0.5785659476511211,11729,mendeley,mendeley,ddqn,23,default,5e-324,5.367758000036702,0.010844699805602431
4189,1411,460,5669,0.8404808594083042,0.8007062146892655,0.9249469734051232,0.8583541524717996,0.2519642857142857,0.7480357142857142,0.8364913438454187,0.8884804185265083,0.9019073695312683,0.6036320231903828,11729,mendeley,mendeley,ddqn,23,validation_f1,-0.48935261368751526,5.367758000036702,0.010844699805602431
5522,78,4816,1313,0.5827436269076648,0.9439252336448598,0.21422744330233318,0.3492021276595745,0.013928571428571429,0.9860714285714286,0.6001494359368809,0.8884804185265083,0.9019073695312683,0.11859493562963594,11729,mendeley,mendeley,ddqn,23,validation_fpr_limit,1.510742425918579,5.367758000036702,0.010844699805602431
0,1556,0,1517,0.4936544093719492,0.4936544093719492,1.0,0.6610021786492375,1.0,0.0,0.5,0.4936544093719492,0.5,1.0,3073,mendeley,iscx,always_malicious,37,default,0.5000000000000001,7.429998368024826e-05,6.740004755556583e-05
0,1556,0,1517,0.4936544093719492,0.4936544093719492,1.0,0.6610021786492375,1.0,0.0,0.5,0.4936544093719492,0.5,1.0,3073,mendeley,iscx,always_malicious,37,validation_f1,1.0,7.429998368024826e-05,6.740004755556583e-05
1556,0,1517,0,0.5063455906280507,0.0,0.0,0.0,0.0,1.0,0.5,0.4936544093719492,0.5,0.0,3073,mendeley,iscx,always_malicious,37,validation_fpr_limit,1.0000000000000002,7.429998368024826e-05,6.740004755556583e-05
0,5600,0,6129,0.5225509421093018,0.5225509421093018,1.0,0.6864150520775003,1.0,0.0,0.5,0.5225509421093018,0.5,1.0,11729,mendeley,mendeley,always_malicious,37,default,0.5000000000000001,7.429998368024826e-05,8.570007048547268e-05
0,5600,0,6129,0.5225509421093018,0.5225509421093018,1.0,0.6864150520775003,1.0,0.0,0.5,0.5225509421093018,0.5,1.0,11729,mendeley,mendeley,always_malicious,37,validation_f1,1.0,7.429998368024826e-05,8.570007048547268e-05
5600,0,6129,0,0.47744905789069825,0.0,0.0,0.0,0.0,1.0,0.5,0.5225509421093018,0.5,0.0,11729,mendeley,mendeley,always_malicious,37,validation_fpr_limit,1.0000000000000002,7.429998368024826e-05,8.570007048547268e-05
2,1554,2,1515,0.4936544093719492,0.49364613880742914,0.998681608437706,0.6607064980375055,0.9987146529562982,0.0012853470437017994,0.4999834777407039,0.47254907174153826,0.2908370939125218,0.9986983403839896,3073,mendeley,iscx,logistic,37,default,5e-324,0.04823680012486875,0.0004572998732328415
0,1556,0,1517,0.4936544093719492,0.4936544093719492,1.0,0.6610021786492375,1.0,0.0,0.5,0.47254907174153826,0.2908370939125218,1.0,3073,mendeley,iscx,logistic,37,validation_f1,-0.9914124011993408,0.04823680012486875,0.0004572998732328415
988,568,1148,369,0.4415880247315327,0.39381003201707576,0.24324324324324326,0.30073349633251834,0.36503856041131105,0.6349614395886889,0.43910234141596605,0.47254907174153826,0.2908370939125218,0.3049137650504393,3073,mendeley,iscx,logistic,37,validation_fpr_limit,3.0578999519348145,0.04823680012486875,0.0004572998732328415
4496,1104,867,5262,0.8319549833745418,0.8265786993402451,0.8585413607440039,0.8422569027611044,0.19714285714285715,0.8028571428571428,0.8306992518005734,0.8703285560103796,0.8942505477472438,0.5427572683093188,11729,mendeley,mendeley,logistic,37,default,5e-324,0.04823680012486875,0.00047459988854825497
4274,1326,543,5586,0.8406513769289794,0.8081597222222222,0.911404796867352,0.856682769726248,0.2367857142857143,0.7632142857142857,0.8373095412908189,0.8703285560103796,0.8942505477472438,0.5893085514536619,11729,mendeley,mendeley,logistic,37,validation_f1,-0.9914124011993408,0.04823680012486875,0.00047459988854825497
5508,92,5411,718,0.5308210418620514,0.8864197530864197,0.11714798498939469,0.2069462458567517,0.016428571428571428,0.9835714285714285,0.5503597067804116,0.8703285560103796,0.8942505477472438,0.069059595873476,11729,mendeley,mendeley,logistic,37,validation_fpr_limit,3.0578999519348145,0.04823680012486875,0.00047459988854825497
80,1476,63,1454,0.4991864627399935,0.4962457337883959,0.958470665787739,0.6539239937036204,0.9485861182519281,0.05141388174807198,0.5049422737679055,0.5354278187699403,0.5416985814581275,0.9534656687276277,3073,mendeley,iscx,random_forest,37,default,0.5000000000000001,2.9736844000872225,0.09960779990069568
50,1506,12,1505,0.5060201757240481,0.49983394221188976,0.992089650626236,0.6647526501766784,0.967866323907455,0.032133676092544985,0.5121116633593905,0.5354278187699403,0.5416985814581275,0.9798242759518386,3073,mendeley,iscx,random_forest,37,validation_f1,0.30520833333333336,2.9736844000872225,0.09960779990069568
1052,504,889,628,0.5466970387243736,0.5547703180212014,0.4139749505603164,0.4741411853529634,0.32390745501285345,0.6760925449871465,0.5450337477737315,0.5354278187699403,0.5416985814581275,0.36836967133094695,3073,mendeley,iscx,random_forest,37,validation_fpr_limit,0.9847023809523808,2.9736844000872225,0.09960779990069568
4313,1287,578,5551,0.8409924119703299,0.811787072243346,0.9056942404960026,0.8561733631526182,0.22982142857142857,0.7701785714285714,0.8379364059622869,0.9018947943807681,0.9108127491084541,0.5829994031886776,11729,mendeley,mendeley,random_forest,37,default,0.5000000000000001,2.9736844000872225,0.27965310006402433
3485,2115,128,6001,0.8087646005627078,0.7394036471168063,0.9791156795562082,0.8425412425412425,0.3776785714285714,0.6223214285714286,0.8007185540638184,0.9018947943807681,0.9108127491084541,0.691960098900162,11729,mendeley,mendeley,random_forest,37,validation_f1,0.30520833333333336,2.9736844000872225,0.27965310006402433
5562,38,5041,1088,0.5669707562452042,0.9662522202486679,0.17751672377223038,0.29993108201240526,0.0067857142857142855,0.9932142857142857,0.585365504743258,0.9018947943807681,0.9108127491084541,0.0960013641401654,11729,mendeley,mendeley,random_forest,37,validation_fpr_limit,0.9847023809523808,2.9736844000872225,0.27965310006402433
0,1556,1,1516,0.49332899446794665,0.4934895833333333,0.999340804218853,0.6607103944214425,1.0,0.0,0.4996704021094265,0.5555811666886717,0.4262785263161462,0.9996745850959974,3073,mendeley,iscx,mlp,37,default,5e-324,3.3875126999337226,0.0020873001776635647
0,1556,0,1517,0.4936544093719492,0.4936544093719492,1.0,0.6610021786492375,1.0,0.0,0.5,0.5555811666886717,0.4262785263161462,1.0,3073,mendeley,iscx,mlp,37,validation_f1,-0.22438541054725647,3.3875126999337226,0.0020873001776635647
1079,477,998,519,0.5200130165961601,0.5210843373493976,0.34212261041529335,0.4130521289295663,0.3065552699228792,0.6934447300771208,0.5177836702462071,0.5555811666886717,0.4262785263161462,0.3241132443865929,3073,mendeley,iscx,mlp,37,validation_fpr_limit,2.362421751022339,3.3875126999337226,0.0020873001776635647
4251,1349,506,5623,0.8418449995737062,0.8065117613310384,0.9174416707456355,0.8584077551331959,0.24089285714285713,0.7591071428571429,0.8382744068013892,0.8867688500204948,0.901212531757686,0.5944240770739193,11729,mendeley,mendeley,mlp,37,default,5e-324,3.3875126999337226,0.012338500004261732
4197,1403,465,5664,0.8407366356893171,0.8014716286967596,0.9241311796377876,0.858441952106699,0.2505357142857143,0.7494642857142857,0.8367977326760366,0.8867688500204948,0.901212531757686,0.6025236593059937,11729,mendeley,mendeley,mlp,37,validation_f1,-0.22438541054725647,3.3875126999337226,0.012338500004261732
5534,66,5023,1106,0.566118168641828,0.9436860068259386,0.1804535813346386,0.3029721955896453,0.011785714285714287,0.9882142857142857,0.5843339335244622,0.8867688500204948,0.901212531757686,0.09992326711569614,11729,mendeley,mendeley,mlp,37,validation_fpr_limit,2.362421751022339,3.3875126999337226,0.012338500004261732
0,1556,1,1516,0.49332899446794665,0.4934895833333333,0.999340804218853,0.6607103944214425,1.0,0.0,0.4996704021094265,0.4662489509241251,0.28062718496287997,0.9996745850959974,3073,mendeley,iscx,dqn,37,default,5e-324,6.038512300001457,0.0021883000154048204
0,1556,0,1517,0.4936544093719492,0.4936544093719492,1.0,0.6610021786492375,1.0,0.0,0.5,0.4662489509241251,0.28062718496287997,1.0,3073,mendeley,iscx,dqn,37,validation_f1,-0.590562105178833,6.038512300001457,0.0021883000154048204
686,870,1129,388,0.34949560689879594,0.30842607313195547,0.25576796308503624,0.2796396396396396,0.5591259640102828,0.44087403598971725,0.3483209995373767,0.4662489509241251,0.28062718496287997,0.409371949235275,3073,mendeley,iscx,dqn,37,validation_fpr_limit,1.698544979095459,6.038512300001457,0.0021883000154048204
4342,1258,605,5524,0.8411629294910052,0.814508994396933,0.9012889541523903,0.8557044380760592,0.22464285714285714,0.7753571428571429,0.8383230485047666,0.8829686460984134,0.9004103879682073,0.5782249126097706,11729,mendeley,mendeley,dqn,37,default,5e-324,6.038512300001457,0.009791200049221516
4194,1406,461,5668,0.8408218944496547,0.8012439920836867,0.924783814651656,0.8585927440733166,0.25107142857142856,0.7489285714285714,0.8368561930401137,0.8829686460984134,0.9004103879682073,0.603120470628357,11729,mendeley,mendeley,dqn,37,validation_f1,-0.590562105178833,6.038512300001457,0.009791200049221516
5519,81,5121,1008,0.5564839287236764,0.9256198347107438,0.1644640234948605,0.2793017456359102,0.014464285714285714,0.9855357142857143,0.5749998688902874,0.8829686460984134,0.9004103879682073,0.09284679000767329,11729,mendeley,mendeley,dqn,37,validation_fpr_limit,1.698544979095459,6.038512300001457,0.009791200049221516
0,1556,1,1516,0.49332899446794665,0.4934895833333333,0.999340804218853,0.6607103944214425,1.0,0.0,0.4996704021094265,0.4662489509241251,0.28062718496287997,0.9996745850959974,3073,mendeley,iscx,ddqn,37,default,5e-324,6.040795600041747,0.0030974000692367554
0,1556,0,1517,0.4936544093719492,0.4936544093719492,1.0,0.6610021786492375,1.0,0.0,0.5,0.4662489509241251,0.28062718496287997,1.0,3073,mendeley,iscx,ddqn,37,validation_f1,-0.590562105178833,6.040795600041747,0.0030974000692367554
686,870,1129,388,0.34949560689879594,0.30842607313195547,0.25576796308503624,0.2796396396396396,0.5591259640102828,0.44087403598971725,0.3483209995373767,0.4662489509241251,0.28062718496287997,0.409371949235275,3073,mendeley,iscx,ddqn,37,validation_fpr_limit,1.698544979095459,6.040795600041747,0.0030974000692367554
4342,1258,605,5524,0.8411629294910052,0.814508994396933,0.9012889541523903,0.8557044380760592,0.22464285714285714,0.7753571428571429,0.8383230485047666,0.8829686460984134,0.9004103879682073,0.5782249126097706,11729,mendeley,mendeley,ddqn,37,default,5e-324,6.040795600041747,0.010221799835562706
4194,1406,461,5668,0.8408218944496547,0.8012439920836867,0.924783814651656,0.8585927440733166,0.25107142857142856,0.7489285714285714,0.8368561930401137,0.8829686460984134,0.9004103879682073,0.603120470628357,11729,mendeley,mendeley,ddqn,37,validation_f1,-0.590562105178833,6.040795600041747,0.010221799835562706
5519,81,5121,1008,0.5564839287236764,0.9256198347107438,0.1644640234948605,0.2793017456359102,0.014464285714285714,0.9855357142857143,0.5749998688902874,0.8829686460984134,0.9004103879682073,0.09284679000767329,11729,mendeley,mendeley,ddqn,37,validation_fpr_limit,1.698544979095459,6.040795600041747,0.010221799835562706
0,1556,0,1517,0.4936544093719492,0.4936544093719492,1.0,0.6610021786492375,1.0,0.0,0.5,0.4936544093719492,0.5,1.0,3073,mendeley,iscx,always_malicious,51,default,0.5000000000000001,7.71998893469572e-05,6.260001100599766e-05
0,1556,0,1517,0.4936544093719492,0.4936544093719492,1.0,0.6610021786492375,1.0,0.0,0.5,0.4936544093719492,0.5,1.0,3073,mendeley,iscx,always_malicious,51,validation_f1,1.0,7.71998893469572e-05,6.260001100599766e-05
1556,0,1517,0,0.5063455906280507,0.0,0.0,0.0,0.0,1.0,0.5,0.4936544093719492,0.5,0.0,3073,mendeley,iscx,always_malicious,51,validation_fpr_limit,1.0000000000000002,7.71998893469572e-05,6.260001100599766e-05
0,5600,0,6129,0.5225509421093018,0.5225509421093018,1.0,0.6864150520775003,1.0,0.0,0.5,0.5225509421093018,0.5,1.0,11729,mendeley,mendeley,always_malicious,51,default,0.5000000000000001,7.71998893469572e-05,6.589991971850395e-05
0,5600,0,6129,0.5225509421093018,0.5225509421093018,1.0,0.6864150520775003,1.0,0.0,0.5,0.5225509421093018,0.5,1.0,11729,mendeley,mendeley,always_malicious,51,validation_f1,1.0,7.71998893469572e-05,6.589991971850395e-05
5600,0,6129,0,0.47744905789069825,0.0,0.0,0.0,0.0,1.0,0.5,0.5225509421093018,0.5,0.0,11729,mendeley,mendeley,always_malicious,51,validation_fpr_limit,1.0000000000000002,7.71998893469572e-05,6.589991971850395e-05
2,1554,2,1515,0.4936544093719492,0.49364613880742914,0.998681608437706,0.6607064980375055,0.9987146529562982,0.0012853470437017994,0.4999834777407039,0.47254907174153826,0.2908370939125218,0.9986983403839896,3073,mendeley,iscx,logistic,51,default,5e-324,0.04936900013126433,0.00046300003305077553
0,1556,0,1517,0.4936544093719492,0.4936544093719492,1.0,0.6610021786492375,1.0,0.0,0.5,0.47254907174153826,0.2908370939125218,1.0,3073,mendeley,iscx,logistic,51,validation_f1,-0.9914124011993408,0.04936900013126433,0.00046300003305077553
988,568,1148,369,0.4415880247315327,0.39381003201707576,0.24324324324324326,0.30073349633251834,0.36503856041131105,0.6349614395886889,0.43910234141596605,0.47254907174153826,0.2908370939125218,0.3049137650504393,3073,mendeley,iscx,logistic,51,validation_fpr_limit,3.0578999519348145,0.04936900013126433,0.00046300003305077553
4496,1104,867,5262,0.8319549833745418,0.8265786993402451,0.8585413607440039,0.8422569027611044,0.19714285714285715,0.8028571428571428,0.8306992518005734,0.8703285560103796,0.8942505477472438,0.5427572683093188,11729,mendeley,mendeley,logistic,51,default,5e-324,0.04936900013126433,0.0005191001109778881
4274,1326,543,5586,0.8406513769289794,0.8081597222222222,0.911404796867352,0.856682769726248,0.2367857142857143,0.7632142857142857,0.8373095412908189,0.8703285560103796,0.8942505477472438,0.5893085514536619,11729,mendeley,mendeley,logistic,51,validation_f1,-0.9914124011993408,0.04936900013126433,0.0005191001109778881
5508,92,5411,718,0.5308210418620514,0.8864197530864197,0.11714798498939469,0.2069462458567517,0.016428571428571428,0.9835714285714285,0.5503597067804116,0.8703285560103796,0.8942505477472438,0.069059595873476,11729,mendeley,mendeley,logistic,51,validation_fpr_limit,3.0578999519348145,0.04936900013126433,0.0005191001109778881
78,1478,63,1454,0.49853563293198827,0.49590723055934516,0.958470665787739,0.6536300292200494,0.9498714652956298,0.05012853470437018,0.5042996002460546,0.5375904917257295,0.5380704627757734,0.954116498535633,3073,mendeley,iscx,random_forest,51,default,0.5000000000000001,3.3607381999026984,0.11054639983922243
56,1500,21,1496,0.5050439310120404,0.4993324432576769,0.986156888595913,0.6629736317305561,0.9640102827763496,0.03598971722365039,0.5110733029097817,0.5375904917257295,0.5380704627757734,0.9749430523917996,3073,mendeley,iscx,random_forest,51,validation_f1,0.35650000000000004,3.3607381999026984,0.11054639983922243
1079,477,917,600,0.546371623820371,0.5571030640668524,0.39551746868820037,0.4626060138781804,0.3065552699228792,0.6934447300771208,0.5444810993826605,0.5375904917257295,0.5380704627757734,0.3504718516108038,3073,mendeley,iscx,random_forest,51,validation_fpr_limit,0.9850363802863802,3.3607381999026984,0.11054639983922243
4311,1289,574,5555,0.8411629294910052,0.8116598480420807,0.9063468755098711,0.8563940491790643,0.23017857142857143,0.7698214285714285,0.8380841520406499,0.8998249120388385,0.9099116320537026,0.5835109557507033,11729,mendeley,mendeley,random_forest,51,default,0.5000000000000001,3.3607381999026984,0.31136090005747974
3557,2043,148,5981,0.8131980561002643,0.7453888334995015,0.9758525044868657,0.8451918321203985,0.3648214285714286,0.6351785714285715,0.8055155379577186,0.8998249120388385,0.9099116320537026,0.6841162929491005,11729,mendeley,mendeley,random_forest,51,validation_f1,0.35650000000000004,3.3607381999026984,0.31136090005747974
5562,38,4995,1134,0.570892659220735,0.9675767918088737,0.18502202643171806,0.31064237775647174,0.0067857142857142855,0.9932142857142857,0.5891181560730019,0.8998249120388385,0.9099116320537026,0.09992326711569614,11729,mendeley,mendeley,random_forest,51,validation_fpr_limit,0.9850363802863802,3.3607381999026984,0.31136090005747974
0,1556,0,1517,0.4936544093719492,0.4936544093719492,1.0,0.6610021786492375,1.0,0.0,0.5,0.622012225196712,0.5049265988039578,1.0,3073,mendeley,iscx,mlp,51,default,5e-324,3.9185182000510395,0.003590899985283613
0,1556,0,1517,0.4936544093719492,0.4936544093719492,1.0,0.6610021786492375,1.0,0.0,0.5,0.622012225196712,0.5049265988039578,1.0,3073,mendeley,iscx,mlp,51,validation_f1,-0.0037631094455718994,3.9185182000510395,0.003590899985283613
1205,351,903,614,0.5919297103807354,0.6362694300518135,0.4047462096242584,0.49476228847703463,0.22557840616966582,0.7744215938303342,0.5895839017272962,0.622012225196712,0.5049265988039578,0.3140253823625122,3073,mendeley,iscx,mlp,51,validation_fpr_limit,2.35776948928833,3.9185182000510395,0.003590899985283613
4191,1409,462,5667,0.8404808594083042,0.8008762012436405,0.924620655898189,0.8583112457402499,0.25160714285714286,0.7483928571428572,0.8365067565205231,0.8899569297572767,0.9021815490758222,0.6032909881490323,11729,mendeley,mendeley,mlp,51,default,5e-324,3.9185182000510395,0.014368399977684021
4190,1410,462,5667,0.8403956006479666,0.8007630351844002,0.924620655898189,0.858246251703771,0.2517857142857143,0.7482142857142857,0.8364174708062373,0.8899569297572767,0.9021815490758222,0.60337624690937,11729,mendeley,mendeley,mlp,51,validation_f1,-0.0037631094455718994,3.9185182000510395,0.014368399977684021
5538,62,4957,1172,0.5720862818654616,0.9497568881685575,0.19122205906346876,0.3183484992530219,0.01107142857142857,0.9889285714285714,0.5900753152460201,0.8899569297572767,0.9021815490758222,0.10520931025662887,11729,mendeley,mendeley,mlp,51,validation_fpr_limit,2.35776948928833,3.9185182000510395,0.014368399977684021
0,1556,1,1516,0.49332899446794665,0.4934895833333333,0.999340804218853,0.6607103944214425,1.0,0.0,0.4996704021094265,0.5043625453415631,0.32071654073033473,0.9996745850959974,3073,mendeley,iscx,dqn,51,default,5e-324,8.801220200024545,0.003352399915456772
0,1556,0,1517,0.4936544093719492,0.4936544093719492,1.0,0.6610021786492375,1.0,0.0,0.5,0.5043625453415631,0.32071654073033473,1.0,3073,mendeley,iscx,dqn,51,validation_f1,-0.6465641260147095,8.801220200024545,0.003352399915456772
672,884,1073,444,0.3631630328669053,0.33433734939759036,0.2926829268292683,0.31212653778558874,0.5681233933161953,0.4318766066838046,0.36227976675653645,0.5043625453415631,0.32071654073033473,0.4321509925154572,3073,mendeley,iscx,dqn,51,validation_fpr_limit,1.4879603385925293,8.801220200024545,0.003352399915456772
4358,1242,611,5518,0.8420155170943815,0.8162721893491124,0.9003100016315876,0.856233997982776,0.22178571428571428,0.7782142857142857,0.8392621436729366,0.8853103487384288,0.9015454775889798,0.5763492198823429,11729,mendeley,mendeley,dqn,51,default,5e-324,8.801220200024545,0.014761100057512522
4194,1406,461,5668,0.8408218944496547,0.8012439920836867,0.924783814651656,0.8585927440733166,0.25107142857142856,0.7489285714285714,0.8368561930401137,0.8853103487384288,0.9015454775889798,0.603120470628357,11729,mendeley,mendeley,dqn,51,validation_f1,-0.6465641260147095,8.801220200024545,0.014761100057512522
5510,90,4997,1132,0.5662886861625032,0.9263502454991817,0.18469570892478382,0.30798530812134406,0.01607142857142857,0.9839285714285714,0.5843121401766775,0.8853103487384288,0.9015454775889798,0.10418620513257737,11729,mendeley,mendeley,dqn,51,validation_fpr_limit,1.4879603385925293,8.801220200024545,0.014761100057512522
0,1556,1,1516,0.49332899446794665,0.4934895833333333,0.999340804218853,0.6607103944214425,1.0,0.0,0.4996704021094265,0.5043625453415631,0.32071654073033473,0.9996745850959974,3073,mendeley,iscx,ddqn,51,default,5e-324,7.799523500027135,0.002075500087812543
0,1556,0,1517,0.4936544093719492,0.4936544093719492,1.0,0.6610021786492375,1.0,0.0,0.5,0.5043625453415631,0.32071654073033473,1.0,3073,mendeley,iscx,ddqn,51,validation_f1,-0.6465641260147095,7.799523500027135,0.002075500087812543
672,884,1073,444,0.3631630328669053,0.33433734939759036,0.2926829268292683,0.31212653778558874,0.5681233933161953,0.4318766066838046,0.36227976675653645,0.5043625453415631,0.32071654073033473,0.4321509925154572,3073,mendeley,iscx,ddqn,51,validation_fpr_limit,1.4879603385925293,7.799523500027135,0.002075500087812543
4358,1242,611,5518,0.8420155170943815,0.8162721893491124,0.9003100016315876,0.856233997982776,0.22178571428571428,0.7782142857142857,0.8392621436729366,0.8853103487384288,0.9015454775889798,0.5763492198823429,11729,mendeley,mendeley,ddqn,51,default,5e-324,7.799523500027135,0.008785799844190478
4194,1406,461,5668,0.8408218944496547,0.8012439920836867,0.924783814651656,0.8585927440733166,0.25107142857142856,0.7489285714285714,0.8368561930401137,0.8853103487384288,0.9015454775889798,0.603120470628357,11729,mendeley,mendeley,ddqn,51,validation_f1,-0.6465641260147095,7.799523500027135,0.008785799844190478
5510,90,4997,1132,0.5662886861625032,0.9263502454991817,0.18469570892478382,0.30798530812134406,0.01607142857142857,0.9839285714285714,0.5843121401766775,0.8853103487384288,0.9015454775889798,0.10418620513257737,11729,mendeley,mendeley,ddqn,51,validation_fpr_limit,1.4879603385925293,7.799523500027135,0.008785799844190478
0,1556,0,1517,0.4936544093719492,0.4936544093719492,1.0,0.6610021786492375,1.0,0.0,0.5,0.4936544093719492,0.5,1.0,3073,mendeley,iscx,always_malicious,71,default,0.5000000000000001,8.219992741942406e-05,4.67000063508749e-05
0,1556,0,1517,0.4936544093719492,0.4936544093719492,1.0,0.6610021786492375,1.0,0.0,0.5,0.4936544093719492,0.5,1.0,3073,mendeley,iscx,always_malicious,71,validation_f1,1.0,8.219992741942406e-05,4.67000063508749e-05
1556,0,1517,0,0.5063455906280507,0.0,0.0,0.0,0.0,1.0,0.5,0.4936544093719492,0.5,0.0,3073,mendeley,iscx,always_malicious,71,validation_fpr_limit,1.0000000000000002,8.219992741942406e-05,4.67000063508749e-05
0,5600,0,6129,0.5225509421093018,0.5225509421093018,1.0,0.6864150520775003,1.0,0.0,0.5,0.5225509421093018,0.5,1.0,11729,mendeley,mendeley,always_malicious,71,default,0.5000000000000001,8.219992741942406e-05,6.29001297056675e-05
0,5600,0,6129,0.5225509421093018,0.5225509421093018,1.0,0.6864150520775003,1.0,0.0,0.5,0.5225509421093018,0.5,1.0,11729,mendeley,mendeley,always_malicious,71,validation_f1,1.0,8.219992741942406e-05,6.29001297056675e-05
5600,0,6129,0,0.47744905789069825,0.0,0.0,0.0,0.0,1.0,0.5,0.5225509421093018,0.5,0.0,11729,mendeley,mendeley,always_malicious,71,validation_fpr_limit,1.0000000000000002,8.219992741942406e-05,6.29001297056675e-05
2,1554,2,1515,0.4936544093719492,0.49364613880742914,0.998681608437706,0.6607064980375055,0.9987146529562982,0.0012853470437017994,0.4999834777407039,0.47254907174153826,0.2908370939125218,0.9986983403839896,3073,mendeley,iscx,logistic,71,default,5e-324,0.05037890002131462,0.0004529000725597143
0,1556,0,1517,0.4936544093719492,0.4936544093719492,1.0,0.6610021786492375,1.0,0.0,0.5,0.47254907174153826,0.2908370939125218,1.0,3073,mendeley,iscx,logistic,71,validation_f1,-0.9914124011993408,0.05037890002131462,0.0004529000725597143
988,568,1148,369,0.4415880247315327,0.39381003201707576,0.24324324324324326,0.30073349633251834,0.36503856041131105,0.6349614395886889,0.43910234141596605,0.47254907174153826,0.2908370939125218,0.3049137650504393,3073,mendeley,iscx,logistic,71,validation_fpr_limit,3.0578999519348145,0.05037890002131462,0.0004529000725597143
4496,1104,867,5262,0.8319549833745418,0.8265786993402451,0.8585413607440039,0.8422569027611044,0.19714285714285715,0.8028571428571428,0.8306992518005734,0.8703285560103796,0.8942505477472438,0.5427572683093188,11729,mendeley,mendeley,logistic,71,default,5e-324,0.05037890002131462,0.0004336000420153141
4274,1326,543,5586,0.8406513769289794,0.8081597222222222,0.911404796867352,0.856682769726248,0.2367857142857143,0.7632142857142857,0.8373095412908189,0.8703285560103796,0.8942505477472438,0.5893085514536619,11729,mendeley,mendeley,logistic,71,validation_f1,-0.9914124011993408,0.05037890002131462,0.0004336000420153141
5508,92,5411,718,0.5308210418620514,0.8864197530864197,0.11714798498939469,0.2069462458567517,0.016428571428571428,0.9835714285714285,0.5503597067804116,0.8703285560103796,0.8942505477472438,0.069059595873476,11729,mendeley,mendeley,logistic,71,validation_fpr_limit,3.0578999519348145,0.05037890002131462,0.0004336000420153141
81,1475,63,1454,0.49951187764399607,0.49641515875725506,0.958470665787739,0.6540710751237067,0.9479434447300771,0.05205655526992288,0.505263610528831,0.5706838678010497,0.555756694056901,0.9531402538236251,3073,mendeley,iscx,random_forest,71,default,0.5000000000000001,3.0067211999557912,0.11148290010169148
59,1497,27,1490,0.5040676863000325,0.4988282557750251,0.982201713909031,0.6616341030195382,0.962082262210797,0.037917737789203085,0.5100597258491171,0.5706838678010497,0.555756694056901,0.9720143182557761,3073,mendeley,iscx,random_forest,71,validation_f1,0.36633333333333334,3.0067211999557912,0.11148290010169148
1074,482,885,632,0.5551578262284412,0.5673249551166966,0.4166117336849044,0.48042569365260357,0.3097686375321337,0.6902313624678663,0.5534215480763853,0.5706838678010497,0.555756694056901,0.3625122030589001,3073,mendeley,iscx,random_forest,71,validation_fpr_limit,0.9835793650793652,3.0067211999557912,0.11148290010169148
4307,1293,568,5561,0.8413334470116804,0.8113510358914503,0.9073258280306739,0.85665870754063,0.23089285714285715,0.7691071428571429,0.8382164854439084,0.9043033133211662,0.9123546430319558,0.5843635433540796,11729,mendeley,mendeley,random_forest,71,default,0.5000000000000001,3.0067211999557912,0.2351699999999255
3579,2021,158,5971,0.8142211612243158,0.7471221221221221,0.9742209169521945,0.8456908150980809,0.3608928571428571,0.6391071428571429,0.8066640299046687,0.9043033133211662,0.9123546430319558,0.6813880126182965,11729,mendeley,mendeley,random_forest,71,validation_f1,0.36633333333333334,3.0067211999557912,0.2351699999999255
5560,40,4917,1212,0.5773723250063945,0.9680511182108626,0.1977484092021537,0.328410784446552,0.007142857142857143,0.9928571428571429,0.5953027760296483,0.9043033133211662,0.9123546430319558,0.10674396794270612,11729,mendeley,mendeley,random_forest,71,validation_fpr_limit,0.9835793650793652,3.0067211999557912,0.2351699999999255
0,1556,0,1517,0.4936544093719492,0.4936544093719492,1.0,0.6610021786492375,1.0,0.0,0.5,0.6039449127969034,0.47764114669563285,1.0,3073,mendeley,iscx,mlp,71,default,5e-324,2.8821529999841005,0.0021923999302089214
0,1556,0,1517,0.4936544093719492,0.4936544093719492,1.0,0.6610021786492375,1.0,0.0,0.5,0.6039449127969034,0.47764114669563285,1.0,3073,mendeley,iscx,mlp,71,validation_f1,-0.03958607465028763,2.8821529999841005,0.0021923999302089214
1205,351,928,589,0.5837943377806704,0.6265957446808511,0.3882663150955834,0.47944647944647945,0.22557840616966582,0.7744215938303342,0.5813439544629588,0.6039449127969034,0.47764114669563285,0.3058900097624471,3073,mendeley,iscx,mlp,71,validation_fpr_limit,2.5535247325897217,2.8821529999841005,0.0021923999302089214
4222,1378,475,5654,0.8420155170943815,0.8040386803185438,0.9224995921031164,0.8592052275662944,0.24607142857142858,0.7539285714285714,0.8382140817658439,0.8901179965122203,0.9029616081625995,0.5995396026941768,11729,mendeley,mendeley,mlp,71,default,5e-324,2.8821529999841005,0.009011199930682778
4212,1388,472,5657,0.841418705772018,0.8029808374733853,0.9229890683635177,0.8588128131167451,0.24785714285714286,0.7521428571428571,0.8375659627531874,0.8901179965122203,0.9029616081625995,0.6006479665785659,11729,mendeley,mendeley,mlp,71,validation_f1,-0.03958607465028763,2.8821529999841005,0.009011199930682778
5540,60,4965,1164,0.5715747293034359,0.9509803921568627,0.18991678903573175,0.31660546715626275,0.010714285714285714,0.9892857142857143,0.5896012516607231,0.8901179965122203,0.9029616081625995,0.10435672265325262,11729,mendeley,mendeley,mlp,71,validation_fpr_limit,2.5535247325897217,2.8821529999841005,0.009011199930682778
0,1556,0,1517,0.4936544093719492,0.4936544093719492,1.0,0.6610021786492375,1.0,0.0,0.5,0.5497294599379698,0.39092046777481604,1.0,3073,mendeley,iscx,dqn,71,default,5e-324,5.309064700035378,0.003248699940741062
0,1556,0,1517,0.4936544093719492,0.4936544093719492,1.0,0.6610021786492375,1.0,0.0,0.5,0.5497294599379698,0.39092046777481604,1.0,3073,mendeley,iscx,dqn,71,validation_f1,-0.42482244968414307,5.309064700035378,0.003248699940741062
798,758,1005,512,0.4262935242434103,0.4031496062992126,0.3375082399472643,0.3674201650520273,0.487146529562982,0.512853470437018,0.42518085519214116,0.5497294599379698,0.39092046777481604,0.41327692808330624,3073,mendeley,iscx,dqn,71,validation_fpr_limit,1.5860998630523682,5.309064700035378,0.003248699940741062
4333,1267,588,5541,0.8418449995737062,0.8138954171562868,0.9040626529613314,0.8566128159542398,0.22625,0.77375,0.8389063264806658,0.8885843849430322,0.902872468125772,0.580441640378549,11729,mendeley,mendeley,dqn,71,default,5e-324,5.309064700035378,0.010123900137841702
4189,1411,460,5669,0.8404808594083042,0.8007062146892655,0.9249469734051232,0.8583541524717996,0.2519642857142857,0.7480357142857142,0.8364913438454187,0.8885843849430322,0.902872468125772,0.6036320231903828,11729,mendeley,mendeley,dqn,71,validation_f1,-0.42482244968414307,5.309064700035378,0.010123900137841702
5530,70,4926,1203,0.574047233353227,0.9450117831893166,0.19627998042094957,0.32504728451769793,0.0125,0.9875,0.5918899902104748,0.8885843849430322,0.902872468125772,0.10853440190979623,11729,mendeley,mendeley,dqn,71,validation_fpr_limit,1.5860998630523682,5.309064700035378,0.010123900137841702
0,1556,0,1517,0.4936544093719492,0.4936544093719492,1.0,0.6610021786492375,1.0,0.0,0.5,0.5497294599379698,0.39092046777481604,1.0,3073,mendeley,iscx,ddqn,71,default,5e-324,5.149881000164896,0.0022092999424785376
0,1556,0,1517,0.4936544093719492,0.4936544093719492,1.0,0.6610021786492375,1.0,0.0,0.5,0.5497294599379698,0.39092046777481604,1.0,3073,mendeley,iscx,ddqn,71,validation_f1,-0.42482244968414307,5.149881000164896,0.0022092999424785376
798,758,1005,512,0.4262935242434103,0.4031496062992126,0.3375082399472643,0.3674201650520273,0.487146529562982,0.512853470437018,0.42518085519214116,0.5497294599379698,0.39092046777481604,0.41327692808330624,3073,mendeley,iscx,ddqn,71,validation_fpr_limit,1.5860998630523682,5.149881000164896,0.0022092999424785376
4333,1267,588,5541,0.8418449995737062,0.8138954171562868,0.9040626529613314,0.8566128159542398,0.22625,0.77375,0.8389063264806658,0.8885843849430322,0.902872468125772,0.580441640378549,11729,mendeley,mendeley,ddqn,71,default,5e-324,5.149881000164896,0.006838199915364385
4189,1411,460,5669,0.8404808594083042,0.8007062146892655,0.9249469734051232,0.8583541524717996,0.2519642857142857,0.7480357142857142,0.8364913438454187,0.8885843849430322,0.902872468125772,0.6036320231903828,11729,mendeley,mendeley,ddqn,71,validation_f1,-0.42482244968414307,5.149881000164896,0.006838199915364385
5530,70,4926,1203,0.574047233353227,0.9450117831893166,0.19627998042094957,0.32504728451769793,0.0125,0.9875,0.5918899902104748,0.8885843849430322,0.902872468125772,0.10853440190979623,11729,mendeley,mendeley,ddqn,71,validation_fpr_limit,1.5860998630523682,5.149881000164896,0.006838199915364385
