tn,fp,fn,tp,accuracy,precision,recall,f1,fpr,specificity,balanced_accuracy,average_precision,roc_auc,predicted_malicious_fraction,n,source,target,model,seed,operating_point,threshold,fit_seconds,inference_seconds
0,1556,0,1517,0.4936544093719492,0.4936544093719492,1.0,0.6610021786492375,1.0,0.0,0.5,0.4936544093719492,0.5,1.0,3073,iscx,iscx,always_malicious,11,default,0.5000000000000001,1.8998980522155762e-06,5.910010077059269e-05
0,1556,0,1517,0.4936544093719492,0.4936544093719492,1.0,0.6610021786492375,1.0,0.0,0.5,0.4936544093719492,0.5,1.0,3073,iscx,iscx,always_malicious,11,validation_f1,1.0,1.8998980522155762e-06,5.910010077059269e-05
1556,0,1517,0,0.5063455906280507,0.0,0.0,0.0,0.0,1.0,0.5,0.4936544093719492,0.5,0.0,3073,iscx,iscx,always_malicious,11,validation_fpr_limit,1.0000000000000002,1.8998980522155762e-06,5.910010077059269e-05
0,5600,0,6129,0.5225509421093018,0.5225509421093018,1.0,0.6864150520775003,1.0,0.0,0.5,0.5225509421093018,0.5,1.0,11729,iscx,mendeley,always_malicious,11,default,0.5000000000000001,1.8998980522155762e-06,7.429998368024826e-05
0,5600,0,6129,0.5225509421093018,0.5225509421093018,1.0,0.6864150520775003,1.0,0.0,0.5,0.5225509421093018,0.5,1.0,11729,iscx,mendeley,always_malicious,11,validation_f1,1.0,1.8998980522155762e-06,7.429998368024826e-05
5600,0,6129,0,0.47744905789069825,0.0,0.0,0.0,0.0,1.0,0.5,0.5225509421093018,0.5,0.0,11729,iscx,mendeley,always_malicious,11,validation_fpr_limit,1.0000000000000002,1.8998980522155762e-06,7.429998368024826e-05
1369,187,319,1198,0.8353400585746827,0.8649819494584837,0.7897165458141068,0.8256374913852516,0.12017994858611825,0.8798200514138818,0.8347682986139943,0.9364943705576451,0.930786137570262,0.4506996420436056,3073,iscx,iscx,logistic,11,default,5e-324,0.02582129999063909,0.0004561999812722206
1298,258,181,1336,0.8571428571428571,0.8381430363864492,0.8806855636123929,0.8588878174220508,0.16580976863753213,0.8341902313624678,0.8574378974874304,0.9364943705576451,0.930786137570262,0.5187113569801497,3073,iscx,iscx,logistic,11,validation_f1,-0.47409725189208984,0.02582129999063909,0.0004561999812722206
1545,11,772,745,0.7452001301659616,0.9854497354497355,0.4911008569545155,0.6555213374395072,0.007069408740359897,0.9929305912596401,0.7420157241070778,0.9364943705576451,0.930786137570262,0.2460136674259681,3073,iscx,iscx,logistic,11,validation_fpr_limit,2.386249542236328,0.02582129999063909,0.0004561999812722206
160,5440,1008,5121,0.450251513342996,0.4848972635167124,0.8355359765051396,0.6136608747753146,0.9714285714285714,0.02857142857142857,0.43205370253828407,0.3515997250176772,0.1256767300654966,0.9004177679256543,11729,iscx,mendeley,logistic,11,default,5e-324,0.02582129999063909,0.0007132000755518675
115,5485,811,5318,0.46321084491431497,0.49227066555586413,0.8676782509381629,0.6281596976139854,0.9794642857142857,0.020535714285714286,0.4441069826119386,0.3515997250176772,0.1256767300654966,0.9210503879273595,11729,iscx,mendeley,logistic,11,validation_f1,-0.47409725189208984,0.02582129999063909,0.0007132000755518675
330,5270,2280,3849,0.3562963594509336,0.42208575501699747,0.6279980420949584,0.5048530954879329,0.9410714285714286,0.05892857142857143,0.3434633067617649,0.3515997250176772,0.1256767300654966,0.7774746355187996,11729,iscx,mendeley,logistic,11,validation_fpr_limit,2.386249542236328,0.02582129999063909,0.0007132000755518675
1414,142,157,1360,0.9027009437032216,0.9054593874833555,0.8965062623599209,0.9009605829744949,0.09125964010282776,0.9087403598971723,0.9026233111285467,0.9706066367614758,0.9643805508436519,0.4887731858119102,3073,iscx,iscx,random_forest,11,default,0.5000000000000001,1.388785099843517,0.10710779996588826
1506,50,226,1291,0.9101854864952815,0.9627143922445935,0.8510217534607778,0.9034289713086074,0.032133676092544985,0.967866323907455,0.9094440386841164,0.9706066367614758,0.9643805508436519,0.43638138626749107,3073,iscx,iscx,random_forest,11,validation_f1,0.635,1.388785099843517,0.10710779996588826
1526,30,275,1242,0.900748454279206,0.9764150943396226,0.8187211601845749,0.8906418070993187,0.019280205655526992,0.980719794344473,0.899720477264524,0.9706066367614758,0.9643805508436519,0.4139277578913114,3073,iscx,iscx,random_forest,11,validation_fpr_limit,0.82,1.388785099843517,0.10710779996588826
110,5490,556,5573,0.48452553499872114,0.5037512428816777,0.9092837330722793,0.648324802233597,0.9803571428571428,0.019642857142857142,0.46446329510756823,0.44961169308164756,0.35696265412675116,0.943217665615142,11729,iscx,mendeley,random_forest,11,default,0.5000000000000001,1.388785099843517,0.13127820007503033
128,5472,698,5431,0.47395344871685563,0.4981197835458131,0.8861151900799478,0.6377407233442931,0.9771428571428571,0.022857142857142857,0.45448616646854534,0.44961169308164756,0.35696265412675116,0.929576263961122,11729,iscx,mendeley,random_forest,11,validation_f1,0.635,1.388785099843517,0.13127820007503033
165,5435,960,5169,0.4547702276408901,0.48745756318370426,0.8433675966715615,0.617821072132911,0.9705357142857143,0.029464285714285714,0.4364159411929236,0.44961169308164756,0.35696265412675116,0.9040838946201722,11729,iscx,mendeley,random_forest,11,validation_fpr_limit,0.82,1.388785099843517,0.13127820007503033
1461,95,210,1307,0.900748454279206,0.9322396576319544,0.8615688859591298,0.8955121616992121,0.061053984575835475,0.9389460154241646,0.9002574506916472,0.9670606661227463,0.9614874608761373,0.4562316954116499,3073,iscx,iscx,mlp,11,default,5e-324,8.387927899835631,0.009759499924257398
1310,246,105,1412,0.8857793686950862,0.8516284680337757,0.930784442979565,0.8894488188976378,0.15809768637532134,0.8419023136246787,0.8863433783021218,0.9670606661227463,0.9614874608761373,0.5395379108363163,3073,iscx,iscx,mlp,11,validation_f1,-1.3117828369140625,8.387927899835631,0.009759499924257398
1543,13,495,1022,0.8346892287666775,0.9874396135265701,0.6736980883322347,0.8009404388714734,0.008354755784061696,0.9916452442159382,0.8326716662740865,0.9670606661227463,0.9614874608761373,0.3368044256426944,3073,iscx,iscx,mlp,11,validation_fpr_limit,1.9333173036575317,8.387927899835631,0.009759499924257398
166,5434,932,5197,0.4572427316906812,0.4888533534004327,0.8479360417686409,0.6201670644391408,0.9703571428571428,0.029642857142857144,0.43878944945574905,0.34438529179595645,0.11044271379623803,0.9063858811492881,11729,iscx,mendeley,mlp,11,default,5e-324,8.387927899835631,0.03422360005788505
110,5490,607,5522,0.48017733822150227,0.501452960406829,0.9009626366454561,0.6443031328393909,0.9803571428571428,0.019642857142857142,0.4603027468941566,0.34438529179595645,0.11044271379623803,0.9388694688379231,11729,iscx,mendeley,mlp,11,validation_f1,-1.3117828369140625,8.387927899835631,0.03422360005788505
227,5373,1589,4540,0.4064285105294569,0.45798446484414407,0.7407407407407407,0.5660142126916843,0.9594642857142858,0.040535714285714286,0.3906382275132275,0.34438529179595645,0.11044271379623803,0.8451700912268736,11729,iscx,mendeley,mlp,11,validation_fpr_limit,1.9333173036575317,8.387927899835631,0.03422360005788505
1419,137,142,1375,0.9092092417832737,0.9093915343915344,0.9063941990771259,0.9078903928689337,0.08804627249357326,0.9119537275064268,0.9091739632917764,0.9606723725788606,0.9569679874871424,0.4920273348519362,3073,iscx,iscx,dqn,11,default,5e-324,8.144426800077781,0.0047178000677376986
1420,136,145,1372,0.9085584119752684,0.9098143236074271,0.9044166117336849,0.9071074380165289,0.08740359897172237,0.9125964010282777,0.9085065063809813,0.9606723725788606,0.9569679874871424,0.4907256752359258,3073,iscx,iscx,dqn,11,validation_f1,0.015760421752929688,8.144426800077781,0.0047178000677376986
1541,15,638,879,0.7875040676863,0.9832214765100671,0.5794330916282135,0.7291580257154707,0.009640102827763496,0.9903598971722365,0.784896494400225,0.9606723725788606,0.9569679874871424,0.2909209241783274,3073,iscx,iscx,dqn,11,validation_fpr_limit,1.284163475036621,8.144426800077781,0.0047178000677376986
134,5466,846,5283,0.46184670474891293,0.4914875802400223,0.8619676945668135,0.6260220405261286,0.9760714285714286,0.023928571428571428,0.4429481329976925,0.35051755623113084,0.1459679975759271,0.9164464148691278,11729,iscx,mendeley,dqn,11,default,5e-324,8.144426800077781,0.014487099833786488
135,5465,848,5281,0.4617614459885753,0.49143867485576026,0.8616413770598793,0.6258962962962963,0.9758928571428571,0.024107142857142858,0.4428742599585111,0.35051755623113084,0.1459679975759271,0.9161906385881149,11729,iscx,mendeley,dqn,11,validation_f1,0.015760421752929688,8.144426800077781,0.014487099833786488
248,5352,1926,4203,0.3794867422627675,0.4398744113029827,0.6857562408223201,0.5359602142310635,0.9557142857142857,0.04428571428571428,0.3650209775540172,0.35051755623113084,0.1459679975759271,0.8146474550260039,11729,iscx,mendeley,dqn,11,validation_fpr_limit,1.284163475036621,8.144426800077781,0.014487099833786488
1420,136,145,1372,0.9085584119752684,0.9098143236074271,0.9044166117336849,0.9071074380165289,0.08740359897172237,0.9125964010282777,0.9085065063809813,0.960919719131675,0.9570417021824633,0.4907256752359258,3073,iscx,iscx,ddqn,11,default,5e-324,5.544776400085539,0.0026446001138538122
1420,136,143,1374,0.9092092417832737,0.909933774834437,0.9057350032959789,0.9078295341922695,0.08740359897172237,0.9125964010282777,0.9091657021621282,0.960919719131675,0.9570417021824633,0.491376505043931,3073,iscx,iscx,ddqn,11,validation_f1,-0.019113540649414062,5.544776400085539,0.0026446001138538122
1541,15,622,895,0.7927107061503417,0.9835164835164835,0.5899802241265656,0.7375360527400082,0.009640102827763496,0.9903598971722365,0.7901700606494011,0.960919719131675,0.9570417021824633,0.296127562642369,3073,iscx,iscx,ddqn,11,validation_fpr_limit,1.2616610527038574,5.544776400085539,0.0026446001138538122
135,5465,852,5277,0.4614204109472248,0.4912493018059952,0.8609887420460107,0.6255705056013278,0.9758928571428571,0.024107142857142858,0.4425479424515768,0.35051576172365506,0.14556447101601286,0.9158496035467645,11729,iscx,mendeley,ddqn,11,default,5e-324,5.544776400085539,0.0069414000026881695
134,5466,843,5286,0.46210248102992585,0.4916294642857143,0.8624571708272148,0.626266216456371,0.9760714285714286,0.023928571428571428,0.44319287112789313,0.35051576172365506,0.14556447101601286,0.9167021911501406,11729,iscx,mendeley,ddqn,11,validation_f1,-0.019113540649414062,5.544776400085539,0.0069414000026881695
248,5352,1880,4249,0.38340864523829826,0.44255806686803456,0.6932615434818078,0.540241576605213,0.9557142857142857,0.04428571428571428,0.36877362888376103,0.35051576172365506,0.14556447101601286,0.8185693580015346,11729,iscx,mendeley,ddqn,11,validation_fpr_limit,1.2616610527038574,5.544776400085539,0.0069414000026881695
0,1556,0,1517,0.4936544093719492,0.4936544093719492,1.0,0.6610021786492375,1.0,0.0,0.5,0.4936544093719492,0.5,1.0,3073,iscx,iscx,always_malicious,23,default,0.5000000000000001,7.779989391565323e-05,3.600004129111767e-05
0,1556,0,1517,0.4936544093719492,0.4936544093719492,1.0,0.6610021786492375,1.0,0.0,0.5,0.4936544093719492,0.5,1.0,3073,iscx,iscx,always_malicious,23,validation_f1,1.0,7.779989391565323e-05,3.600004129111767e-05
1556,0,1517,0,0.5063455906280507,0.0,0.0,0.0,0.0,1.0,0.5,0.4936544093719492,0.5,0.0,3073,iscx,iscx,always_malicious,23,validation_fpr_limit,1.0000000000000002,7.779989391565323e-05,3.600004129111767e-05
0,5600,0,6129,0.5225509421093018,0.5225509421093018,1.0,0.6864150520775003,1.0,0.0,0.5,0.5225509421093018,0.5,1.0,11729,iscx,mendeley,always_malicious,23,default,0.5000000000000001,7.779989391565323e-05,4.529999569058418e-05
0,5600,0,6129,0.5225509421093018,0.5225509421093018,1.0,0.6864150520775003,1.0,0.0,0.5,0.5225509421093018,0.5,1.0,11729,iscx,mendeley,always_malicious,23,validation_f1,1.0,7.779989391565323e-05,4.529999569058418e-05
5600,0,6129,0,0.47744905789069825,0.0,0.0,0.0,0.0,1.0,0.5,0.5225509421093018,0.5,0.0,11729,iscx,mendeley,always_malicious,23,validation_fpr_limit,1.0000000000000002,7.779989391565323e-05,4.529999569058418e-05
1369,187,319,1198,0.8353400585746827,0.8649819494584837,0.7897165458141068,0.8256374913852516,0.12017994858611825,0.8798200514138818,0.8347682986139943,0.9364943705576451,0.930786137570262,0.4506996420436056,3073,iscx,iscx,logistic,23,default,5e-324,0.02187749999575317,0.000690799904987216
1298,258,181,1336,0.8571428571428571,0.8381430363864492,0.8806855636123929,0.8588878174220508,0.16580976863753213,0.8341902313624678,0.8574378974874304,0.9364943705576451,0.930786137570262,0.5187113569801497,3073,iscx,iscx,logistic,23,validation_f1,-0.47409725189208984,0.02187749999575317,0.000690799904987216
1545,11,772,745,0.7452001301659616,0.9854497354497355,0.4911008569545155,0.6555213374395072,0.007069408740359897,0.9929305912596401,0.7420157241070778,0.9364943705576451,0.930786137570262,0.2460136674259681,3073,iscx,iscx,logistic,23,validation_fpr_limit,2.386249542236328,0.02187749999575317,0.000690799904987216
160,5440,1008,5121,0.450251513342996,0.4848972635167124,0.8355359765051396,0.6136608747753146,0.9714285714285714,0.02857142857142857,0.43205370253828407,0.3515997250176772,0.1256767300654966,0.9004177679256543,11729,iscx,mendeley,logistic,23,default,5e-324,0.02187749999575317,0.00045819999650120735
115,5485,811,5318,0.46321084491431497,0.49227066555586413,0.8676782509381629,0.6281596976139854,0.9794642857142857,0.020535714285714286,0.4441069826119386,0.3515997250176772,0.1256767300654966,0.9210503879273595,11729,iscx,mendeley,logistic,23,validation_f1,-0.47409725189208984,0.02187749999575317,0.00045819999650120735
330,5270,2280,3849,0.3562963594509336,0.42208575501699747,0.6279980420949584,0.5048530954879329,0.9410714285714286,0.05892857142857143,0.3434633067617649,0.3515997250176772,0.1256767300654966,0.7774746355187996,11729,iscx,mendeley,logistic,23,validation_fpr_limit,2.386249542236328,0.02187749999575317,0.00045819999650120735
1422,134,167,1350,0.9020501138952164,0.9097035040431267,0.8899143045484509,0.8997000999666778,0.08611825192802057,0.9138817480719794,0.9018980263102152,0.9697389632532099,0.962751201888452,0.48291571753986334,3073,iscx,iscx,random_forest,23,default,0.5000000000000001,0.9532892000861466,0.1010260998737067
1423,133,167,1350,0.902375528799219,0.9103169251517195,0.8899143045484509,0.9,0.08547557840616966,0.9145244215938303,0.9022193630711406,0.9697389632532099,0.962751201888452,0.4825903026358607,3073,iscx,iscx,random_forest,23,validation_f1,0.5171240287490287,0.9532892000861466,0.1010260998737067
1525,31,265,1252,0.9036771884152294,0.9758378799688231,0.8253131179960448,0.8942857142857142,0.01992287917737789,0.9800771208226221,0.9026951194093334,0.9697389632532099,0.962751201888452,0.41750732183534006,3073,iscx,iscx,random_forest,23,validation_fpr_limit,0.7965383295194508,0.9532892000861466,0.1010260998737067
114,5486,574,5555,0.48333191235399436,0.5031247169640432,0.9063468755098711,0.6470588235294118,0.9796428571428571,0.02035714285714286,0.463352009183507,0.4469055092517586,0.35180535160711374,0.9413419728877143,11729,iscx,mendeley,random_forest,23,default,0.5000000000000001,0.9532892000861466,0.14270050008781254
114,5486,581,5548,0.482735101031631,0.5028094979155338,0.9052047642356013,0.6465070209170891,0.9796428571428571,0.02035714285714286,0.46278095354637205,0.4469055092517586,0.35180535160711374,0.9407451615653508,11729,iscx,mendeley,random_forest,23,validation_f1,0.5171240287490287,0.9532892000861466,0.14270050008781254
165,5435,912,5217,0.4588626481370961,0.48976717987232443,0.8511992168379834,0.6217746260651927,0.9705357142857143,0.029464285714285714,0.44033175127613455,0.4469055092517586,0.35180535160711374,0.9081763151163782,11729,iscx,mendeley,random_forest,23,validation_fpr_limit,0.7965383295194508,0.9532892000861466,0.14270050008781254
1449,107,174,1343,0.9085584119752684,0.9262068965517242,0.8852999340804218,0.9052915402763735,0.06876606683804627,0.9312339331619537,0.9082669336211877,0.9667113692031885,0.961297243070395,0.4718516108037748,3073,iscx,iscx,mlp,23,default,5e-324,4.603025400079787,0.004488299833610654
1347,209,121,1396,0.8926130816791409,0.8697819314641745,0.9202373104812129,0.8942985265855221,0.13431876606683804,0.865681233933162,0.8929592722071875,0.9667113692031885,0.961297243070395,0.5222909209241783,3073,iscx,iscx,mlp,23,validation_f1,-0.7159175276756287,4.603025400079787,0.004488299833610654
1543,13,491,1026,0.835990888382688,0.987487969201155,0.6763348714568227,0.8028169014084507,0.008354755784061696,0.9916452442159382,0.8339900578363805,0.9667113692031885,0.961297243070395,0.33810608525870484,3073,iscx,iscx,mlp,23,validation_fpr_limit,2.20109486579895,4.603025400079787,0.004488299833610654
164,5436,832,5297,0.4655980902037684,0.4935246436224727,0.8642519171153532,0.6282765982682956,0.9707142857142858,0.029285714285714286,0.44676881570053373,0.346199571006943,0.11446715556021723,0.9150822747037258,11729,iscx,mendeley,mlp,23,default,5e-324,4.603025400079787,0.014471700182184577
120,5480,639,5490,0.4783016454940745,0.5004557885141294,0.895741556534508,0.6421428153693198,0.9785714285714285,0.02142857142857143,0.45858506398153975,0.346199571006943,0.11446715556021723,0.9352886009037429,11729,iscx,mendeley,mlp,23,validation_f1,-0.7159175276756287,4.603025400079787,0.014471700182184577
227,5373,1541,4588,0.4105209310256629,0.46059632567011344,0.7485723609071626,0.5702921068986948,0.9594642857142858,0.040535714285714286,0.3945540375964385,0.346199571006943,0.11446715556021723,0.8492625117230795,11729,iscx,mendeley,mlp,23,validation_fpr_limit,2.20109486579895,4.603025400079787,0.014471700182184577
1420,136,150,1367,0.9069313374552554,0.9095143047238856,0.9011206328279499,0.9052980132450331,0.08740359897172237,0.9125964010282777,0.9068585169281138,0.9617475614143027,0.9579436480809608,0.48909860071591277,3073,iscx,iscx,dqn,23,default,5e-324,7.284730700077489,0.004131000023335218
1412,144,142,1375,0.9069313374552554,0.9052007899934167,0.9063941990771259,0.9057971014492754,0.09254498714652956,0.9074550128534704,0.9069246059652982,0.9617475614143027,0.9579436480809608,0.49430523917995445,3073,iscx,iscx,dqn,23,validation_f1,-0.04510831832885742,7.284730700077489,0.004131000023335218
1543,13,689,828,0.7715587373901724,0.9845422116527943,0.5458141067897165,0.7022900763358778,0.008354755784061696,0.9916452442159382,0.7687296755028274,0.9617475614143027,0.9579436480809608,0.2736739342661894,3073,iscx,iscx,dqn,23,validation_fpr_limit,1.527613639831543,7.284730700077489,0.004131000023335218
139,5461,861,5268,0.46099411714553673,0.49100568552521207,0.8595203132648067,0.6249851702455808,0.9751785714285715,0.02482142857142857,0.44217087091811763,0.616950426700389,0.5462071853949608,0.9147412396623753,11729,iscx,mendeley,dqn,23,default,5e-324,7.284730700077489,0.013704900164157152
132,5468,848,5281,0.46150566970756246,0.4913015164201321,0.8616413770598793,0.6257850456215192,0.9764285714285714,0.023571428571428573,0.44260640281565394,0.616950426700389,0.5462071853949608,0.9164464148691278,11729,iscx,mendeley,dqn,23,validation_f1,-0.04510831832885742,7.284730700077489,0.013704900164157152
298,5302,1876,4253,0.38801261829652994,0.44510727367870223,0.6939141784956763,0.5423361387401173,0.9467857142857142,0.053214285714285714,0.373564232104981,0.616950426700389,0.5462071853949608,0.8146474550260039,11729,iscx,mendeley,dqn,23,validation_fpr_limit,1.527613639831543,7.284730700077489,0.013704900164157152
1429,127,160,1357,0.9066059225512528,0.9144204851752021,0.8945286750164799,0.9043652115961346,0.08161953727506427,0.9183804627249358,0.9064545688707079,0.9623895268869253,0.9582927337645503,0.48291571753986334,3073,iscx,iscx,ddqn,23,default,5e-324,7.091267300071195,0.003519299905747175
1417,139,142,1375,0.9085584119752684,0.9081902245706737,0.9063941990771259,0.907291322995711,0.08933161953727506,0.9106683804627249,0.9085312897699254,0.9623895268869253,0.9582927337645503,0.4926781646599414,3073,iscx,iscx,ddqn,23,validation_f1,-0.1104135513305664,7.091267300071195,0.003519299905747175
1544,12,648,869,0.7852261633582818,0.9863791146424518,0.5728411338167436,0.7247706422018348,0.007712082262210797,0.9922879177377892,0.7825645257772664,0.9623895268869253,0.9582927337645503,0.2866905304262935,3073,iscx,iscx,ddqn,23,validation_fpr_limit,1.5213508605957031,7.091267300071195,0.003519299905747175
145,5455,881,5248,0.45980049450080995,0.49032981407082127,0.8562571381954642,0.623574144486692,0.9741071428571428,0.025892857142857145,0.4410749976691607,0.572389589914443,0.4711649097965178,0.9125245118935971,11729,iscx,mendeley,ddqn,23,default,5e-324,7.091267300071195,0.013507799943909049
132,5468,842,5287,0.4620172222695882,0.49158530915853094,0.862620329580682,0.6262733949301114,0.9764285714285714,0.023571428571428573,0.4430958790760553,0.572389589914443,0.4711649097965178,0.9169579674311535,11729,iscx,mendeley,ddqn,23,validation_f1,-0.1104135513305664,7.091267300071195,0.013507799943909049
247,5353,1865,4264,0.384602267883025,0.4433815119059998,0.6957089247838146,0.54159786612473,0.9558928571428571,0.04410714285714286,0.36990803382047877,0.572389589914443,0.4711649097965178,0.8199334981669366,11729,iscx,mendeley,ddqn,23,validation_fpr_limit,1.5213508605957031,7.091267300071195,0.013507799943909049
0,1556,0,1517,0.4936544093719492,0.4936544093719492,1.0,0.6610021786492375,1.0,0.0,0.5,0.4936544093719492,0.5,1.0,3073,iscx,iscx,always_malicious,37,default,0.5000000000000001,7.810001261532307e-05,5.679996684193611e-05
0,1556,0,1517,0.4936544093719492,0.4936544093719492,1.0,0.6610021786492375,1.0,0.0,0.5,0.4936544093719492,0.5,1.0,3073,iscx,iscx,always_malicious,37,validation_f1,1.0,7.810001261532307e-05,5.679996684193611e-05
1556,0,1517,0,0.5063455906280507,0.0,0.0,0.0,0.0,1.0,0.5,0.4936544093719492,0.5,0.0,3073,iscx,iscx,always_malicious,37,validation_fpr_limit,1.0000000000000002,7.810001261532307e-05,5.679996684193611e-05
0,5600,0,6129,0.5225509421093018,0.5225509421093018,1.0,0.6864150520775003,1.0,0.0,0.5,0.5225509421093018,0.5,1.0,11729,iscx,mendeley,always_malicious,37,default,0.5000000000000001,7.810001261532307e-05,6.200000643730164e-05
0,5600,0,6129,0.5225509421093018,0.5225509421093018,1.0,0.6864150520775003,1.0,0.0,0.5,0.5225509421093018,0.5,1.0,11729,iscx,mendeley,always_malicious,37,validation_f1,1.0,7.810001261532307e-05,6.200000643730164e-05
5600,0,6129,0,0.47744905789069825,0.0,0.0,0.0,0.0,1.0,0.5,0.5225509421093018,0.5,0.0,11729,iscx,mendeley,always_malicious,37,validation_fpr_limit,1.0000000000000002,7.810001261532307e-05,6.200000643730164e-05
1369,187,319,1198,0.8353400585746827,0.8649819494584837,0.7897165458141068,0.8256374913852516,0.12017994858611825,0.8798200514138818,0.8347682986139943,0.9364943705576451,0.930786137570262,0.4506996420436056,3073,iscx,iscx,logistic,37,default,5e-324,0.016818000003695488,0.00043480005115270615
1298,258,181,1336,0.8571428571428571,0.8381430363864492,0.8806855636123929,0.8588878174220508,0.16580976863753213,0.8341902313624678,0.8574378974874304,0.9364943705576451,0.930786137570262,0.5187113569801497,3073,iscx,iscx,logistic,37,validation_f1,-0.47409725189208984,0.016818000003695488,0.00043480005115270615
1545,11,772,745,0.7452001301659616,0.9854497354497355,0.4911008569545155,0.6555213374395072,0.007069408740359897,0.9929305912596401,0.7420157241070778,0.9364943705576451,0.930786137570262,0.2460136674259681,3073,iscx,iscx,logistic,37,validation_fpr_limit,2.386249542236328,0.016818000003695488,0.00043480005115270615
160,5440,1008,5121,0.450251513342996,0.4848972635167124,0.8355359765051396,0.6136608747753146,0.9714285714285714,0.02857142857142857,0.43205370253828407,0.3515997250176772,0.1256767300654966,0.9004177679256543,11729,iscx,mendeley,logistic,37,default,5e-324,0.016818000003695488,0.0005250000394880772
115,5485,811,5318,0.46321084491431497,0.49227066555586413,0.8676782509381629,0.6281596976139854,0.9794642857142857,0.020535714285714286,0.4441069826119386,0.3515997250176772,0.1256767300654966,0.9210503879273595,11729,iscx,mendeley,logistic,37,validation_f1,-0.47409725189208984,0.016818000003695488,0.0005250000394880772
330,5270,2280,3849,0.3562963594509336,0.42208575501699747,0.6279980420949584,0.5048530954879329,0.9410714285714286,0.05892857142857143,0.3434633067617649,0.3515997250176772,0.1256767300654966,0.7774746355187996,11729,iscx,mendeley,logistic,37,validation_fpr_limit,2.386249542236328,0.016818000003695488,0.0005250000394880772
1421,135,162,1355,0.9033517735112269,0.9093959731543624,0.8932102834541858,0.9012304622547389,0.08676092544987146,0.9132390745501285,0.9032246790021572,0.9695875570055864,0.9625643732641036,0.48486820696387894,3073,iscx,iscx,random_forest,37,default,0.5000000000000001,1.2518761998508126,0.08877290016971529
1516,40,233,1284,0.9111617312072893,0.9697885196374623,0.8464073829927489,0.9039070749736009,0.02570694087403599,0.974293059125964,0.9103502210593564,0.9695875570055864,0.9625643732641036,0.43084933289944677,3073,iscx,iscx,random_forest,37,validation_f1,0.68,1.2518761998508126,0.08877290016971529
1525,31,271,1246,0.9017246989912138,0.975724353954581,0.8213579433091628,0.8919112383679313,0.01992287917737789,0.9800771208226221,0.9007175320658924,0.9695875570055864,0.9625643732641036,0.41555483241132446,3073,iscx,iscx,random_forest,37,validation_fpr_limit,0.8132380952380952,1.2518761998508126,0.08877290016971529
110,5490,562,5567,0.48401398243669536,0.5034819571312291,0.9083047805514766,0.6478529035261259,0.9803571428571428,0.019642857142857142,0.4639738188471669,0.4410780049342865,0.33964751882152766,0.9427061130531162,11729,iscx,mendeley,random_forest,37,default,0.5000000000000001,1.2518761998508126,0.13536069984547794
132,5468,736,5393,0.4710546508653764,0.4965472792560538,0.8799151574481971,0.6348440258975868,0.9764285714285714,0.023571428571428573,0.45174329300981286,0.4410780049342865,0.33964751882152766,0.9259953960269418,11729,iscx,mendeley,random_forest,37,validation_f1,0.68,1.2518761998508126,0.13536069984547794
165,5435,975,5154,0.4534913462358257,0.48673151383511193,0.8409202153695545,0.6165809307333413,0.9705357142857143,0.029464285714285714,0.4351922505419201,0.4410780049342865,0.33964751882152766,0.9028050132151079,11729,iscx,mendeley,random_forest,37,validation_fpr_limit,0.8132380952380952,1.2518761998508126,0.13536069984547794
1458,98,200,1317,0.9030263586072242,0.9307420494699646,0.8681608437705999,0.8983628922237381,0.06298200514138817,0.9370179948586118,0.9025894193146058,0.9662345126076358,0.9607871712705871,0.4604620891636837,3073,iscx,iscx,mlp,37,default,5e-324,2.878986599855125,0.0029937000945210457
1319,237,117,1400,0.8848031239830785,0.855222968845449,0.922874093605801,0.8877615726062144,0.15231362467866325,0.8476863753213367,0.8852802344635688,0.9662345126076358,0.9607871712705871,0.5327041978522616,3073,iscx,iscx,mlp,37,validation_f1,-1.258789300918579,2.878986599855125,0.0029937000945210457
1543,13,498,1019,0.8337129840546698,0.9874031007751938,0.6717205009887937,0.7995292271479011,0.008354755784061696,0.9916452442159382,0.831682872602366,0.9662345126076358,0.9607871712705871,0.3358281809306866,3073,iscx,iscx,mlp,37,validation_fpr_limit,2.2070913314819336,2.878986599855125,0.0029937000945210457
167,5433,942,5187,0.4564754028476426,0.4884180790960452,0.8463044542339696,0.6193802615081497,0.9701785714285714,0.02982142857142857,0.4380629414026991,0.3468558055088172,0.11548204671002027,0.9054480347855742,11729,iscx,mendeley,mlp,37,default,5e-324,2.878986599855125,0.014686399837955832
114,5486,612,5517,0.4800920794611646,0.5014087067163501,0.9001468428781204,0.6440579033387812,0.9796428571428571,0.02035714285714286,0.46025199286763163,0.3468558055088172,0.11548204671002027,0.9381021399948845,11729,iscx,mendeley,mlp,37,validation_f1,-1.258789300918579,2.878986599855125,0.014686399837955832
237,5363,1576,4553,0.40838946201722226,0.459156918112142,0.7428618045358133,0.5675288251791836,0.9576785714285714,0.04232142857142857,0.39259161655362096,0.3468558055088172,0.11548204671002027,0.8454258675078864,11729,iscx,mendeley,mlp,37,validation_fpr_limit,2.2070913314819336,2.878986599855125,0.014686399837955832
1428,128,150,1367,0.9095346566872763,0.91438127090301,0.9011206328279499,0.9077025232403718,0.08226221079691516,0.9177377892030848,0.9094292110155173,0.9649555342282989,0.9595874010570856,0.486495281483892,3073,iscx,iscx,dqn,37,default,5e-324,6.8952099999878556,0.0020485001150518656
1416,140,141,1376,0.9085584119752684,0.9076517150395779,0.9070533948582729,0.9073524563138806,0.08997429305912596,0.910025706940874,0.9085395508995735,0.9649555342282989,0.9595874010570856,0.49332899446794665,3073,iscx,iscx,dqn,37,validation_f1,-0.0655527114868164,6.8952099999878556,0.0020485001150518656
1544,12,564,953,0.8125610152945005,0.9875647668393782,0.6282135794330916,0.7679290894439967,0.007712082262210797,0.9922879177377892,0.8102507485854404,0.9649555342282989,0.9595874010570856,0.3140253823625122,3073,iscx,iscx,dqn,37,validation_fpr_limit,1.2384405136108398,6.8952099999878556,0.0020485001150518656
138,5462,818,5311,0.46457498507971695,0.49299173860577367,0.866536139663893,0.6284463377115135,0.9753571428571428,0.024642857142857143,0.4455894984033751,0.3477059128498968,0.12178858413164581,0.9184926251172308,11729,iscx,mendeley,dqn,37,default,5e-324,6.8952099999878556,0.009680199902504683
132,5468,794,5335,0.4661096427657942,0.4938443025085624,0.8704519497471039,0.6301677297424995,0.9764285714285714,0.023571428571428573,0.44701168915926626,0.3477059128498968,0.12178858413164581,0.9210503879273595,11729,iscx,mendeley,dqn,37,validation_f1,-0.0655527114868164,6.8952099999878556,0.009680199902504683
238,5362,1635,4494,0.40344445391764006,0.4559659090909091,0.733235438081253,0.562277134813888,0.9575,0.0425,0.3878677190406265,0.3477059128498968,0.12178858413164581,0.840310341887629,11729,iscx,mendeley,dqn,37,validation_fpr_limit,1.2384405136108398,6.8952099999878556,0.009680199902504683
1420,136,145,1372,0.9085584119752684,0.9098143236074271,0.9044166117336849,0.9071074380165289,0.08740359897172237,0.9125964010282777,0.9085065063809813,0.9650966176973342,0.9595789281036006,0.4907256752359258,3073,iscx,iscx,ddqn,37,default,5e-324,6.756240000016987,0.0034245001152157784
1421,135,145,1372,0.908883826879271,0.9104180491041804,0.9044166117336849,0.9074074074074074,0.08676092544987146,0.9132390745501285,0.9088278431419068,0.9650966176973342,0.9595789281036006,0.4904002603319232,3073,iscx,iscx,ddqn,37,validation_f1,0.005280017852783203,6.756240000016987,0.0034245001152157784
1544,12,564,953,0.8125610152945005,0.9875647668393782,0.6282135794330916,0.7679290894439967,0.007712082262210797,0.9922879177377892,0.8102507485854404,0.9650966176973342,0.9595789281036006,0.3140253823625122,3073,iscx,iscx,ddqn,37,validation_fpr_limit,1.284717082977295,6.756240000016987,0.0034245001152157784
133,5467,801,5328,0.4655980902037684,0.4935618341824919,0.869309838472834,0.6296383833609076,0.97625,0.02375,0.44652991923641705,0.34634180213234855,0.11614668554646529,0.9203683178446586,11729,iscx,mendeley,ddqn,37,default,5e-324,6.756240000016987,0.009995199972763658
133,5467,801,5328,0.4655980902037684,0.4935618341824919,0.869309838472834,0.6296383833609076,0.97625,0.02375,0.44652991923641705,0.34634180213234855,0.11614668554646529,0.9203683178446586,11729,iscx,mendeley,ddqn,37,validation_f1,0.005280017852783203,6.756240000016987,0.009995199972763658
240,5360,1662,4467,0.4013129849091994,0.45456395644652486,0.7288301517376408,0.5599147656054149,0.9571428571428572,0.04285714285714286,0.3858436472973918,0.34634180213234855,0.11614668554646529,0.8378378378378378,11729,iscx,mendeley,ddqn,37,validation_fpr_limit,1.284717082977295,6.756240000016987,0.009995199972763658
0,1556,0,1517,0.4936544093719492,0.4936544093719492,1.0,0.6610021786492375,1.0,0.0,0.5,0.4936544093719492,0.5,1.0,3073,iscx,iscx,always_malicious,51,default,0.5000000000000001,9.249988943338394e-05,4.269997589290142e-05
0,1556,0,1517,0.4936544093719492,0.4936544093719492,1.0,0.6610021786492375,1.0,0.0,0.5,0.4936544093719492,0.5,1.0,3073,iscx,iscx,always_malicious,51,validation_f1,1.0,9.249988943338394e-05,4.269997589290142e-05
1556,0,1517,0,0.5063455906280507,0.0,0.0,0.0,0.0,1.0,0.5,0.4936544093719492,0.5,0.0,3073,iscx,iscx,always_malicious,51,validation_fpr_limit,1.0000000000000002,9.249988943338394e-05,4.269997589290142e-05
0,5600,0,6129,0.5225509421093018,0.5225509421093018,1.0,0.6864150520775003,1.0,0.0,0.5,0.5225509421093018,0.5,1.0,11729,iscx,mendeley,always_malicious,51,default,0.5000000000000001,9.249988943338394e-05,6.869994103908539e-05
0,5600,0,6129,0.5225509421093018,0.5225509421093018,1.0,0.6864150520775003,1.0,0.0,0.5,0.5225509421093018,0.5,1.0,11729,iscx,mendeley,always_malicious,51,validation_f1,1.0,9.249988943338394e-05,6.869994103908539e-05
5600,0,6129,0,0.47744905789069825,0.0,0.0,0.0,0.0,1.0,0.5,0.5225509421093018,0.5,0.0,11729,iscx,mendeley,always_malicious,51,validation_fpr_limit,1.0000000000000002,9.249988943338394e-05,6.869994103908539e-05
1369,187,319,1198,0.8353400585746827,0.8649819494584837,0.7897165458141068,0.8256374913852516,0.12017994858611825,0.8798200514138818,0.8347682986139943,0.9364943705576451,0.930786137570262,0.4506996420436056,3073,iscx,iscx,logistic,51,default,5e-324,0.01953950012102723,0.0003891000524163246
1298,258,181,1336,0.8571428571428571,0.8381430363864492,0.8806855636123929,0.8588878174220508,0.16580976863753213,0.8341902313624678,0.8574378974874304,0.9364943705576451,0.930786137570262,0.5187113569801497,3073,iscx,iscx,logistic,51,validation_f1,-0.47409725189208984,0.01953950012102723,0.0003891000524163246
1545,11,772,745,0.7452001301659616,0.9854497354497355,0.4911008569545155,0.6555213374395072,0.007069408740359897,0.9929305912596401,0.7420157241070778,0.9364943705576451,0.930786137570262,0.2460136674259681,3073,iscx,iscx,logistic,51,validation_fpr_limit,2.386249542236328,0.01953950012102723,0.0003891000524163246
160,5440,1008,5121,0.450251513342996,0.4848972635167124,0.8355359765051396,0.6136608747753146,0.9714285714285714,0.02857142857142857,0.43205370253828407,0.3515997250176772,0.1256767300654966,0.9004177679256543,11729,iscx,mendeley,logistic,51,default,5e-324,0.01953950012102723,0.00055720005184412
115,5485,811,5318,0.46321084491431497,0.49227066555586413,0.8676782509381629,0.6281596976139854,0.9794642857142857,0.020535714285714286,0.4441069826119386,0.3515997250176772,0.1256767300654966,0.9210503879273595,11729,iscx,mendeley,logistic,51,validation_f1,-0.47409725189208984,0.01953950012102723,0.00055720005184412
330,5270,2280,3849,0.3562963594509336,0.42208575501699747,0.6279980420949584,0.5048530954879329,0.9410714285714286,0.05892857142857143,0.3434633067617649,0.3515997250176772,0.1256767300654966,0.7774746355187996,11729,iscx,mendeley,logistic,51,validation_fpr_limit,2.386249542236328,0.01953950012102723,0.00055720005184412
1415,141,158,1359,0.9027009437032216,0.906,0.8958470665787739,0.9008949287371562,0.09061696658097686,0.9093830334190232,0.9026150499988985,0.9704068913995028,0.9628886755587489,0.48812235600390497,3073,iscx,iscx,random_forest,51,default,0.5000000000000001,1.0999809000641108,0.11598929995670915
1513,43,226,1291,0.9124633908232997,0.9677661169415293,0.8510217534607778,0.9056471413539109,0.027634961439588688,0.9723650385604113,0.9116933960105946,0.9704068913995028,0.9628886755587489,0.43410348193947285,3073,iscx,iscx,random_forest,51,validation_f1,0.6714397546897547,1.0999809000641108,0.11598929995670915
1526,30,283,1234,0.8981451350471852,0.9762658227848101,0.8134475939353988,0.88745055735347,0.019280205655526992,0.980719794344473,0.8970836941399358,0.9704068913995028,0.9628886755587489,0.4113244386592906,3073,iscx,iscx,random_forest,51,validation_fpr_limit,0.8325,1.0999809000641108,0.11598929995670915
111,5489,553,5576,0.4848665700400716,0.5039313149570719,0.9097732093326807,0.6485983482610213,0.9801785714285715,0.01982142857142857,0.4647973189520546,0.44631804001990405,0.35013919481155165,0.9433881831358172,11729,iscx,mendeley,random_forest,51,default,0.5000000000000001,1.0999809000641108,0.14580850000493228
137,5463,718,5411,0.4730156023531418,0.4976089755379805,0.8828520150106053,0.6364759160148209,0.9755357142857143,0.024464285714285713,0.4536581503624455,0.44631804001990405,0.35013919481155165,0.9271037599113309,11729,iscx,mendeley,random_forest,51,validation_f1,0.6714397546897547,1.0999809000641108,0.14580850000493228
166,5434,990,5139,0.452297723591099,0.48604937103944007,0.8384728340675477,0.6153754041432163,0.9703571428571428,0.029642857142857144,0.43405784560520244,0.44631804001990405,0.35013919481155165,0.9014408730497059,11729,iscx,mendeley,random_forest,51,validation_fpr_limit,0.8325,1.0999809000641108,0.14580850000493228
1430,126,143,1374,0.9124633908232997,0.916,0.9057350032959789,0.9108385813722241,0.08097686375321336,0.9190231362467867,0.9123790697713827,0.9666436663379514,0.9613019031948118,0.48812235600390497,3073,iscx,iscx,mlp,51,default,5e-324,5.147602499928325,0.005768799921497703
1420,136,133,1384,0.9124633908232997,0.9105263157894737,0.9123269611074489,0.9114257490945011,0.08740359897172237,0.9125964010282777,0.9124616810678633,0.9666436663379514,0.9613019031948118,0.49463065408395707,3073,iscx,iscx,mlp,51,validation_f1,-0.07830780744552612,5.147602499928325,0.005768799921497703
1542,14,516,1001,0.8275301008786202,0.9862068965517241,0.6598549769281477,0.7906793048973144,0.008997429305912597,0.9910025706940874,0.8254287738111175,0.9666436663379514,0.9613019031948118,0.33029612756264237,3073,iscx,iscx,mlp,51,validation_fpr_limit,2.8203625679016113,5.147602499928325,0.005768799921497703
129,5471,740,5389,0.47045783954301307,0.49622467771639045,0.8792625224343286,0.6344105009123551,0.9769642857142857,0.023035714285714284,0.4511491183600214,0.3470563054917969,0.11902856443605343,0.9259101372666041,11729,iscx,mendeley,mlp,51,default,5e-324,5.147602499928325,0.023957099998369813
125,5475,691,5438,0.47429448375820615,0.49830477412260604,0.8872573013542177,0.6381880061025701,0.9776785714285714,0.022321428571428572,0.45478936496282313,0.3470563054917969,0.11902856443605343,0.9304288515644983,11729,iscx,mendeley,mlp,51,validation_f1,-0.07830780744552612,5.147602499928325,0.023957099998369813
232,5368,1617,4512,0.4044675590416915,0.45668016194331984,0.7361722956436613,0.5636829283528015,0.9585714285714285,0.041428571428571426,0.3888004335361164,0.3470563054917969,0.11902856443605343,0.8423565521357319,11729,iscx,mendeley,mlp,51,validation_fpr_limit,2.8203625679016113,5.147602499928325,0.023957099998369813
1416,140,144,1373,0.9075821672632607,0.907468605419696,0.9050758075148319,0.9062706270627062,0.08997429305912596,0.910025706940874,0.9075507572278529,0.9633235157697702,0.9583012067180354,0.49235274975593885,3073,iscx,iscx,dqn,51,default,5e-324,6.885037599829957,0.002239899942651391
1406,150,133,1384,0.9079075821672633,0.9022164276401564,0.9123269611074489,0.9072435267125533,0.09640102827763496,0.903598971722365,0.9079629664149069,0.9633235157697702,0.9583012067180354,0.4991864627399935,3073,iscx,iscx,dqn,51,validation_f1,-0.07278013229370117,6.885037599829957,0.002239899942651391
1547,9,608,909,0.7992190042303937,0.9901960784313726,0.5992089650626236,0.746611909650924,0.005784061696658098,0.9942159383033419,0.7967124516829827,0.9633235157697702,0.9583012067180354,0.29873088187438984,3073,iscx,iscx,dqn,51,validation_fpr_limit,1.508328914642334,6.885037599829957,0.002239899942651391
132,5468,848,5281,0.46150566970756246,0.4913015164201321,0.8616413770598793,0.6257850456215192,0.9764285714285714,0.023571428571428573,0.44260640281565394,0.42707069298598377,0.26474070869169986,0.9164464148691278,11729,iscx,mendeley,dqn,51,default,5e-324,6.885037599829957,0.007535299984738231
124,5476,816,5313,0.46355187995566544,0.49244600982482156,0.8668624571708272,0.6280884265279584,0.9778571428571429,0.02214285714285714,0.4445026571568422,0.42707069298598377,0.26474070869169986,0.9198567652826328,11729,iscx,mendeley,dqn,51,validation_f1,-0.07278013229370117,6.885037599829957,0.007535299984738231
255,5345,1853,4276,0.3863074430897775,0.4444444444444444,0.6976668298254202,0.542984126984127,0.9544642857142858,0.045535714285714284,0.3716012720555672,0.42707069298598377,0.26474070869169986,0.8202745332082871,11729,iscx,mendeley,dqn,51,validation_fpr_limit,1.508328914642334,6.885037599829957,0.007535299984738231
1412,144,143,1374,0.9066059225512528,0.9051383399209486,0.9057350032959789,0.9054365733113674,0.09254498714652956,0.9074550128534704,0.9065950080747247,0.9618729858480556,0.9573547778137407,0.49397982427595183,3073,iscx,iscx,ddqn,51,default,5e-324,7.838495400035754,0.002080499893054366
1412,144,143,1374,0.9066059225512528,0.9051383399209486,0.9057350032959789,0.9054365733113674,0.09254498714652956,0.9074550128534704,0.9065950080747247,0.9618729858480556,0.9573547778137407,0.49397982427595183,3073,iscx,iscx,ddqn,51,validation_f1,-0.008530616760253906,7.838495400035754,0.002080499893054366
1547,9,644,873,0.7875040676863,0.9897959183673469,0.5754779169413315,0.7278032513547311,0.005784061696658098,0.9942159383033419,0.7848469276223367,0.9618729858480556,0.9573547778137407,0.2870159453302961,3073,iscx,iscx,ddqn,51,validation_fpr_limit,1.5535106658935547,7.838495400035754,0.002080499893054366
129,5471,839,5290,0.4620172222695882,0.4915900009292817,0.8631098058410833,0.6264061574896388,0.9769642857142857,0.023035714285714284,0.4430727600633988,0.5289646038592188,0.4093362643637974,0.9174695199931793,11729,iscx,mendeley,ddqn,51,default,5e-324,7.838495400035754,0.01777609996497631
129,5471,836,5293,0.46227299855060106,0.4917316982534374,0.8635992821014847,0.6266500917539809,0.9769642857142857,0.023035714285714284,0.4433174981935995,0.5289646038592188,0.4093362643637974,0.9177252962741922,11729,iscx,mendeley,ddqn,51,validation_f1,-0.008530616760253906,7.838495400035754,0.01777609996497631
257,5343,1901,4228,0.38238554011424675,0.44175112318462023,0.6898352096589982,0.5385987261146497,0.9541071428571428,0.045892857142857145,0.3678640334009277,0.5289646038592188,0.4093362643637974,0.8160115951914059,11729,iscx,mendeley,ddqn,51,validation_fpr_limit,1.5535106658935547,7.838495400035754,0.01777609996497631
0,1556,0,1517,0.4936544093719492,0.4936544093719492,1.0,0.6610021786492375,1.0,0.0,0.5,0.4936544093719492,0.5,1.0,3073,iscx,iscx,always_malicious,71,default,0.5000000000000001,7.54999928176403e-05,6.270012818276882e-05
0,1556,0,1517,0.4936544093719492,0.4936544093719492,1.0,0.6610021786492375,1.0,0.0,0.5,0.4936544093719492,0.5,1.0,3073,iscx,iscx,always_malicious,71,validation_f1,1.0,7.54999928176403e-05,6.270012818276882e-05
1556,0,1517,0,0.5063455906280507,0.0,0.0,0.0,0.0,1.0,0.5,0.4936544093719492,0.5,0.0,3073,iscx,iscx,always_malicious,71,validation_fpr_limit,1.0000000000000002,7.54999928176403e-05,6.270012818276882e-05
0,5600,0,6129,0.5225509421093018,0.5225509421093018,1.0,0.6864150520775003,1.0,0.0,0.5,0.5225509421093018,0.5,1.0,11729,iscx,mendeley,always_malicious,71,default,0.5000000000000001,7.54999928176403e-05,6.149988621473312e-05
0,5600,0,6129,0.5225509421093018,0.5225509421093018,1.0,0.6864150520775003,1.0,0.0,0.5,0.5225509421093018,0.5,1.0,11729,iscx,mendeley,always_malicious,71,validation_f1,1.0,7.54999928176403e-05,6.149988621473312e-05
5600,0,6129,0,0.47744905789069825,0.0,0.0,0.0,0.0,1.0,0.5,0.5225509421093018,0.5,0.0,11729,iscx,mendeley,always_malicious,71,validation_fpr_limit,1.0000000000000002,7.54999928176403e-05,6.149988621473312e-05
1369,187,319,1198,0.8353400585746827,0.8649819494584837,0.7897165458141068,0.8256374913852516,0.12017994858611825,0.8798200514138818,0.8347682986139943,0.9364943705576451,0.930786137570262,0.4506996420436056,3073,iscx,iscx,logistic,71,default,5e-324,0.020217099925503135,0.0007927999831736088
1298,258,181,1336,0.8571428571428571,0.8381430363864492,0.8806855636123929,0.8588878174220508,0.16580976863753213,0.8341902313624678,0.8574378974874304,0.9364943705576451,0.930786137570262,0.5187113569801497,3073,iscx,iscx,logistic,71,validation_f1,-0.47409725189208984,0.020217099925503135,0.0007927999831736088
1545,11,772,745,0.7452001301659616,0.9854497354497355,0.4911008569545155,0.6555213374395072,0.007069408740359897,0.9929305912596401,0.7420157241070778,0.9364943705576451,0.930786137570262,0.2460136674259681,3073,iscx,iscx,logistic,71,validation_fpr_limit,2.386249542236328,0.020217099925503135,0.0007927999831736088
160,5440,1008,5121,0.450251513342996,0.4848972635167124,0.8355359765051396,0.6136608747753146,0.9714285714285714,0.02857142857142857,0.43205370253828407,0.3515997250176772,0.1256767300654966,0.9004177679256543,11729,iscx,mendeley,logistic,71,default,5e-324,0.020217099925503135,0.0005050001200288534
115,5485,811,5318,0.46321084491431497,0.49227066555586413,0.8676782509381629,0.6281596976139854,0.9794642857142857,0.020535714285714286,0.4441069826119386,0.3515997250176772,0.1256767300654966,0.9210503879273595,11729,iscx,mendeley,logistic,71,validation_f1,-0.47409725189208984,0.020217099925503135,0.0005050001200288534
330,5270,2280,3849,0.3562963594509336,0.42208575501699747,0.6279980420949584,0.5048530954879329,0.9410714285714286,0.05892857142857143,0.3434633067617649,0.3515997250176772,0.1256767300654966,0.7774746355187996,11729,iscx,mendeley,logistic,71,validation_fpr_limit,2.386249542236328,0.020217099925503135,0.0005050001200288534
1415,141,156,1361,0.9033517735112269,0.9061251664447404,0.8971654581410679,0.9016230539913879,0.09061696658097686,0.9093830334190232,0.9032742457800456,0.9710702738513364,0.9627812808733242,0.4887731858119102,3073,iscx,iscx,random_forest,71,default,0.5000000000000001,1.2685912000015378,0.10036400007084012
1511,45,223,1294,0.9127888057273024,0.9663928304705004,0.8529993408042189,0.9061624649859944,0.02892030848329049,0.9710796915167095,0.9120395161604642,0.9710702738513364,0.9627812808733242,0.43573055645948583,3073,iscx,iscx,random_forest,71,validation_f1,0.655,1.2685912000015378,0.10036400007084012
1526,30,274,1243,0.9010738691832086,0.97643362136685,0.8193803559657218,0.8910394265232975,0.019280205655526992,0.980719794344473,0.9000500751550974,0.9710702738513364,0.9627812808733242,0.41425317279531404,3073,iscx,iscx,random_forest,71,validation_fpr_limit,0.81,1.2685912000015378,0.10036400007084012
114,5486,575,5554,0.48324665359365676,0.5030797101449276,0.906183716756404,0.646980022132914,0.9796428571428571,0.02035714285714286,0.4632704298067734,0.4466144666923358,0.3507266245950167,0.9412567141273765,11729,iscx,mendeley,random_forest,71,default,0.5000000000000001,1.2685912000015378,0.19603449990972877
130,5470,702,5427,0.4737829311961804,0.49802697990272554,0.8854625550660793,0.6374955949723952,0.9767857142857143,0.023214285714285715,0.4543384203901825,0.4466144666923358,0.3507266245950167,0.9290647113990963,11729,iscx,mendeley,random_forest,71,validation_f1,0.655,1.2685912000015378,0.19603449990972877
166,5434,988,5141,0.45246824111177425,0.4861465721040189,0.8387991515744819,0.6155411877394636,0.9703571428571428,0.029642857142857144,0.43422100435866956,0.4466144666923358,0.3507266245950167,0.9016113905703811,11729,iscx,mendeley,random_forest,71,validation_fpr_limit,0.81,1.2685912000015378,0.19603449990972877
1437,119,155,1362,0.9108363163032867,0.9196488858879136,0.8978246539222149,0.9086057371581054,0.07647814910025708,0.9235218508997429,0.9106732524109789,0.9670513682336934,0.9615760032400573,0.48193947282785554,3073,iscx,iscx,mlp,71,default,5e-324,4.989124400075525,0.0071986999828368425
1417,139,142,1375,0.9085584119752684,0.9081902245706737,0.9063941990771259,0.907291322995711,0.08933161953727506,0.9106683804627249,0.9085312897699254,0.9670513682336934,0.9615760032400573,0.4926781646599414,3073,iscx,iscx,mlp,71,validation_f1,-0.3802308440208435,4.989124400075525,0.0071986999828368425
1543,13,510,1007,0.8298080052066384,0.9872549019607844,0.6638101516150297,0.7938510051241624,0.008354755784061696,0.9916452442159382,0.827727697915484,0.9670513682336934,0.9615760032400573,0.3319232020826554,3073,iscx,iscx,mlp,71,validation_fpr_limit,2.610110282897949,4.989124400075525,0.0071986999828368425
146,5454,770,5359,0.46934947565862395,0.49560713955424024,0.8743677598303149,0.6326289694250974,0.9739285714285715,0.026071428571428572,0.4502195942008717,0.34607432819961986,0.11490159487681514,0.9219029755307357,11729,iscx,mendeley,mlp,71,default,5e-324,4.989124400075525,0.022875400027260184
123,5477,671,5458,0.4758291414442834,0.49913122999542753,0.8905204764235601,0.6397093295827473,0.9780357142857142,0.021964285714285714,0.4562423810689229,0.34607432819961986,0.11490159487681514,0.932304544291926,11729,iscx,mendeley,mlp,71,validation_f1,-0.3802308440208435,4.989124400075525,0.022875400027260184
231,5369,1585,4544,0.4071105806121579,0.45838797538585696,0.7413933757546093,0.5665129036279766,0.95875,0.04125,0.39132168787730465,0.34607432819961986,0.11490159487681514,0.8451700912268736,11729,iscx,mendeley,mlp,71,validation_fpr_limit,2.610110282897949,4.989124400075525,0.022875400027260184
1466,90,229,1288,0.8961926456231696,0.9346879535558781,0.8490441661173368,0.8898100172711572,0.05784061696658098,0.9421593830334191,0.8956017745753779,0.9633293454020361,0.9586227553027978,0.44842173771558735,3073,iscx,iscx,dqn,71,default,5e-324,10.309085699962452,0.005472500110045075
1417,139,144,1373,0.9079075821672633,0.908068783068783,0.9050758075148319,0.9065698250247607,0.08933161953727506,0.9106683804627249,0.9078720939887783,0.9633293454020361,0.9586227553027978,0.4920273348519362,3073,iscx,iscx,dqn,71,validation_f1,-0.3859405517578125,10.309085699962452,0.005472500110045075
1544,12,569,948,0.8109339407744874,0.9875,0.6249176005273567,0.7654420670165523,0.007712082262210797,0.9922879177377892,0.808602759132573,0.9633293454020361,0.9586227553027978,0.31239830784249917,3073,iscx,iscx,dqn,71,validation_fpr_limit,1.0435500144958496,10.309085699962452,0.005472500110045075
173,5427,1052,5077,0.44760849177252965,0.48333968012185835,0.8283569913525861,0.6104731557746649,0.9691071428571428,0.030892857142857142,0.42962492424772164,0.35737582173835786,0.1596969908864182,0.8955580185864097,11729,iscx,mendeley,dqn,71,default,5e-324,10.309085699962452,0.060824799817055464
136,5464,863,5266,0.4605678233438486,0.4907735321528425,0.8591939957578724,0.6247108369416928,0.9757142857142858,0.024285714285714285,0.4417398550217933,0.35737582173835786,0.1596969908864182,0.9148264984227129,11729,iscx,mendeley,dqn,71,validation_f1,-0.3859405517578125,10.309085699962452,0.060824799817055464
238,5362,1802,4327,0.3892062409412567,0.4465889152647332,0.7059879262522434,0.5470982425085346,0.9575,0.0425,0.3742439631261217,0.35737582173835786,0.1596969908864182,0.8260721289112456,11729,iscx,mendeley,dqn,71,validation_fpr_limit,1.0435500144958496,10.309085699962452,0.060824799817055464
1468,88,228,1289,0.8971688903351773,0.9360929557007989,0.8497033618984838,0.8908085694540429,0.056555269922879174,0.9434447300771208,0.8965740459878023,0.9634307881683113,0.9587926380201759,0.4480963228115848,3073,iscx,iscx,ddqn,71,default,5e-324,9.865101400064304,0.0034304000437259674
1417,139,144,1373,0.9079075821672633,0.908068783068783,0.9050758075148319,0.9065698250247607,0.08933161953727506,0.9106683804627249,0.9078720939887783,0.9634307881683113,0.9587926380201759,0.4920273348519362,3073,iscx,iscx,ddqn,71,validation_f1,-0.4156680107116699,9.865101400064304,0.0034304000437259674
1542,14,563,954,0.8122356003904979,0.9855371900826446,0.6288727752142387,0.7678068410462776,0.008997429305912597,0.9910025706940874,0.809937672954163,0.9634307881683113,0.9587926380201759,0.31500162707452,3073,iscx,iscx,ddqn,71,validation_fpr_limit,1.0290398597717285,9.865101400064304,0.0034304000437259674
173,5427,1052,5077,0.44760849177252965,0.48333968012185835,0.8283569913525861,0.6104731557746649,0.9691071428571428,0.030892857142857142,0.42962492424772164,0.3609371262913813,0.16637612754352843,0.8955580185864097,11729,iscx,mendeley,ddqn,71,default,5e-324,9.865101400064304,0.013261000160127878
136,5464,857,5272,0.46107937590587433,0.4910581222056632,0.8601729482786752,0.6252001185887933,0.9757142857142858,0.024285714285714285,0.4422293312821947,0.3609371262913813,0.16637612754352843,0.9153380509847386,11729,iscx,mendeley,ddqn,71,validation_f1,-0.4156680107116699,9.865101400064304,0.013261000160127878
237,5363,1770,4359,0.3918492625117231,0.4483645340464925,0.7112090063631914,0.5499968456248817,0.9576785714285714,0.04232142857142857,0.37676521746731,0.3609371262913813,0.16637612754352843,0.8288856680023873,11729,iscx,mendeley,ddqn,71,validation_fpr_limit,1.0290398597717285,9.865101400064304,0.013261000160127878
0,1556,0,1517,0.4936544093719492,0.4936544093719492,1.0,0.6610021786492375,1.0,0.0,0.5,0.4936544093719492,0.5,1.0,3073,mendeley,iscx,always_malicious,11,default,0.5000000000000001,7.24999699741602e-05,8.740019984543324e-05
0,1556,0,1517,0.4936544093719492,0.4936544093719492,1.0,0.6610021786492375,1.0,0.0,0.5,0.4936544093719492,0.5,1.0,3073,mendeley,iscx,always_malicious,11,validation_f1,1.0,7.24999699741602e-05,8.740019984543324e-05
1556,0,1517,0,0.5063455906280507,0.0,0.0,0.0,0.0,1.0,0.5,0.4936544093719492,0.5,0.0,3073,mendeley,iscx,always_malicious,11,validation_fpr_limit,1.0000000000000002,7.24999699741602e-05,8.740019984543324e-05
0,5600,0,6129,0.5225509421093018,0.5225509421093018,1.0,0.6864150520775003,1.0,0.0,0.5,0.5225509421093018,0.5,1.0,11729,mendeley,mendeley,always_malicious,11,default,0.5000000000000001,7.24999699741602e-05,7.319985888898373e-05
0,5600,0,6129,0.5225509421093018,0.5225509421093018,1.0,0.6864150520775003,1.0,0.0,0.5,0.5225509421093018,0.5,1.0,11729,mendeley,mendeley,always_malicious,11,validation_f1,1.0,7.24999699741602e-05,7.319985888898373e-05
5600,0,6129,0,0.47744905789069825,0.0,0.0,0.0,0.0,1.0,0.5,0.5225509421093018,0.5,0.0,11729,mendeley,mendeley,always_malicious,11,validation_fpr_limit,1.0000000000000002,7.24999699741602e-05,7.319985888898373e-05
2,1554,2,1515,0.4936544093719492,0.49364613880742914,0.998681608437706,0.6607064980375055,0.9987146529562982,0.0012853470437017994,0.4999834777407039,0.47254907174153826,0.2908370939125218,0.9986983403839896,3073,mendeley,iscx,logistic,11,default,5e-324,0.061304999981075525,0.00040529994294047356
0,1556,0,1517,0.4936544093719492,0.4936544093719492,1.0,0.6610021786492375,1.0,0.0,0.5,0.47254907174153826,0.2908370939125218,1.0,3073,mendeley,iscx,logistic,11,validation_f1,-0.9914124011993408,0.061304999981075525,0.00040529994294047356
988,568,1148,369,0.4415880247315327,0.39381003201707576,0.24324324324324326,0.30073349633251834,0.36503856041131105,0.6349614395886889,0.43910234141596605,0.47254907174153826,0.2908370939125218,0.3049137650504393,3073,mendeley,iscx,logistic,11,validation_fpr_limit,3.0578999519348145,0.061304999981075525,0.00040529994294047356
4496,1104,867,5262,0.8319549833745418,0.8265786993402451,0.8585413607440039,0.8422569027611044,0.19714285714285715,0.8028571428571428,0.8306992518005734,0.8703285560103796,0.8942505477472438,0.5427572683093188,11729,mendeley,mendeley,logistic,11,default,5e-324,0.061304999981075525,0.00045190006494522095
4274,1326,543,5586,0.8406513769289794,0.8081597222222222,0.911404796867352,0.856682769726248,0.2367857142857143,0.7632142857142857,0.8373095412908189,0.8703285560103796,0.8942505477472438,0.5893085514536619,11729,mendeley,mendeley,logistic,11,validation_f1,-0.9914124011993408,0.061304999981075525,0.00045190006494522095
5508,92,5411,718,0.5308210418620514,0.8864197530864197,0.11714798498939469,0.2069462458567517,0.016428571428571428,0.9835714285714285,0.5503597067804116,0.8703285560103796,0.8942505477472438,0.069059595873476,11729,mendeley,mendeley,logistic,11,validation_fpr_limit,3.0578999519348145,0.061304999981075525,0.00045190006494522095
81,1475,60,1457,0.5004881223560039,0.49693042291950884,0.96044825313118,0.6549786468869409,0.9479434447300771,0.05205655526992288,0.5062524042005514,0.5344770810467618,0.5364152713124435,0.954116498535633,3073,mendeley,iscx,random_forest,11,default,0.5000000000000001,3.447637700010091,0.12312699994072318
35,1521,9,1508,0.5021151968760169,0.4978540772532189,0.994067237969677,0.6634403871535416,0.9775064267352185,0.02249357326478149,0.5082804056172292,0.5344770810467618,0.5364152713124435,0.9856817442238854,3073,mendeley,iscx,random_forest,11,validation_f1,0.3,3.447637700010091,0.12312699994072318
1082,474,899,618,0.5532053368044256,0.5659340659340659,0.40738299274884643,0.4737447297815255,0.3046272493573265,0.6953727506426736,0.55137787169576,0.5344770810467618,0.5364152713124435,0.3553530751708428,3073,mendeley,iscx,random_forest,11,validation_fpr_limit,0.9853571428571428,3.447637700010091,0.12312699994072318
4305,1295,565,5564,0.841418705772018,0.811196967487972,0.9078153042910753,0.8567908838928241,0.23125,0.76875,0.8382826521455377,0.903790449315101,0.9116495932685362,0.5847898371557677,11729,mendeley,mendeley,random_forest,11,default,0.5000000000000001,3.447637700010091,0.2608071998693049
3517,2083,128,6001,0.8114928808935118,0.7423305294408709,0.9791156795562082,0.8444381903890804,0.3719642857142857,0.6280357142857143,0.8035756969209612,0.903790449315101,0.9116495932685362,0.689231818569358,11729,mendeley,mendeley,random_forest,11,validation_f1,0.3,3.447637700010091,0.2608071998693049
5569,31,5013,1116,0.5699548128570211,0.972972972972973,0.18208516886930984,0.3067619571192963,0.005535714285714285,0.9944642857142857,0.5882747272917977,0.903790449315101,0.9116495932685362,0.09779179810725552,11729,mendeley,mendeley,random_forest,11,validation_fpr_limit,0.9853571428571428,3.447637700010091,0.2608071998693049
0,1556,2,1515,0.493003579563944,0.493324649951156,0.998681608437706,0.6604184829991282,1.0,0.0,0.499340804218853,0.5853395604217828,0.4597301703233109,0.9993491701919948,3073,mendeley,iscx,mlp,11,default,5e-324,4.279490600107238,0.0022899999748915434
0,1556,0,1517,0.4936544093719492,0.4936544093719492,1.0,0.6610021786492375,1.0,0.0,0.5,0.5853395604217828,0.4597301703233109,1.0,3073,mendeley,iscx,mlp,11,validation_f1,-1.2003870010375977,4.279490600107238,0.0022899999748915434
1203,353,957,560,0.5737064757565896,0.6133625410733844,0.3691496374423204,0.4609053497942387,0.2268637532133676,0.7731362467866324,0.5711429421144764,0.5853395604217828,0.4597301703233109,0.2971038073543768,3073,mendeley,iscx,mlp,11,validation_fpr_limit,2.1407063007354736,4.279490600107238,0.0022899999748915434
4363,1237,613,5516,0.8422712933753943,0.8168221531171331,0.8999836841246532,0.856388759509393,0.22089285714285714,0.7791071428571429,0.8395454134908981,0.8894122857755179,0.9027586211919912,0.5757524085599796,11729,mendeley,mendeley,mlp,11,default,5e-324,4.279490600107238,0.007286299951374531
4190,1410,462,5667,0.8403956006479666,0.8007630351844002,0.924620655898189,0.858246251703771,0.2517857142857143,0.7482142857142857,0.8364174708062373,0.8894122857755179,0.9027586211919912,0.60337624690937,11729,mendeley,mendeley,mlp,11,validation_f1,-1.2003870010375977,4.279490600107238,0.007286299951374531
5541,59,5005,1124,0.5682496376502686,0.9501267962806424,0.18339043889704681,0.3074398249452954,0.010535714285714285,0.9894642857142857,0.5864273623056663,0.8894122857755179,0.9027586211919912,0.10086111347941001,11729,mendeley,mendeley,mlp,11,validation_fpr_limit,2.1407063007354736,4.279490600107238,0.007286299951374531
0,1556,0,1517,0.4936544093719492,0.4936544093719492,1.0,0.6610021786492375,1.0,0.0,0.5,0.41972031432882934,0.24054630214891046,1.0,3073,mendeley,iscx,dqn,11,default,5e-324,5.215764299966395,0.0036993001122027636
0,1556,0,1517,0.4936544093719492,0.4936544093719492,1.0,0.6610021786492375,1.0,0.0,0.5,0.41972031432882934,0.24054630214891046,1.0,3073,mendeley,iscx,dqn,11,validation_f1,-0.4742307662963867,5.215764299966395,0.0036993001122027636
670,886,1152,365,0.3368044256426944,0.2917665867306155,0.24060646011865525,0.26372832369942195,0.5694087403598972,0.4305912596401028,0.33559885987937904,0.41972031432882934,0.24054630214891046,0.40709404490725676,3073,mendeley,iscx,dqn,11,validation_fpr_limit,1.9714641571044922,5.215764299966395,0.0036993001122027636
4318,1282,597,5532,0.8397987893256033,0.8118579395362489,0.9025942241801272,0.854825001931546,0.22892857142857143,0.7710714285714285,0.8368328263757778,0.8750478885586501,0.897531641143976,0.5809531929405747,11729,mendeley,mendeley,dqn,11,default,5e-324,5.215764299966395,0.006980599835515022
4186,1414,460,5669,0.8402250831272914,0.8003670760976987,0.9249469734051232,0.8581592491674236,0.2525,0.7475,0.8362234867025616,0.8750478885586501,0.897531641143976,0.6038877994713957,11729,mendeley,mendeley,dqn,11,validation_f1,-0.4742307662963867,5.215764299966395,0.006980599835515022
5527,73,5315,814,0.5406257993008782,0.9177001127395716,0.13281122532223855,0.23204104903078676,0.013035714285714286,0.9869642857142857,0.5598877555182622,0.8750478885586501,0.897531641143976,0.0756245204194731,11729,mendeley,mendeley,dqn,11,validation_fpr_limit,1.9714641571044922,5.215764299966395,0.006980599835515022
0,1556,0,1517,0.4936544093719492,0.4936544093719492,1.0,0.6610021786492375,1.0,0.0,0.5,0.40939760804101094,0.22968694131462958,1.0,3073,mendeley,iscx,ddqn,11,default,5e-324,6.271085100015625,0.004079299978911877
0,1556,0,1517,0.4936544093719492,0.4936544093719492,1.0,0.6610021786492375,1.0,0.0,0.5,0.40939760804101094,0.22968694131462958,1.0,3073,mendeley,iscx,ddqn,11,validation_f1,-0.4589810371398926,6.271085100015625,0.004079299978911877
641,915,1166,351,0.32281158477058247,0.2772511848341232,0.23137771918259722,0.25224577793747754,0.5880462724935732,0.4119537275064267,0.321665723344512,0.40939760804101094,0.22968694131462958,0.4119752684672958,3073,mendeley,iscx,ddqn,11,validation_fpr_limit,1.9709892272949219,6.271085100015625,0.004079299978911877
4318,1282,597,5532,0.8397987893256033,0.8118579395362489,0.9025942241801272,0.854825001931546,0.22892857142857143,0.7710714285714285,0.8368328263757778,0.8741872397083971,0.8973543079738013,0.5809531929405747,11729,mendeley,mendeley,ddqn,11,default,5e-324,6.271085100015625,0.0123433000408113
4186,1414,460,5669,0.8402250831272914,0.8003670760976987,0.9249469734051232,0.8581592491674236,0.2525,0.7475,0.8362234867025616,0.8741872397083971,0.8973543079738013,0.6038877994713957,11729,mendeley,mendeley,ddqn,11,validation_f1,-0.4589810371398926,6.271085100015625,0.0123433000408113
5520,80,5328,801,0.5389206240941257,0.9091940976163451,0.13069016152716592,0.22853067047075606,0.014285714285714285,0.9857142857142858,0.5582022236207258,0.8741872397083971,0.8973543079738013,0.07511296785744735,11729,mendeley,mendeley,ddqn,11,validation_fpr_limit,1.9709892272949219,6.271085100015625,0.0123433000408113
0,1556,0,1517,0.4936544093719492,0.4936544093719492,1.0,0.6610021786492375,1.0,0.0,0.5,0.4936544093719492,0.5,1.0,3073,mendeley,iscx,always_malicious,23,default,0.5000000000000001,7.589999586343765e-05,6.209989078342915e-05
0,1556,0,1517,0.4936544093719492,0.4936544093719492,1.0,0.6610021786492375,1.0,0.0,0.5,0.4936544093719492,0.5,1.0,3073,mendeley,iscx,always_malicious,23,validation_f1,1.0,7.589999586343765e-05,6.209989078342915e-05
1556,0,1517,0,0.5063455906280507,0.0,0.0,0.0,0.0,1.0,0.5,0.4936544093719492,0.5,0.0,3073,mendeley,iscx,always_malicious,23,validation_fpr_limit,1.0000000000000002,7.589999586343765e-05,6.209989078342915e-05
0,5600,0,6129,0.5225509421093018,0.5225509421093018,1.0,0.6864150520775003,1.0,0.0,0.5,0.5225509421093018,0.5,1.0,11729,mendeley,mendeley,always_malicious,23,default,0.5000000000000001,7.589999586343765e-05,7.220008410513401e-05
0,5600,0,6129,0.5225509421093018,0.5225509421093018,1.0,0.6864150520775003,1.0,0.0,0.5,0.5225509421093018,0.5,1.0,11729,mendeley,mendeley,always_malicious,23,validation_f1,1.0,7.589999586343765e-05,7.220008410513401e-05
5600,0,6129,0,0.47744905789069825,0.0,0.0,0.0,0.0,1.0,0.5,0.5225509421093018,0.5,0.0,11729,mendeley,mendeley,always_malicious,23,validation_fpr_limit,1.0000000000000002,7.589999586343765e-05,7.220008410513401e-05
2,1554,2,1515,0.4936544093719492,0.49364613880742914,0.998681608437706,0.6607064980375055,0.9987146529562982,0.0012853470437017994,0.4999834777407039,0.47254907174153826,0.2908370939125218,0.9986983403839896,3073,mendeley,iscx,logistic,23,default,5e-324,0.06834440003149211,0.0006319000385701656
0,1556,0,1517,0.4936544093719492,0.4936544093719492,1.0,0.6610021786492375,1.0,0.0,0.5,0.47254907174153826,0.2908370939125218,1.0,3073,mendeley,iscx,logistic,23,validation_f1,-0.9914124011993408,0.06834440003149211,0.0006319000385701656
988,568,1148,369,0.4415880247315327,0.39381003201707576,0.24324324324324326,0.30073349633251834,0.36503856041131105,0.6349614395886889,0.43910234141596605,0.47254907174153826,0.2908370939125218,0.3049137650504393,3073,mendeley,iscx,logistic,23,validation_fpr_limit,3.0578999519348145,0.06834440003149211,0.0006319000385701656
4496,1104,867,5262,0.8319549833745418,0.8265786993402451,0.8585413607440039,0.8422569027611044,0.19714285714285715,0.8028571428571428,0.8306992518005734,0.8703285560103796,0.8942505477472438,0.5427572683093188,11729,mendeley,mendeley,logistic,23,default,5e-324,0.06834440003149211,0.0005131000652909279
4274,1326,543,5586,0.8406513769289794,0.8081597222222222,0.911404796867352,0.856682769726248,0.2367857142857143,0.7632142857142857,0.8373095412908189,0.8703285560103796,0.8942505477472438,0.5893085514536619,11729,mendeley,mendeley,logistic,23,validation_f1,-0.9914124011993408,0.06834440003149211,0.0005131000652909279
5508,92,5411,718,0.5308210418620514,0.8864197530864197,0.11714798498939469,0.2069462458567517,0.016428571428571428,0.9835714285714285,0.5503597067804116,0.8703285560103796,0.8942505477472438,0.069059595873476,11729,mendeley,mendeley,logistic,23,validation_fpr_limit,3.0578999519348145,0.06834440003149211,0.0005131000652909279
84,1472,60,1457,0.5014643670680117,0.49743939911232504,0.96044825313118,0.6554206027890238,0.9460154241645244,0.05398457583547558,0.5072164144833278,0.5553870171732509,0.5429830812064808,0.9531402538236251,3073,mendeley,iscx,random_forest,23,default,0.5000000000000001,3.0014543998986483,0.10448789992369711
46,1510,14,1503,0.5040676863000325,0.498838367076004,0.990771259063942,0.6635761589403973,0.9704370179948586,0.02956298200514139,0.5101671205345417,0.5553870171732509,0.5429830812064808,0.9804751057598438,3073,mendeley,iscx,random_forest,23,validation_f1,0.3265,3.0014543998986483,0.10448789992369711
1062,494,885,632,0.55125284738041,0.5612788632326821,0.4166117336849044,0.4782444192205827,0.31748071979434445,0.6825192802056556,0.54956550694528,0.5553870171732509,0.5429830812064808,0.36641718190693134,3073,mendeley,iscx,random_forest,23,validation_fpr_limit,0.9851666666666666,3.0014543998986483,0.10448789992369711
4310,1290,566,5563,0.8417597408133686,0.8117612724354297,0.9076521455376081,0.8570328146664613,0.23035714285714284,0.7696428571428572,0.8386475013402326,0.9032935405016391,0.9112220444957229,0.584278284593742,11729,mendeley,mendeley,random_forest,23,default,0.5000000000000001,3.0014543998986483,0.24834230006672442
3556,2044,149,5980,0.8130275385795891,0.7452642073778664,0.9756893457333986,0.8450505193245248,0.365,0.635,0.8053446728666993,0.9032935405016391,0.9112220444957229,0.6841162929491005,11729,mendeley,mendeley,random_forest,23,validation_f1,0.3265,3.0014543998986483,0.24834230006672442
5564,36,5010,1119,0.5697842953363458,0.9688311688311688,0.18257464512971122,0.30724876441515653,0.0064285714285714285,0.9935714285714285,0.5880730368505699,0.9032935405016391,0.9112220444957229,0.09847386818995651,11729,mendeley,mendeley,random_forest,23,validation_fpr_limit,0.9851666666666666,3.0014543998986483,0.24834230006672442
0,1556,0,1517,0.4936544093719492,0.4936544093719492,1.0,0.6610021786492375,1.0,0.0,0.5,0.6181894227045754,0.5074756868599744,1.0,3073,mendeley,iscx,mlp,23,default,5e-324,3.6696818000636995,0.0030218001920729876
0,1556,0,1517,0.4936544093719492,0.4936544093719492,1.0,0.6610021786492375,1.0,0.0,0.5,0.6181894227045754,0.5074756868599744,1.0,3073,mendeley,iscx,mlp,23,validation_f1,-0.34165945649147034,3.6696818000636995,0.0030218001920729876
1329,227,918,599,0.6273999349170192,0.725181598062954,0.3948582729070534,0.5113102859581733,0.14588688946015424,0.8541131105398457,0.6244856917234496,0.6181894227045754,0.5074756868599744,0.26879271070615035,3073,mendeley,iscx,mlp,23,validation_fpr_limit,2.131511688232422,3.6696818000636995,0.0030218001920729876
4335,1265,589,5540,0.8419302583340438,0.8141072740631888,0.9038994942078643,0.8566568733570434,0.22589285714285715,0.7741071428571429,0.8390033185325037,0.890678269943942,0.9030227926951494,0.580185864097536,11729,mendeley,mendeley,mlp,23,default,5e-324,3.6696818000636995,0.014083700021728873
4202,1398,466,5663,0.8410776707306675,0.8020110465939668,0.9239680208843204,0.8586808188021228,0.24964285714285714,0.7503571428571428,0.8371625818707316,0.890678269943942,0.9030227926951494,0.602012106743968,11729,mendeley,mendeley,mlp,23,validation_f1,-0.34165945649147034,3.6696818000636995,0.014083700021728873
5535,65,4934,1195,0.5737914570722141,0.9484126984126984,0.1949747103932126,0.32345378264988495,0.011607142857142858,0.9883928571428572,0.5916837837680349,0.890678269943942,0.9030227926951494,0.10742603802540711,11729,mendeley,mendeley,mlp,23,validation_fpr_limit,2.131511688232422,3.6696818000636995,0.014083700021728873
0,1556,0,1517,0.4936544093719492,0.4936544093719492,1.0,0.6610021786492375,1.0,0.0,0.5,0.5439108834818569,0.3678337877660719,1.0,3073,mendeley,iscx,dqn,23,default,5e-324,10.176669700071216,0.013528000097721815
0,1556,0,1517,0.4936544093719492,0.4936544093719492,1.0,0.6610021786492375,1.0,0.0,0.5,0.5439108834818569,0.3678337877660719,1.0,3073,mendeley,iscx,dqn,23,validation_f1,-0.461672306060791,10.176669700071216,0.013528000097721815
1046,510,1076,441,0.48389196225187114,0.4637223974763407,0.2907053394858273,0.3573743922204214,0.3277634961439589,0.6722365038560412,0.4814709216709342,0.5439108834818569,0.3678337877660719,0.30946957370647576,3073,mendeley,iscx,dqn,23,validation_fpr_limit,1.7695951461791992,10.176669700071216,0.013528000097721815
4350,1250,603,5526,0.8420155170943815,0.8155253837072018,0.9016152716593245,0.856412243316544,0.22321428571428573,0.7767857142857143,0.8392004929725194,0.8807910701492548,0.8992292934060556,0.5777133600477449,11729,mendeley,mendeley,dqn,23,default,5e-324,10.176669700071216,0.02122479979880154
4267,1333,537,5592,0.8405661181686418,0.8075090252707581,0.9123837493881547,0.856748889229355,0.2380357142857143,0.7619642857142858,0.8371740175512202,0.8807910701492548,0.8992292934060556,0.590416915338051,11729,mendeley,mendeley,dqn,23,validation_f1,-0.461672306060791,10.176669700071216,0.02122479979880154
5513,87,5074,1055,0.559979537897519,0.9238178633975481,0.1721324849078153,0.29019392105625086,0.015535714285714286,0.9844642857142857,0.5782983853110505,0.8807910701492548,0.8992292934060556,0.0973655043055674,11729,mendeley,mendeley,dqn,23,validation_fpr_limit,1.7695951461791992,10.176669700071216,0.02122479979880154
0,1556,0,1517,0.4936544093719492,0.4936544093719492,1.0,0.6610021786492375,1.0,0.0,0.5,0.5378137281786802,0.36203235651476917,1.0,3073,mendeley,iscx,ddqn,23,default,5e-324,7.804675499908626,0.002106199972331524
0,1556,0,1517,0.4936544093719492,0.4936544093719492,1.0,0.6610021786492375,1.0,0.0,0.5,0.5378137281786802,0.36203235651476917,1.0,3073,mendeley,iscx,ddqn,23,validation_f1,-0.6352782249450684,7.804675499908626,0.002106199972331524
1056,500,1087,430,0.4835665473478685,0.46236559139784944,0.2834541858932103,0.35145075602778914,0.3213367609254499,0.6786632390745502,0.4810587124838802,0.5378137281786802,0.36203235651476917,0.3026358607224211,3073,mendeley,iscx,ddqn,23,validation_fpr_limit,1.7677392959594727,7.804675499908626,0.002106199972331524
4354,1246,603,5526,0.8423565521357319,0.8160070880094507,0.9016152716593245,0.8566777769165181,0.2225,0.7775,0.8395576358296623,0.8811981053646116,0.8993603885509172,0.5773723250063945,11729,mendeley,mendeley,ddqn,23,default,5e-324,7.804675499908626,0.010305000003427267
4186,1414,459,5670,0.840310341887629,0.8003952569169961,0.9251101321585903,0.8582456671459926,0.2525,0.7475,0.8363050660792952,0.8811981053646116,0.8993603885509172,0.6039730582317333,11729,mendeley,mendeley,ddqn,23,validation_f1,-0.6352782249450684,7.804675499908626,0.010305000003427267
5520,80,5120,1009,0.5566544462443516,0.9265381083562901,0.16462718224832762,0.27957883070102524,0.014285714285714285,0.9857142857142858,0.5751707339813067,0.8811981053646116,0.8993603885509172,0.09284679000767329,11729,mendeley,mendeley,ddqn,23,validation_fpr_limit,1.7677392959594727,7.804675499908626,0.010305000003427267
0,1556,0,1517,0.4936544093719492,0.4936544093719492,1.0,0.6610021786492375,1.0,0.0,0.5,0.4936544093719492,0.5,1.0,3073,mendeley,iscx,always_malicious,37,default,0.5000000000000001,7.810001261532307e-05,6.289989687502384e-05
0,1556,0,1517,0.4936544093719492,0.4936544093719492,1.0,0.6610021786492375,1.0,0.0,0.5,0.4936544093719492,0.5,1.0,3073,mendeley,iscx,always_malicious,37,validation_f1,1.0,7.810001261532307e-05,6.289989687502384e-05
1556,0,1517,0,0.5063455906280507,0.0,0.0,0.0,0.0,1.0,0.5,0.4936544093719492,0.5,0.0,3073,mendeley,iscx,always_malicious,37,validation_fpr_limit,1.0000000000000002,7.810001261532307e-05,6.289989687502384e-05
0,5600,0,6129,0.5225509421093018,0.5225509421093018,1.0,0.6864150520775003,1.0,0.0,0.5,0.5225509421093018,0.5,1.0,11729,mendeley,mendeley,always_malicious,37,default,0.5000000000000001,7.810001261532307e-05,6.0999998822808266e-05
0,5600,0,6129,0.5225509421093018,0.5225509421093018,1.0,0.6864150520775003,1.0,0.0,0.5,0.5225509421093018,0.5,1.0,11729,mendeley,mendeley,always_malicious,37,validation_f1,1.0,7.810001261532307e-05,6.0999998822808266e-05
5600,0,6129,0,0.47744905789069825,0.0,0.0,0.0,0.0,1.0,0.5,0.5225509421093018,0.5,0.0,11729,mendeley,mendeley,always_malicious,37,validation_fpr_limit,1.0000000000000002,7.810001261532307e-05,6.0999998822808266e-05
2,1554,2,1515,0.4936544093719492,0.49364613880742914,0.998681608437706,0.6607064980375055,0.9987146529562982,0.0012853470437017994,0.4999834777407039,0.47254907174153826,0.2908370939125218,0.9986983403839896,3073,mendeley,iscx,logistic,37,default,5e-324,0.04586439998820424,0.00039570010267198086
0,1556,0,1517,0.4936544093719492,0.4936544093719492,1.0,0.6610021786492375,1.0,0.0,0.5,0.47254907174153826,0.2908370939125218,1.0,3073,mendeley,iscx,logistic,37,validation_f1,-0.9914124011993408,0.04586439998820424,0.00039570010267198086
988,568,1148,369,0.4415880247315327,0.39381003201707576,0.24324324324324326,0.30073349633251834,0.36503856041131105,0.6349614395886889,0.43910234141596605,0.47254907174153826,0.2908370939125218,0.3049137650504393,3073,mendeley,iscx,logistic,37,validation_fpr_limit,3.0578999519348145,0.04586439998820424,0.00039570010267198086
4496,1104,867,5262,0.8319549833745418,0.8265786993402451,0.8585413607440039,0.8422569027611044,0.19714285714285715,0.8028571428571428,0.8306992518005734,0.8703285560103796,0.8942505477472438,0.5427572683093188,11729,mendeley,mendeley,logistic,37,default,5e-324,0.04586439998820424,0.0005006000865250826
4274,1326,543,5586,0.8406513769289794,0.8081597222222222,0.911404796867352,0.856682769726248,0.2367857142857143,0.7632142857142857,0.8373095412908189,0.8703285560103796,0.8942505477472438,0.5893085514536619,11729,mendeley,mendeley,logistic,37,validation_f1,-0.9914124011993408,0.04586439998820424,0.0005006000865250826
5508,92,5411,718,0.5308210418620514,0.8864197530864197,0.11714798498939469,0.2069462458567517,0.016428571428571428,0.9835714285714285,0.5503597067804116,0.8703285560103796,0.8942505477472438,0.069059595873476,11729,mendeley,mendeley,logistic,37,validation_fpr_limit,3.0578999519348145,0.04586439998820424,0.0005006000865250826
80,1476,63,1454,0.4991864627399935,0.4962457337883959,0.958470665787739,0.6539239937036204,0.9485861182519281,0.05141388174807198,0.5049422737679055,0.5354278187699403,0.5416985814581275,0.9534656687276277,3073,mendeley,iscx,random_forest,37,default,0.5000000000000001,2.89159270003438,0.10270619997754693
50,1506,12,1505,0.5060201757240481,0.49983394221188976,0.992089650626236,0.6647526501766784,0.967866323907455,0.032133676092544985,0.5121116633593905,0.5354278187699403,0.5416985814581275,0.9798242759518386,3073,mendeley,iscx,random_forest,37,validation_f1,0.30520833333333336,2.89159270003438,0.10270619997754693
1052,504,889,628,0.5466970387243736,0.5547703180212014,0.4139749505603164,0.4741411853529634,0.32390745501285345,0.6760925449871465,0.5450337477737315,0.5354278187699403,0.5416985814581275,0.36836967133094695,3073,mendeley,iscx,random_forest,37,validation_fpr_limit,0.9847023809523808,2.89159270003438,0.10270619997754693
4313,1287,578,5551,0.8409924119703299,0.811787072243346,0.9056942404960026,0.8561733631526182,0.22982142857142857,0.7701785714285714,0.8379364059622869,0.9018947943807681,0.9108127491084541,0.5829994031886776,11729,mendeley,mendeley,random_forest,37,default,0.5000000000000001,2.89159270003438,0.3431267999112606
3485,2115,128,6001,0.8087646005627078,0.7394036471168063,0.9791156795562082,0.8425412425412425,0.3776785714285714,0.6223214285714286,0.8007185540638184,0.9018947943807681,0.9108127491084541,0.691960098900162,11729,mendeley,mendeley,random_forest,37,validation_f1,0.30520833333333336,2.89159270003438,0.3431267999112606
5562,38,5041,1088,0.5669707562452042,0.9662522202486679,0.17751672377223038,0.29993108201240526,0.0067857142857142855,0.9932142857142857,0.585365504743258,0.9018947943807681,0.9108127491084541,0.0960013641401654,11729,mendeley,mendeley,random_forest,37,validation_fpr_limit,0.9847023809523808,2.89159270003438,0.3431267999112606
0,1556,1,1516,0.49332899446794665,0.4934895833333333,0.999340804218853,0.6607103944214425,1.0,0.0,0.4996704021094265,0.5555811666886717,0.4262785263161462,0.9996745850959974,3073,mendeley,iscx,mlp,37,default,5e-324,4.277127399807796,0.004428300075232983
0,1556,0,1517,0.4936544093719492,0.4936544093719492,1.0,0.6610021786492375,1.0,0.0,0.5,0.5555811666886717,0.4262785263161462,1.0,3073,mendeley,iscx,mlp,37,validation_f1,-0.22438541054725647,4.277127399807796,0.004428300075232983
1079,477,998,519,0.5200130165961601,0.5210843373493976,0.34212261041529335,0.4130521289295663,0.3065552699228792,0.6934447300771208,0.5177836702462071,0.5555811666886717,0.4262785263161462,0.3241132443865929,3073,mendeley,iscx,mlp,37,validation_fpr_limit,2.362421751022339,4.277127399807796,0.004428300075232983
4251,1349,506,5623,0.8418449995737062,0.8065117613310384,0.9174416707456355,0.8584077551331959,0.24089285714285713,0.7591071428571429,0.8382744068013892,0.8867688500204948,0.901212531757686,0.5944240770739193,11729,mendeley,mendeley,mlp,37,default,5e-324,4.277127399807796,0.012199799995869398
4197,1403,465,5664,0.8407366356893171,0.8014716286967596,0.9241311796377876,0.858441952106699,0.2505357142857143,0.7494642857142857,0.8367977326760366,0.8867688500204948,0.901212531757686,0.6025236593059937,11729,mendeley,mendeley,mlp,37,validation_f1,-0.22438541054725647,4.277127399807796,0.012199799995869398
5534,66,5023,1106,0.566118168641828,0.9436860068259386,0.1804535813346386,0.3029721955896453,0.011785714285714287,0.9882142857142857,0.5843339335244622,0.8867688500204948,0.901212531757686,0.09992326711569614,11729,mendeley,mendeley,mlp,37,validation_fpr_limit,2.362421751022339,4.277127399807796,0.012199799995869398
0,1556,1,1516,0.49332899446794665,0.4934895833333333,0.999340804218853,0.6607103944214425,1.0,0.0,0.4996704021094265,0.43564453425165056,0.24366773821285076,0.9996745850959974,3073,mendeley,iscx,dqn,37,default,5e-324,10.8184133998584,0.003768899943679571
0,1556,0,1517,0.4936544093719492,0.4936544093719492,1.0,0.6610021786492375,1.0,0.0,0.5,0.43564453425165056,0.24366773821285076,1.0,3073,mendeley,iscx,dqn,37,validation_f1,-0.6155109405517578,10.8184133998584,0.003768899943679571
723,833,1164,353,0.3501464367068012,0.2976391231028668,0.23269611074489124,0.26119126896041434,0.5353470437017995,0.4646529562982005,0.34867453352154587,0.43564453425165056,0.24366773821285076,0.38594207614708753,3073,mendeley,iscx,dqn,37,validation_fpr_limit,1.6907577514648438,10.8184133998584,0.003768899943679571
4339,1261,608,5521,0.8406513769289794,0.8140666470067827,0.9007994778919889,0.8552397180698629,0.22517857142857142,0.7748214285714285,0.8378104532317088,0.8769575268735156,0.8984260570356385,0.5782249126097706,11729,mendeley,mendeley,dqn,37,default,5e-324,10.8184133998584,0.008018499938771129
4186,1414,459,5670,0.840310341887629,0.8003952569169961,0.9251101321585903,0.8582456671459926,0.2525,0.7475,0.8363050660792952,0.8769575268735156,0.8984260570356385,0.6039730582317333,11729,mendeley,mendeley,dqn,37,validation_f1,-0.6155109405517578,10.8184133998584,0.008018499938771129
5507,93,5207,922,0.5481285702105891,0.9083743842364532,0.15043237069668788,0.25811870100783874,0.01660714285714286,0.9833928571428572,0.5669126139197725,0.8769575268735156,0.8984260570356385,0.08653764174268906,11729,mendeley,mendeley,dqn,37,validation_fpr_limit,1.6907577514648438,10.8184133998584,0.008018499938771129
0,1556,0,1517,0.4936544093719492,0.4936544093719492,1.0,0.6610021786492375,1.0,0.0,0.5,0.4452235506631166,0.25800228091907823,1.0,3073,mendeley,iscx,ddqn,37,default,5e-324,6.259005700005218,0.0033980999141931534
0,1556,0,1517,0.4936544093719492,0.4936544093719492,1.0,0.6610021786492375,1.0,0.0,0.5,0.4452235506631166,0.25800228091907823,1.0,3073,mendeley,iscx,ddqn,37,validation_f1,-0.6289324760437012,6.259005700005218,0.0033980999141931534
735,821,1133,384,0.3641392775789131,0.31867219917012446,0.25313117996044826,0.28214548126377664,0.5276349614395887,0.4723650385604113,0.3627481092604298,0.4452235506631166,0.25800228091907823,0.392124959323137,3073,mendeley,iscx,ddqn,37,validation_fpr_limit,1.682098388671875,6.259005700005218,0.0033980999141931534
4335,1265,607,5522,0.8403956006479666,0.813614262560778,0.9009626366454561,0.8550634871477237,0.22589285714285715,0.7741071428571429,0.8375348897512995,0.8791789322997455,0.8989466208656737,0.5786512064114587,11729,mendeley,mendeley,ddqn,37,default,5e-324,6.259005700005218,0.009094499982893467
4186,1414,458,5671,0.8403956006479666,0.8004234297812279,0.9252732909120575,0.858332072044801,0.2525,0.7475,0.8363866454560287,0.8791789322997455,0.8989466208656737,0.6040583169920709,11729,mendeley,mendeley,ddqn,37,validation_f1,-0.6289324760437012,6.259005700005218,0.009094499982893467
5510,90,5163,966,0.5521357319464575,0.9147727272727273,0.15761135584924132,0.2688935281837161,0.01607142857142857,0.9839285714285714,0.5707699636389063,0.8791789322997455,0.8989466208656737,0.09003325091653168,11729,mendeley,mendeley,ddqn,37,validation_fpr_limit,1.682098388671875,6.259005700005218,0.009094499982893467
0,1556,0,1517,0.4936544093719492,0.4936544093719492,1.0,0.6610021786492375,1.0,0.0,0.5,0.4936544093719492,0.5,1.0,3073,mendeley,iscx,always_malicious,51,default,0.5000000000000001,8.439994417130947e-05,5.9999991208314896e-05
0,1556,0,1517,0.4936544093719492,0.4936544093719492,1.0,0.6610021786492375,1.0,0.0,0.5,0.4936544093719492,0.5,1.0,3073,mendeley,iscx,always_malicious,51,validation_f1,1.0,8.439994417130947e-05,5.9999991208314896e-05
1556,0,1517,0,0.5063455906280507,0.0,0.0,0.0,0.0,1.0,0.5,0.4936544093719492,0.5,0.0,3073,mendeley,iscx,always_malicious,51,validation_fpr_limit,1.0000000000000002,8.439994417130947e-05,5.9999991208314896e-05
0,5600,0,6129,0.5225509421093018,0.5225509421093018,1.0,0.6864150520775003,1.0,0.0,0.5,0.5225509421093018,0.5,1.0,11729,mendeley,mendeley,always_malicious,51,default,0.5000000000000001,8.439994417130947e-05,7.6299998909235e-05
0,5600,0,6129,0.5225509421093018,0.5225509421093018,1.0,0.6864150520775003,1.0,0.0,0.5,0.5225509421093018,0.5,1.0,11729,mendeley,mendeley,always_malicious,51,validation_f1,1.0,8.439994417130947e-05,7.6299998909235e-05
5600,0,6129,0,0.47744905789069825,0.0,0.0,0.0,0.0,1.0,0.5,0.5225509421093018,0.5,0.0,11729,mendeley,mendeley,always_malicious,51,validation_fpr_limit,1.0000000000000002,8.439994417130947e-05,7.6299998909235e-05
2,1554,2,1515,0.4936544093719492,0.49364613880742914,0.998681608437706,0.6607064980375055,0.9987146529562982,0.0012853470437017994,0.4999834777407039,0.47254907174153826,0.2908370939125218,0.9986983403839896,3073,mendeley,iscx,logistic,51,default,5e-324,0.043730400037020445,0.0004631001502275467
0,1556,0,1517,0.4936544093719492,0.4936544093719492,1.0,0.6610021786492375,1.0,0.0,0.5,0.47254907174153826,0.2908370939125218,1.0,3073,mendeley,iscx,logistic,51,validation_f1,-0.9914124011993408,0.043730400037020445,0.0004631001502275467
988,568,1148,369,0.4415880247315327,0.39381003201707576,0.24324324324324326,0.30073349633251834,0.36503856041131105,0.6349614395886889,0.43910234141596605,0.47254907174153826,0.2908370939125218,0.3049137650504393,3073,mendeley,iscx,logistic,51,validation_fpr_limit,3.0578999519348145,0.043730400037020445,0.0004631001502275467
4496,1104,867,5262,0.8319549833745418,0.8265786993402451,0.8585413607440039,0.8422569027611044,0.19714285714285715,0.8028571428571428,0.8306992518005734,0.8703285560103796,0.8942505477472438,0.5427572683093188,11729,mendeley,mendeley,logistic,51,default,5e-324,0.043730400037020445,0.0005417999345809221
4274,1326,543,5586,0.8406513769289794,0.8081597222222222,0.911404796867352,0.856682769726248,0.2367857142857143,0.7632142857142857,0.8373095412908189,0.8703285560103796,0.8942505477472438,0.5893085514536619,11729,mendeley,mendeley,logistic,51,validation_f1,-0.9914124011993408,0.043730400037020445,0.0005417999345809221
5508,92,5411,718,0.5308210418620514,0.8864197530864197,0.11714798498939469,0.2069462458567517,0.016428571428571428,0.9835714285714285,0.5503597067804116,0.8703285560103796,0.8942505477472438,0.069059595873476,11729,mendeley,mendeley,logistic,51,validation_fpr_limit,3.0578999519348145,0.043730400037020445,0.0005417999345809221
78,1478,63,1454,0.49853563293198827,0.49590723055934516,0.958470665787739,0.6536300292200494,0.9498714652956298,0.05012853470437018,0.5042996002460546,0.5375904917257295,0.5380704627757734,0.954116498535633,3073,mendeley,iscx,random_forest,51,default,0.5000000000000001,3.0157444002106786,0.09898619982413948
56,1500,21,1496,0.5050439310120404,0.4993324432576769,0.986156888595913,0.6629736317305561,0.9640102827763496,0.03598971722365039,0.5110733029097817,0.5375904917257295,0.5380704627757734,0.9749430523917996,3073,mendeley,iscx,random_forest,51,validation_f1,0.35650000000000004,3.0157444002106786,0.09898619982413948
1079,477,917,600,0.546371623820371,0.5571030640668524,0.39551746868820037,0.4626060138781804,0.3065552699228792,0.6934447300771208,0.5444810993826605,0.5375904917257295,0.5380704627757734,0.3504718516108038,3073,mendeley,iscx,random_forest,51,validation_fpr_limit,0.9850363802863802,3.0157444002106786,0.09898619982413948
4311,1289,574,5555,0.8411629294910052,0.8116598480420807,0.9063468755098711,0.8563940491790643,0.23017857142857143,0.7698214285714285,0.8380841520406499,0.8998249120388385,0.9099116320537026,0.5835109557507033,11729,mendeley,mendeley,random_forest,51,default,0.5000000000000001,3.0157444002106786,0.25247130007483065
3557,2043,148,5981,0.8131980561002643,0.7453888334995015,0.9758525044868657,0.8451918321203985,0.3648214285714286,0.6351785714285715,0.8055155379577186,0.8998249120388385,0.9099116320537026,0.6841162929491005,11729,mendeley,mendeley,random_forest,51,validation_f1,0.35650000000000004,3.0157444002106786,0.25247130007483065
5562,38,4995,1134,0.570892659220735,0.9675767918088737,0.18502202643171806,0.31064237775647174,0.0067857142857142855,0.9932142857142857,0.5891181560730019,0.8998249120388385,0.9099116320537026,0.09992326711569614,11729,mendeley,mendeley,random_forest,51,validation_fpr_limit,0.9850363802863802,3.0157444002106786,0.25247130007483065
0,1556,0,1517,0.4936544093719492,0.4936544093719492,1.0,0.6610021786492375,1.0,0.0,0.5,0.622012225196712,0.5049265988039578,1.0,3073,mendeley,iscx,mlp,51,default,5e-324,3.6952200999949127,0.0022575000766664743
0,1556,0,1517,0.4936544093719492,0.4936544093719492,1.0,0.6610021786492375,1.0,0.0,0.5,0.622012225196712,0.5049265988039578,1.0,3073,mendeley,iscx,mlp,51,validation_f1,-0.0037631094455718994,3.6952200999949127,0.0022575000766664743
1205,351,903,614,0.5919297103807354,0.6362694300518135,0.4047462096242584,0.49476228847703463,0.22557840616966582,0.7744215938303342,0.5895839017272962,0.622012225196712,0.5049265988039578,0.3140253823625122,3073,mendeley,iscx,mlp,51,validation_fpr_limit,2.35776948928833,3.6952200999949127,0.0022575000766664743
4191,1409,462,5667,0.8404808594083042,0.8008762012436405,0.924620655898189,0.8583112457402499,0.25160714285714286,0.7483928571428572,0.8365067565205231,0.8899569297572767,0.9021815490758222,0.6032909881490323,11729,mendeley,mendeley,mlp,51,default,5e-324,3.6952200999949127,0.008323699934408069
4190,1410,462,5667,0.8403956006479666,0.8007630351844002,0.924620655898189,0.858246251703771,0.2517857142857143,0.7482142857142857,0.8364174708062373,0.8899569297572767,0.9021815490758222,0.60337624690937,11729,mendeley,mendeley,mlp,51,validation_f1,-0.0037631094455718994,3.6952200999949127,0.008323699934408069
5538,62,4957,1172,0.5720862818654616,0.9497568881685575,0.19122205906346876,0.3183484992530219,0.01107142857142857,0.9889285714285714,0.5900753152460201,0.8899569297572767,0.9021815490758222,0.10520931025662887,11729,mendeley,mendeley,mlp,51,validation_fpr_limit,2.35776948928833,3.6952200999949127,0.008323699934408069
0,1556,1,1516,0.49332899446794665,0.4934895833333333,0.999340804218853,0.6607103944214425,1.0,0.0,0.4996704021094265,0.43926909398127767,0.24045775978499034,0.9996745850959974,3073,mendeley,iscx,dqn,51,default,5e-324,5.969020700082183,0.0034533999860286713
0,1556,0,1517,0.4936544093719492,0.4936544093719492,1.0,0.6610021786492375,1.0,0.0,0.5,0.43926909398127767,0.24045775978499034,1.0,3073,mendeley,iscx,dqn,51,validation_f1,-0.9244899749755859,5.969020700082183,0.0034533999860286713
668,888,1157,360,0.3345265213146762,0.28846153846153844,0.23731048121292023,0.2603978300180832,0.570694087403599,0.42930591259640105,0.3333081969046606,0.43926909398127767,0.24045775978499034,0.40611780019524896,3073,mendeley,iscx,dqn,51,validation_fpr_limit,1.6719613075256348,5.969020700082183,0.0034533999860286713
4364,1236,658,5471,0.8385199079205389,0.8157149247055315,0.8926415402186327,0.8524462449361172,0.22071428571428572,0.7792857142857142,0.8359636272521735,0.8790455899682365,0.898988211780062,0.5718305055844488,11729,mendeley,mendeley,dqn,51,default,5e-324,5.969020700082183,0.011907899985089898
4158,1442,456,5673,0.8381788728791884,0.7973295853829937,0.9255996084189917,0.8566898218061009,0.2575,0.7425,0.8340498042094959,0.8790455899682365,0.898988211780062,0.6066160798021997,11729,mendeley,mendeley,dqn,51,validation_f1,-0.9244899749755859,5.969020700082183,0.011907899985089898
5513,87,5187,942,0.5503452979793674,0.9154518950437318,0.15369554576603034,0.26320201173512153,0.015535714285714286,0.9844642857142857,0.569079915740158,0.8790455899682365,0.898988211780062,0.08773126438741581,11729,mendeley,mendeley,dqn,51,validation_fpr_limit,1.6719613075256348,5.969020700082183,0.011907899985089898
0,1556,2,1515,0.493003579563944,0.493324649951156,0.998681608437706,0.6604184829991282,1.0,0.0,0.499340804218853,0.4131980537524492,0.2194914363859125,0.9993491701919948,3073,mendeley,iscx,ddqn,51,default,5e-324,5.896333799930289,0.0034938000608235598
0,1556,0,1517,0.4936544093719492,0.4936544093719492,1.0,0.6610021786492375,1.0,0.0,0.5,0.4131980537524492,0.2194914363859125,1.0,3073,mendeley,iscx,ddqn,51,validation_f1,-0.8874721527099609,5.896333799930289,0.0034938000608235598
654,902,1226,291,0.30751708428246016,0.24392288348700755,0.19182597231377718,0.21476014760147602,0.5796915167095116,0.4203084832904884,0.3060672278021328,0.4131980537524492,0.2194914363859125,0.38821998047510575,3073,mendeley,iscx,ddqn,51,validation_fpr_limit,1.7660632133483887,5.896333799930289,0.0034938000608235598
4365,1235,633,5496,0.8407366356893171,0.8165205764373793,0.8967205090553109,0.8547433903576983,0.22053571428571428,0.7794642857142857,0.8380923973847982,0.8768266037013052,0.8984337051022073,0.5738767158325518,11729,mendeley,mendeley,ddqn,51,default,5e-324,5.896333799930289,0.012128399917855859
4154,1446,454,5675,0.838008355358513,0.7969386322145766,0.9259259259259259,0.8566037735849057,0.25821428571428573,0.7417857142857143,0.8338558201058202,0.8768266037013052,0.8984337051022073,0.6071276323642254,11729,mendeley,mendeley,ddqn,51,validation_f1,-0.8874721527099609,5.896333799930289,0.012128399917855859
5508,92,5222,907,0.5469349475658624,0.9079079079079079,0.14798498939468102,0.25448933782267114,0.016428571428571428,0.9835714285714285,0.5657782089830548,0.8768266037013052,0.8984337051022073,0.08517350157728706,11729,mendeley,mendeley,ddqn,51,validation_fpr_limit,1.7660632133483887,5.896333799930289,0.012128399917855859
0,1556,0,1517,0.4936544093719492,0.4936544093719492,1.0,0.6610021786492375,1.0,0.0,0.5,0.4936544093719492,0.5,1.0,3073,mendeley,iscx,always_malicious,71,default,0.5000000000000001,6.980006583034992e-05,7.700012065470219e-05
0,1556,0,1517,0.4936544093719492,0.4936544093719492,1.0,0.6610021786492375,1.0,0.0,0.5,0.4936544093719492,0.5,1.0,3073,mendeley,iscx,always_malicious,71,validation_f1,1.0,6.980006583034992e-05,7.700012065470219e-05
1556,0,1517,0,0.5063455906280507,0.0,0.0,0.0,0.0,1.0,0.5,0.4936544093719492,0.5,0.0,3073,mendeley,iscx,always_malicious,71,validation_fpr_limit,1.0000000000000002,6.980006583034992e-05,7.700012065470219e-05
0,5600,0,6129,0.5225509421093018,0.5225509421093018,1.0,0.6864150520775003,1.0,0.0,0.5,0.5225509421093018,0.5,1.0,11729,mendeley,mendeley,always_malicious,71,default,0.5000000000000001,6.980006583034992e-05,7.00000673532486e-05
0,5600,0,6129,0.5225509421093018,0.5225509421093018,1.0,0.6864150520775003,1.0,0.0,0.5,0.5225509421093018,0.5,1.0,11729,mendeley,mendeley,always_malicious,71,validation_f1,1.0,6.980006583034992e-05,7.00000673532486e-05
5600,0,6129,0,0.47744905789069825,0.0,0.0,0.0,0.0,1.0,0.5,0.5225509421093018,0.5,0.0,11729,mendeley,mendeley,always_malicious,71,validation_fpr_limit,1.0000000000000002,6.980006583034992e-05,7.00000673532486e-05
2,1554,2,1515,0.4936544093719492,0.49364613880742914,0.998681608437706,0.6607064980375055,0.9987146529562982,0.0012853470437017994,0.4999834777407039,0.47254907174153826,0.2908370939125218,0.9986983403839896,3073,mendeley,iscx,logistic,71,default,5e-324,0.06218269979581237,0.0004972999449819326
0,1556,0,1517,0.4936544093719492,0.4936544093719492,1.0,0.6610021786492375,1.0,0.0,0.5,0.47254907174153826,0.2908370939125218,1.0,3073,mendeley,iscx,logistic,71,validation_f1,-0.9914124011993408,0.06218269979581237,0.0004972999449819326
988,568,1148,369,0.4415880247315327,0.39381003201707576,0.24324324324324326,0.30073349633251834,0.36503856041131105,0.6349614395886889,0.43910234141596605,0.47254907174153826,0.2908370939125218,0.3049137650504393,3073,mendeley,iscx,logistic,71,validation_fpr_limit,3.0578999519348145,0.06218269979581237,0.0004972999449819326
4496,1104,867,5262,0.8319549833745418,0.8265786993402451,0.8585413607440039,0.8422569027611044,0.19714285714285715,0.8028571428571428,0.8306992518005734,0.8703285560103796,0.8942505477472438,0.5427572683093188,11729,mendeley,mendeley,logistic,71,default,5e-324,0.06218269979581237,0.000820899847894907
4274,1326,543,5586,0.8406513769289794,0.8081597222222222,0.911404796867352,0.856682769726248,0.2367857142857143,0.7632142857142857,0.8373095412908189,0.8703285560103796,0.8942505477472438,0.5893085514536619,11729,mendeley,mendeley,logistic,71,validation_f1,-0.9914124011993408,0.06218269979581237,0.000820899847894907
5508,92,5411,718,0.5308210418620514,0.8864197530864197,0.11714798498939469,0.2069462458567517,0.016428571428571428,0.9835714285714285,0.5503597067804116,0.8703285560103796,0.8942505477472438,0.069059595873476,11729,mendeley,mendeley,logistic,71,validation_fpr_limit,3.0578999519348145,0.06218269979581237,0.000820899847894907
81,1475,63,1454,0.49951187764399607,0.49641515875725506,0.958470665787739,0.6540710751237067,0.9479434447300771,0.05205655526992288,0.505263610528831,0.5706838678010497,0.555756694056901,0.9531402538236251,3073,mendeley,iscx,random_forest,71,default,0.5000000000000001,3.620547099970281,0.08858790015801787
59,1497,27,1490,0.5040676863000325,0.4988282557750251,0.982201713909031,0.6616341030195382,0.962082262210797,0.037917737789203085,0.5100597258491171,0.5706838678010497,0.555756694056901,0.9720143182557761,3073,mendeley,iscx,random_forest,71,validation_f1,0.36633333333333334,3.620547099970281,0.08858790015801787
1074,482,885,632,0.5551578262284412,0.5673249551166966,0.4166117336849044,0.48042569365260357,0.3097686375321337,0.6902313624678663,0.5534215480763853,0.5706838678010497,0.555756694056901,0.3625122030589001,3073,mendeley,iscx,random_forest,71,validation_fpr_limit,0.9835793650793652,3.620547099970281,0.08858790015801787
4307,1293,568,5561,0.8413334470116804,0.8113510358914503,0.9073258280306739,0.85665870754063,0.23089285714285715,0.7691071428571429,0.8382164854439084,0.9043033133211662,0.9123546430319558,0.5843635433540796,11729,mendeley,mendeley,random_forest,71,default,0.5000000000000001,3.620547099970281,0.28988609998486936
3579,2021,158,5971,0.8142211612243158,0.7471221221221221,0.9742209169521945,0.8456908150980809,0.3608928571428571,0.6391071428571429,0.8066640299046687,0.9043033133211662,0.9123546430319558,0.6813880126182965,11729,mendeley,mendeley,random_forest,71,validation_f1,0.36633333333333334,3.620547099970281,0.28988609998486936
5560,40,4917,1212,0.5773723250063945,0.9680511182108626,0.1977484092021537,0.328410784446552,0.007142857142857143,0.9928571428571429,0.5953027760296483,0.9043033133211662,0.9123546430319558,0.10674396794270612,11729,mendeley,mendeley,random_forest,71,validation_fpr_limit,0.9835793650793652,3.620547099970281,0.28988609998486936
0,1556,0,1517,0.4936544093719492,0.4936544093719492,1.0,0.6610021786492375,1.0,0.0,0.5,0.6039449127969034,0.47764114669563285,1.0,3073,mendeley,iscx,mlp,71,default,5e-324,3.5483387999702245,0.004072000039741397
0,1556,0,1517,0.4936544093719492,0.4936544093719492,1.0,0.6610021786492375,1.0,0.0,0.5,0.6039449127969034,0.47764114669563285,1.0,3073,mendeley,iscx,mlp,71,validation_f1,-0.03958607465028763,3.5483387999702245,0.004072000039741397
1205,351,928,589,0.5837943377806704,0.6265957446808511,0.3882663150955834,0.47944647944647945,0.22557840616966582,0.7744215938303342,0.5813439544629588,0.6039449127969034,0.47764114669563285,0.3058900097624471,3073,mendeley,iscx,mlp,71,validation_fpr_limit,2.5535247325897217,3.5483387999702245,0.004072000039741397
4222,1378,475,5654,0.8420155170943815,0.8040386803185438,0.9224995921031164,0.8592052275662944,0.24607142857142858,0.7539285714285714,0.8382140817658439,0.8901179965122203,0.9029616081625995,0.5995396026941768,11729,mendeley,mendeley,mlp,71,default,5e-324,3.5483387999702245,0.009263499872758985
4212,1388,472,5657,0.841418705772018,0.8029808374733853,0.9229890683635177,0.8588128131167451,0.24785714285714286,0.7521428571428571,0.8375659627531874,0.8901179965122203,0.9029616081625995,0.6006479665785659,11729,mendeley,mendeley,mlp,71,validation_f1,-0.03958607465028763,3.5483387999702245,0.009263499872758985
5540,60,4965,1164,0.5715747293034359,0.9509803921568627,0.18991678903573175,0.31660546715626275,0.010714285714285714,0.9892857142857143,0.5896012516607231,0.8901179965122203,0.9029616081625995,0.10435672265325262,11729,mendeley,mendeley,mlp,71,validation_fpr_limit,2.5535247325897217,3.5483387999702245,0.009263499872758985
0,1556,0,1517,0.4936544093719492,0.4936544093719492,1.0,0.6610021786492375,1.0,0.0,0.5,0.4213800032492267,0.23615815953893574,1.0,3073,mendeley,iscx,dqn,71,default,5e-324,5.947498500114307,0.0026233999524265528
0,1556,0,1517,0.4936544093719492,0.4936544093719492,1.0,0.6610021786492375,1.0,0.0,0.5,0.4213800032492267,0.23615815953893574,1.0,3073,mendeley,iscx,dqn,71,validation_f1,-0.2162947654724121,5.947498500114307,0.0026233999524265528
688,868,1225,292,0.31890660592255127,0.2517241379310345,0.1924851680949242,0.21815465072842735,0.5578406169665809,0.442159383033419,0.3173222755641716,0.4213800032492267,0.23615815953893574,0.37748128864301983,3073,mendeley,iscx,dqn,71,validation_fpr_limit,1.9269804954528809,5.947498500114307,0.0026233999524265528
4276,1324,541,5588,0.8409924119703299,0.8084490740740741,0.9117311143742862,0.8569894946706541,0.23642857142857143,0.7635714285714286,0.8376512714728575,0.8783613560065037,0.8992833834463791,0.5893085514536619,11729,mendeley,mendeley,dqn,71,default,5e-324,5.947498500114307,0.009873699862509966
4186,1414,460,5669,0.8402250831272914,0.8003670760976987,0.9249469734051232,0.8581592491674236,0.2525,0.7475,0.8362234867025616,0.8783613560065037,0.8992833834463791,0.6038877994713957,11729,mendeley,mendeley,dqn,71,validation_f1,-0.2162947654724121,5.947498500114307,0.009873699862509966
5523,77,5251,878,0.5457413249211357,0.9193717277486911,0.14325338554413444,0.2478825522303783,0.01375,0.98625,0.5647516927720672,0.8783613560065037,0.8992833834463791,0.08142211612243158,11729,mendeley,mendeley,dqn,71,validation_fpr_limit,1.9269804954528809,5.947498500114307,0.009873699862509966
0,1556,0,1517,0.4936544093719492,0.4936544093719492,1.0,0.6610021786492375,1.0,0.0,0.5,0.4291231990303098,0.2428200192166585,1.0,3073,mendeley,iscx,ddqn,71,default,5e-324,6.425762899918482,0.004014899954199791
0,1556,0,1517,0.4936544093719492,0.4936544093719492,1.0,0.6610021786492375,1.0,0.0,0.5,0.4291231990303098,0.2428200192166585,1.0,3073,mendeley,iscx,ddqn,71,validation_f1,-0.2209763526916504,6.425762899918482,0.004014899954199791
697,859,1171,346,0.33940774487471526,0.2871369294605809,0.22808174027686223,0.2542248346803821,0.5520565552699229,0.44794344473007713,0.3380125925034697,0.4291231990303098,0.2428200192166585,0.392124959323137,3073,mendeley,iscx,ddqn,71,validation_fpr_limit,1.9446377754211426,6.425762899918482,0.004014899954199791
4275,1325,538,5591,0.8411629294910052,0.8084152689415848,0.9122205906346875,0.8571866615561518,0.23660714285714285,0.7633928571428571,0.8378067238887723,0.8779982417985134,0.89914018250472,0.5896495864950123,11729,mendeley,mendeley,ddqn,71,default,5e-324,6.425762899918482,0.035419699968770146
4186,1414,459,5670,0.840310341887629,0.8003952569169961,0.9251101321585903,0.8582456671459926,0.2525,0.7475,0.8363050660792952,0.8779982417985134,0.89914018250472,0.6039730582317333,11729,mendeley,mendeley,ddqn,71,validation_f1,-0.2209763526916504,6.425762899918482,0.035419699968770146
5519,81,5222,907,0.5478727939295762,0.9180161943319838,0.14798498939468102,0.25488267528453,0.014464285714285714,0.9855357142857143,0.5667603518401977,0.8779982417985134,0.89914018250472,0.0842356552135732,11729,mendeley,mendeley,ddqn,71,validation_fpr_limit,1.9446377754211426,6.425762899918482,0.035419699968770146
