{
    "classification_report": {
        "0": {
            "precision": 0.9102384291725105,
            "recall": 0.9089635854341737,
            "f1-score": 0.9096005606166784,
            "support": 1428
        },
        "1": {
            "precision": 0.9312533051295611,
            "recall": 0.9322392800423505,
            "f1-score": 0.9317460317460318,
            "support": 1889
        },
        "accuracy": 0.9222188724751281,
        "macro avg": {
            "precision": 0.9207458671510358,
            "recall": 0.9206014327382621,
            "f1-score": 0.9206732961813551,
            "support": 3317
        },
        "weighted avg": {
            "precision": 0.9222062014615876,
            "recall": 0.9222188724751281,
            "f1-score": 0.9222121961196476,
            "support": 3317
        }
    },
    "confusion_matrix": [
        [
            1298,
            130
        ],
        [
            128,
            1761
        ]
    ]
}